2.234844670600278249e+00 9.820956170088403780e+01 -1.924318821951855329e-01
2.666650512034027809e+00 5.174072362919027768e+01 9.741136102566265720e-01
5.324329762121799092e+00 1.311797327611587960e+01 7.577757628446021299e-01
1.611752108222826108e+00 6.785765292837589868e+01 -6.280665720492543125e-01
4.555057670696953664e+00 6.023257811838763587e+01 8.326882759716064397e-01
3.158941936427476449e+00 2.952910456839905606e+01 8.118311985069185388e-01
6.308857184392160811e+00 7.220006156381731444e+01 -2.726218132037954156e-01
9.788843889237393014e+00 5.658134005285682555e+00 4.240569858611269449e-01
7.420365870277965126e-01 4.382607010049702545e+00 -9.853952782140923405e-01
3.732184831166144967e+00 3.179878099040614003e+01 7.620122599608011305e-01
2.187923080941096110e+00 2.562298657825895631e+01 9.470465485871781830e-01
7.552084274366334782e+00 5.889538181479054657e+01 9.306666208417195829e-01
6.924728567584907069e+00 5.532424463016970151e+01 -1.145800015949487161e-01
5.812118411572309462e+00 9.889052403552874182e+01 9.576502812862766056e-01
1.018600016818587806e+00 7.347912632078150352e+01 9.869956647263263827e-01
9.523108699129492649e+00 3.481102491480500305e+01 9.655663366108044876e-01
7.663882736948229635e+00 5.875255676894657597e+01 -7.550312005448933661e-01
1.977751667583795170e+00 4.557882279674026194e+01 -9.825353073173737073e-01
8.510398124122760422e+00 4.827746627349832664e+01 -8.724452838187594095e-01
5.312770827933803730e+00 2.073598430460519282e+01 -9.381096900370171632e-01
1.318298489270430363e+00 2.630212120376464924e+01 -9.512229779578061928e-01
4.615378929835291189e+00 3.637340942320673065e+01 -9.659212074373156875e-01
4.065790044223400734e+00 8.070056245633548286e+00 -8.921521742339529049e-02
8.359073397799637206e+00 9.831361321504323314e+01 -2.065202408204467599e-01
4.818243107180509632e+00 3.594336246644164845e+01 -7.424654681801504674e-01
3.135389487409018905e+00 1.102633896375842859e+00 -9.520584278301905679e-01
3.809125996778292667e+00 6.198784193842166168e+00 -2.901835043724004803e-01
7.838635924004491162e-01 3.882793300955509785e+00 -9.975906833572039112e-01
1.885596808692965309e+00 8.444648279537449298e+01 8.173332105984978946e-02
6.756764697064908676e-01 1.737413840654632935e+01 5.265465992556992436e-01
7.436719698401457634e+00 7.210508997648483387e+01 9.355588558539067456e-01
1.279260354264595279e+00 5.137425524232516949e+01 -7.085244567183309750e-01
8.451449544102025868e+00 7.985358536856507783e+01 -1.746594012668634122e-01
7.942025933604776711e+00 9.116019639154063725e+01 8.415890761427723410e-01
6.571021817808074594e+00 4.250911190097667713e+01 9.996752299245773576e-01
6.949067513444536104e+00 8.571966633624386134e+01 -9.308160260129892949e-01
1.041000296919788903e+00 6.762885991918550133e+01 4.230855906104218356e-01
5.260200823508530910e+00 8.419561199491046466e+01 -9.929717418333789958e-01
1.997340782506890289e+00 9.710259502882299998e+00 9.333825341019570399e-01
4.143383203847850638e+00 1.180584436785321678e+01 6.646013527933909426e-01
4.228175258044351459e+00 7.837159605272258034e+01 5.697320803628586061e-02
4.348638117126476743e+00 4.264360441503842480e+01 -9.013315058259944168e-01
7.497059272064084290e+00 5.317553894650254875e+01 -9.995089794778295733e-01
3.948320472463226594e+00 4.747381942642677899e+01 8.631288955452869338e-01
7.573803855314937827e+00 6.798139518924602953e+01 8.640310928223531306e-01
1.177383988032850493e+00 9.177011856159418812e+01 -3.864373848133727529e-01
3.961820084569916300e+00 1.518710232204886523e+01 -9.645860967341701731e-01
6.504016988597522975e+00 1.026132328674395566e+01 -9.550479746346867138e-01
4.497281688999132498e+00 9.509154639353275229e+01 9.928527145783434538e-01
6.511401305220973157e+00 4.724113134606457010e+01 -4.060481449057594394e-02
4.728164519432370483e+00 4.986537078823729985e+01 -5.788395125787966222e-01
1.543708792390411810e+00 7.093515115544235528e+01 -7.397000714982876479e-01
2.099608971437123550e+00 4.647928685934770954e+01 -4.110376305069773917e-01
3.307826583892997885e+00 3.871020383543621080e+01 6.606513287929822731e-01
8.034485523952559660e+00 8.275278877287181700e+00 -5.082103650248267490e-01
7.460852231997598949e+00 5.398882701427000086e+01 -4.774307909909730752e-01
4.306266208918297700e+00 3.602216863289567073e+01 5.756187983384992712e-01
4.893985628159026824e+00 9.159798432890580600e+00 2.145804093065971641e-01
3.911731042494665189e+00 8.020299334485423515e+01 2.801952943963816334e-01
6.028239824666086655e+00 9.369637703751988056e+01 -6.963318186253903974e-01
8.469978701395234566e+00 9.410102275776540637e+01 5.014806386569597985e-01
6.776218932596639100e+00 4.305079467818834615e+01 -7.335200194764183168e-01
1.094796568502603429e-01 4.784640685860998843e+01 4.400439158946687357e-01
5.894130705722008479e+00 5.896008812319200132e+01 -2.390322160735424140e-01
3.938654715698786557e+00 6.816673127784358144e+01 3.220222824604209166e-01
7.559747122633152516e-01 1.074376803784770473e+01 -2.248945737173464465e-01
3.620597488637519401e+00 7.198723520778128204e+01 9.961074121456561237e-01
4.472495757891726598e+00 1.957554350090014950e+01 8.086953998554520240e-01
2.351083397845396217e+00 1.964453172187682739e+01 -6.828483393899928977e-01
6.062888585472267167e+00 4.985366185029890573e+01 -9.327701016744774920e-01
9.875985505418023891e+00 1.215313366609697887e+01 4.037024103847288159e-01
5.468067609666150020e+00 9.739792378388268901e+01 -5.242648701659532451e-01
1.037670365853630816e+00 8.345585043828454275e+01 4.468264962180354960e-01
5.381144517152390172e+00 7.612101496054744132e+01 -7.498453184586927056e-02
7.671255993844390275e+00 6.710906065073177729e+01 8.769275156343274702e-01
2.382784861021701950e+00 9.969933727955064739e+01 -9.949155775786308054e-01
3.995852878697292443e+00 8.100554874324544130e+01 9.977964665274356992e-01
3.738026753264478419e+00 6.011771017724323229e+01 -9.799523104267438001e-01
1.550756770994790923e+00 5.752532694809364244e+01 9.604985642732514206e-01
2.025292560731726255e+00 3.027263272926926874e+01 -1.269965616327371483e-01
1.792718311756415606e+00 6.023105050338781297e+01 -9.752606115675542808e-01
8.386548137975569972e+00 9.564614016953856890e+01 2.116606568481120276e-01
6.740371779508675942e+00 4.242845917792799781e+01 6.145598232219664503e-01
1.840403588094911669e+00 9.394884410429669686e+01 -8.719338905072007151e-01
7.182540329555615166e+00 5.997188913435447688e+01 -9.013104600648852438e-01
1.694326271085542013e+00 1.223080179276362855e+01 -2.242172414272478043e-01
4.820152488248181655e+00 4.674853251773460272e+01 -5.410722398896534724e-01
9.519022477017540229e-01 3.856866682657899759e+01 9.358389153052465437e-01
9.167585717725968308e+00 5.767186452707265687e+01 -5.659317937139732857e-01
7.287097116462673441e+00 2.087404289922401190e+01 -5.058583884717331447e-01
1.226422021370782600e+00 7.135484959981236841e+01 -4.337933230961124043e-01
9.899465950616608723e+00 2.591637031508319211e+01 8.480210143679600687e-01
9.932218343289163087e+00 3.917501196790356488e+01 4.581668636629609992e-01
1.450667652838631083e+00 8.509806788324290494e+01 -8.693733143689401643e-01
4.195438512513036677e+00 5.424052247678857697e+01 9.988863000810310755e-01
5.938421834467394689e+00 1.352093439269274722e+00 -1.023101763002676329e-01
4.469755503196763513e+00 3.313596784234461268e+01 -7.986792501760315854e-01
4.045429203235615390e+00 8.331143842030080293e+01 5.326810841594639134e-01
1.457836916386770598e+00 8.109464915504643656e+00 8.451576487379495184e-01
9.612615512196422074e+00 4.501649142397995718e+01 2.937753337953418753e-01
6.851176491697239967e+00 9.091984459512289618e+01 5.046800882577230363e-01
9.143010060741170619e+00 5.071306272349887934e+01 3.720884656846212835e-02
1.337008112831572282e+00 4.638160405608751802e+01 9.874471028515234838e-01
4.793090768342752384e+00 3.265268326979569924e+00 -9.417531969173322803e-01
9.046958891895798160e+00 9.922843603448413319e+01 -9.986582994979167349e-01
1.153205260372208940e+00 6.827801765551180324e+01 -3.858803054631144147e-01
3.281423670782567026e+00 8.105132170156659299e+01 9.107833203628024066e-01
1.283722406168594510e-01 1.417943752188035766e+01 -2.238970777068252649e-01
6.839701386178767883e+00 9.919083161281072591e+01 3.620656916939311021e-01
1.201665151906735396e+00 2.811735825011858481e+01 -9.398737362708636800e-01
8.623688324161461471e-01 8.065377917842883448e+01 7.595971874168736537e-01
7.895245859250556109e+00 9.881385904451474289e+01 -4.537465680073537455e-01
6.202475697985896375e+00 9.871812422662230802e+01 9.997940288380390284e-01
8.815322987772077568e+00 6.417106817266508756e+01 -9.022543359088348591e-01
2.323180149265736461e+00 4.008973898222542687e+01 2.099692741302091326e-01
4.436892126610344711e+00 5.527492356437728915e+01 1.394836670318588302e-02
8.657118439436597868e+00 1.112294966585351208e+00 -9.760245634579898244e-01
6.161939243141916656e+00 7.629540393048378633e+01 4.629300875572481822e-01
2.768433901008334974e+00 8.411650637116984797e+00 -5.282726168625662133e-01
3.053762660801022211e+00 6.168426565326983280e+01 1.599559887877169961e-01
9.405438059087137814e-01 8.714236033565907746e+01 -1.331637363195599666e-01
2.611049836954911552e+00 9.898098118537485846e+01 -5.580612837512404223e-01
4.453668771488864309e+00 9.434912617025764447e+00 -7.544883588914192973e-01
2.460618425521284625e+00 6.537421396835145515e+01 -9.478998268242153635e-01
1.936744853078425921e-01 7.698869795516145587e+01 -8.336904268455463951e-01
4.139030278388060147e+00 5.663230199512006635e+01 -2.021775270578652917e-01
9.788823574142991646e+00 8.532152666131933927e+01 3.433219614070113362e-02
5.284701101320746552e+00 7.603796184945382208e+01 5.815489323863638482e-01
8.037603239882530559e+00 2.415864695897576908e+00 9.026146068655258592e-01
4.723490546158342518e+00 4.874160481841525439e+01 -6.570497281370057951e-01
9.553668386627125031e+00 4.728612343270497576e+01 3.815790605199896324e-01
4.543034538085861662e-01 5.139803971167786756e+01 1.928555780072642722e-01
4.647158456821764538e+00 7.536158928217730590e+01 -7.243373213244825859e-01
4.832114585222416991e+00 1.250146107965010067e+01 -8.574584288861747394e-01
5.002368416955270014e+00 8.909204134283480414e+01 -2.945825395080239884e-01
7.235061834754463739e+00 1.512175140502528770e+00 2.558688289096279836e-03
3.544276245973288386e+00 2.753406181828372823e+01 -5.224435848991438869e-01
8.523144528299701150e+00 6.059901743134475538e+01 3.805157712413996252e-01
8.367845857205567839e+00 1.523658832960876985e+01 -9.827057128651575102e-01
1.226486784847951927e+00 6.510042889063203120e+01 -9.653881454178164789e-02
1.377890037157620595e+00 3.755147158970592614e+01 3.376582272781173399e-01
7.344465123749959190e+00 9.015946102308640775e+01 -9.968156365193893143e-01
2.588220425541261083e-01 5.421500052296573813e+01 9.922552078313387480e-02
7.262314238374934838e+00 8.100747289657743977e+01 9.723121226227418035e-01
4.102648838449463042e+00 2.827325624523186676e+01 8.767565428395340810e-01
1.481811220926976258e+00 2.421552481413909064e+01 2.185047510491666956e-01
2.420920512429702409e+00 2.032600118575310688e+01 7.659898567398448765e-01
6.535279272908364412e+00 6.903992393410464956e+01 8.670771222548104840e-01
4.673365681080055012e+00 8.976214506230324730e+01 -3.122202591131217342e-01
3.976615916289421016e+00 9.897416836400635987e+01 -6.505095721973339629e-01
5.329639163345190056e+00 9.835292465257676042e+01 -9.858607898120259616e-01
3.807990082385320552e+00 3.568918736807403747e+01 -3.832905286139442341e-02
2.381148863546592942e+00 7.481493433241573143e+01 8.962985258766067442e-01
3.226594668970816926e-01 1.291403478805212757e+01 -5.187200871138906155e-01
4.581823090287151068e+00 4.899501185072023901e+01 -4.233021398290167103e-01
2.188388209630085068e+00 5.632719206614998342e+01 -7.646261669458146448e-01
2.495553744426078691e+00 5.899336424451256278e+01 -9.287892645103684730e-01
7.770071545233109944e+00 3.093391871841423324e+01 5.175112750761200892e-02
1.255770032361413602e+00 9.390000907393090301e+01 6.878009230336435964e-01
3.927975955929976504e+00 3.244693524092976133e+01 -3.989204154096326893e-01
5.600420785005738367e+00 5.796372044796695633e+01 9.797896772047408609e-01
4.935504163281466461e+00 9.215692034020676715e+01 -3.412947632586680324e-01
3.583878754416078838e+00 3.170640485115180240e+01 9.087047243776708028e-01
4.212415274524671460e+00 3.210172901157507397e+01 -9.891106360267168940e-01
7.887427905708956466e+00 1.481682177639890341e+01 4.190804764877460037e-02
9.472742655784211152e+00 7.201981223655012343e+01 -2.735373321074047182e-01
5.843561291704564731e+00 9.714900664905056260e+01 -7.297090278058534496e-01
2.616402366592166739e+00 9.411389045708712331e+01 9.311448475842512007e-01
3.370733640324708347e+00 2.206083352792321151e+01 -1.382855463751311853e-01
9.373525149906914322e+00 7.080695621057728317e+01 9.504635189699476294e-01
8.114970367647408978e+00 4.517597527721634521e+01 -3.068483340740581489e-01
1.552286255581755703e-01 8.944292045552866455e+01 8.298755482817989082e-02
7.002153717298932989e+00 2.761953754195475952e+01 1.231767559624631497e-01
2.613527957176700500e+00 9.905267426027253919e+01 -2.002173713684676504e-01
9.042494206369095622e+00 5.964055118543208778e+01 -5.926417927700259325e-01
3.181830641690647443e+00 7.627541726858257221e+01 -1.913165720682981352e-01
2.906482216792606099e+00 6.924432860894918917e+01 9.167372392019416116e-01
2.740800486550683868e+00 2.739159704871190826e+01 3.444900149251011734e-01
4.062710630037513759e+00 1.616236175179435719e+01 -5.429624829723597168e-01
9.637288226075897413e+00 4.556613078560751973e+01 -9.896460979681541703e-01
2.235194207854245552e-01 7.345585306971089778e+01 -7.923480180742307200e-01
8.744435640129957221e+00 5.000283304772328741e+00 9.942629698206382205e-01
9.423330904961755294e+00 6.790232235190320864e+01 -7.575941642783333707e-01
2.094257180486835512e+00 5.332462500164933061e+01 -5.781917763380128861e-01
5.640636704133163093e+00 3.528215861612962811e+01 -5.711224630145692593e-01
8.829780299915142905e+00 4.277082136805708501e+01 -5.759562796215629277e-01
9.312528361839175872e+00 6.669391472823092215e+01 5.280414819363733470e-01
4.045397299342288200e-01 5.287991724572304975e+01 -9.961098430105315149e-01
2.623928078699302890e+00 9.532790075881028713e+01 7.247188187918915947e-01
6.363210326389996396e+00 3.539995156878762828e+01 5.645888217608534543e-01
7.004789030397789773e+00 2.850070496200431691e+01 -2.859350366820961331e-01
3.539429893087743029e+00 9.354375035753502488e+00 -6.984805895790724417e-02
8.917631273973224637e+00 5.926089118098519037e+01 -3.819522746676285441e-01
4.778494445676134461e+00 3.485034970909743901e+00 -6.375117041340910840e-01
7.000976511342720698e+00 4.597917070829768704e+01 8.029619803274501422e-01
3.422921157404259951e+00 9.252668221646904101e+01 1.966415967999546044e-01
8.283808869001380026e-01 3.885430655227408181e+01 8.367637284741307191e-01
1.669225998061365068e+00 5.320090527928460489e+01 2.627271570502188180e-01
7.908565226442119567e+00 7.651035237941461276e+01 8.940787126407789831e-01
5.835767641701218977e+00 5.049883992721468928e+01 2.974514584160772857e-01
4.449308895051619750e+00 4.756052105329877655e+00 -7.064740385452696891e-01
9.000940979537801923e+00 3.349157055858194809e+01 7.906523024120818421e-01
1.570773547578299567e+00 5.557029988105372098e+01 7.146573195037937420e-01
2.609791361010549426e+00 8.986834844420211255e+01 6.256755012686482376e-01
5.947685940898929324e+00 5.257333513934516844e+01 1.671704180337240109e-01
2.069716211051834787e+00 4.401434085623014880e+01 3.049085510097953033e-01
7.227738093135120501e+00 2.343507150631856106e+01 2.489003743445982741e-01
3.641926610637882256e+00 7.770748040257623757e+01 -2.269308166056032972e-01
1.105090708237415759e-01 6.659501652287934803e+01 5.190289654072697267e-01
2.457681582745495419e+00 1.213608938515391067e+01 -3.013987636531468839e-01
6.120418778259550940e+00 1.906269730078174618e+01 -5.228971219374800583e-01
9.123528835342302301e+00 7.495202556465320853e+00 7.450285924348371003e-01
3.692959467479056457e+00 5.351019979913226976e+00 4.150974730840883420e-01
3.283412713106566461e+00 1.720290168814971654e+00 7.991060621725118995e-01
3.212005400327442306e+00 7.927755212194233536e+01 5.655148402057547791e-02
7.037764691651537063e+00 7.604041128961981144e+01 9.511108764355353795e-01
7.310339848483597969e+00 2.119417281829651856e+01 3.305931061979817676e-01
2.038827648338111587e+00 7.137625529149374870e+01 -2.589281594298754041e-01
1.497193081073690646e+00 8.008439519201455425e+01 5.470195342778048087e-01
5.802917753319877470e+00 2.853230433827171453e+01 -4.676606937340112014e-01
3.813776680835151422e-01 5.866163273704746217e+01 -9.674405817761619897e-01
6.104579425348575228e+00 9.050062019113143208e+01 -9.844050019405730101e-01
2.171262364109491916e+00 2.056271858384538120e+01 7.417143851472391969e-01
4.734335334123055183e+00 8.137561465866311039e+01 2.640830402939619570e-01
4.808657284241840024e+00 8.416988187882978423e+01 8.213539301871858322e-01
9.101572834956085600e+00 4.671268420803837529e+01 2.977478146491380762e-01
3.824613077092410940e+00 4.722957628922105044e+01 -9.951537067674270931e-01
1.664015005293248306e+00 9.165811530598597301e+01 -2.717798933813496687e-01
1.013601791896593829e+00 1.356814160106834777e+01 6.228364330418001416e-01
2.364760034001391453e+00 4.157433242816114927e+01 -9.132513374557080787e-01
7.778844488290207693e+00 1.185816623199901798e+01 -2.319201775525139286e-01
9.375237593595590724e+00 4.652800616359516539e+01 -4.001168354014458806e-01
7.655531163943873452e+00 6.763142456965907101e+00 5.841023614187526025e-01
6.871085109502959476e+00 6.194340559466359863e+00 -3.553272613067927077e-01
8.848946679169418239e-01 8.076695616516867915e+01 -9.999036245599163264e-01
3.566526091485646699e+00 3.703306223294842425e+01 8.122266221292089305e-01
5.776445260101012558e+00 3.700986952712931100e+01 2.927000781572215993e-01
6.846426452034175547e+00 4.284906722885455821e+00 -7.460953021447644939e-01
5.225656722547753041e+00 6.956918426364707386e+01 -6.501470310606811687e-01
7.642705674553837980e+00 3.079773431732476041e+01 -1.290507491400478546e-01
5.069814996051650979e+00 2.397146186922212152e+01 -8.957626098955925320e-01
5.756394051883627405e+00 4.674984488529406690e+01 -3.568901395489937345e-01
3.884809091509831891e+00 1.307456222382094957e+01 9.718912894038308492e-01
7.763925341560178772e+00 4.938684951058886696e+01 -1.993493138824930233e-01
1.172994982668270403e+00 4.782598687680763305e+01 7.023428976763209652e-01
2.356195541926292325e+00 6.057822574571705587e+01 -9.645799216139995247e-01
2.783769835961137584e+00 1.839157171010401726e+01 1.799297343906180457e-01
6.808874329441571227e+00 6.410942538775748289e+01 -9.998839580100171709e-01
8.795845350649566186e+00 1.687800318014229362e+01 1.088383917797942635e-01
7.636365068464366246e+00 5.955158183759947832e+01 -7.573737435524193762e-01
2.502132896728174849e+00 3.785124218769353632e+01 9.842168598760699938e-01
7.557591052997151948e+00 3.840656267430273374e+01 -6.793151702209413445e-01
5.379008352411322136e+00 9.572263626655814051e+01 8.757524880029904368e-01
8.530027157202681565e+00 9.372816280009472223e+01 -5.465030028374192814e-03
4.763395891209570188e+00 8.409502962109085900e+01 9.263900729799164901e-01
4.791993430589990943e+00 2.721386309626774391e+01 -4.574580807769608182e-01
4.260835160140060474e+00 4.538711744073035703e+01 -6.986569712447455727e-01
3.346401034691014242e+00 2.985258127122754956e+01 4.590188852305249201e-01
7.821965909407079032e+00 9.292129160470678073e+01 2.462001809632576033e-01
8.209486675102258602e+00 7.269936604802498437e+01 -8.611769207589098710e-03
2.153491843902536562e+00 3.909919150600593696e+01 -9.471493018307441947e-01
7.978072902591698323e+00 4.427078150985328620e+01 5.216076112982397095e-02
5.900918954459334564e+00 7.053287445216214735e+01 -5.879115675681778619e-01
8.903576807536831339e+00 9.434294971741610425e+01 -7.666209083304352800e-01
6.114917966144780337e+00 5.397463305241257103e+01 -7.358273005974724779e-01
9.807067914773756057e-01 6.157491775877799967e+01 -9.444753232588894987e-01
8.291609250577456791e+00 5.566767503915487936e+01 -4.834025449259222174e-01
6.234814210707770421e+00 1.509473894073519418e+01 5.483833025454872834e-01
6.704435029953185854e+00 7.135496429122699169e+01 8.515737842400298296e-01
5.488294984740276661e+00 8.899382902983467147e+01 -7.256225873222059697e-01
2.465850808287436635e+00 2.713180259885006507e+01 8.589292979790991156e-02
6.598695814200998377e+00 4.584799912514503362e+00 3.811828000163258179e-01
4.145225970912650437e-01 6.610059807664904952e+01 -2.473702998943006215e-01
1.793276065942938757e+00 3.715573663958208073e+01 -8.938700087137554373e-01
4.392718328003623718e+00 4.331798560343271021e+01 1.021987191678680323e-01
6.740846381896385964e+00 4.626017980831343834e+01 -7.830004839710602571e-01
7.354967776026713366e+00 1.574930174233928426e+01 -4.977125169602912291e-01
7.906821742308685508e+00 9.387627332594115614e+01 3.742140884883612406e-01
8.904218452659021565e+00 7.783448864449327687e+01 7.789984396451684612e-01
2.092068101855022899e+00 9.737635296354972070e+01 -9.775998844008586264e-02
3.460325688303516944e+00 5.257984687083103736e+00 8.750147271678544447e-01
8.097897381089918412e+00 5.645875434286035954e+01 -9.948671510806544882e-01
7.584838171967692722e-01 6.128960412430953397e+01 -6.719311434329154897e-01
9.461354205908808268e+00 3.271868668953428738e+01 9.813103125711953867e-01
5.063831521271666691e-01 7.301140895916108775e+01 9.174120542077202067e-01
7.697253111212326360e+00 4.011657940061829919e+01 -9.565134638543277834e-01
6.287327218707008392e+00 6.559789199003405713e+01 9.996792807036759543e-01
4.014401650513530484e+00 8.047793181650810368e+01 -8.528125198087868064e-01
6.424686808807833494e+00 3.507533324455732071e+01 9.246682630192486485e-01
3.244681877180421559e+00 2.356398611331362858e+00 2.736259464309972467e-01
8.937957359115225486e+00 3.169693271519738786e+01 4.401273882296720397e-02
9.441176590166943328e+00 8.712093269153882602e+01 -9.658231872530808060e-01
7.303108499518789820e+00 8.754932501041245985e+01 -4.837662205885104316e-01
8.551457444258092622e+00 7.955675117983021494e+01 6.564880991214073758e-01
3.381242922832746745e-01 5.568260744289488429e+01 9.553272625180054822e-01
3.583418891378828075e+00 4.912532090819561148e+01 4.420162382340300233e-01
8.591036546206876068e+00 6.658297856639237011e+01 -3.282746617973927306e-01
2.452724692719427058e+00 9.224568441499862104e+01 2.330055365082596419e-01
9.125489580895100872e+00 1.011836003554170738e+01 8.890666475586072037e-01
1.150099734179776290e+00 9.727493388700824539e+01 9.947161234796668694e-01
2.221887431311751815e+00 4.925235338379660277e+01 2.012855704617005081e-01
9.344110630306122545e+00 9.300233893814966279e+01 9.401750314876584913e-02
8.658402085681554894e+00 5.142672798879459606e+01 -8.517804905773543878e-01
3.993881307573299733e+00 4.950328276669754501e+01 5.915035307638260020e-01
8.450194195174044465e-01 2.538963039937394583e+01 -7.877758503687851688e-01
3.446312026108127924e+00 5.120268291120137150e+00 4.041555592494103788e-01
6.519642011406165061e+00 6.545564686057436177e+01 -9.935204666593183687e-01
6.904726605576162690e+00 7.179736556652744639e+01 5.275199053791653769e-01
1.226611049577403190e+00 3.145811413001659318e+01 3.229763251281622671e-01
2.618581196315017401e+00 5.913944040526640578e+01 -6.012622002627008300e-01
3.598845481315620987e+00 2.086353870526787091e+01 9.709777448539234079e-01
6.215143371612065870e+00 1.689593235717422459e+01 -8.803698232679251223e-01
8.516704021759167631e+00 6.421559555149401888e+01 -9.602170127414229039e-01
2.490683840602399890e+00 6.795156630674951259e+01 8.297036513016606829e-01
1.448265294737576536e-01 7.305748192005803787e+01 -6.358831634080566175e-01
3.643299865689347605e+00 6.450820943246843342e+01 9.739932777299282751e-01
8.707373985931152305e+00 3.088664930351646376e+01 -5.847906480602937940e-01
6.659920624160974079e+00 4.003096783881228049e+01 9.807793733259194680e-01
7.332815384160451089e+00 1.984564341715276470e+01 -7.215987956190935693e-01
4.293208015918807519e+00 8.477725382359601269e+01 7.941385349297478413e-01
5.772858012337813705e+00 2.538087517492351353e+01 1.930683652286991070e-01
4.309480692625962561e+00 8.121005260168440998e+01 4.485597445059772981e-01
5.262816777899620435e-01 6.147933073611243060e+01 8.764273054190718781e-01
5.693315833512738067e+00 6.018722403988060421e+01 -4.723648117882674469e-01
1.271732978031628658e+00 4.954277048566528663e+01 3.698997727597628793e-01
1.457958558270421312e+00 6.084005849613217976e+01 1.017814671794883274e-01
9.224070185689544843e+00 7.230616287915211160e+01 9.865188530823246760e-01
3.345348328024054130e+00 8.544980670283409552e+01 8.605819934523594172e-01
3.768814794130330270e+00 2.163029751101516851e+01 8.651770482399814277e-01
7.354360595348315321e+00 3.114642399721264709e+01 -9.972970057162693358e-01
3.766417381426225841e+00 5.559508068108541323e+01 -7.025630531293349801e-01
2.627311013957369656e+00 3.945141308602914165e+01 -9.911406463229132102e-01
6.877219519420948224e+00 6.884986782398340210e+01 2.570314089655398870e-01
3.765260459661129433e-01 5.305712680373403600e+00 -4.401786542668467139e-01
8.580774915189881114e+00 9.453252034074876065e+01 -7.089610454105026681e-03
1.857021467794072844e+00 8.881235036029423213e+01 -5.600966008462444634e-01
3.410524997663898272e+00 4.383908989515142629e+00 -7.798289609646987808e-01
6.025261835443632918e+00 8.679105320733286533e+01 7.700783623658155053e-01
4.866783401782845075e+00 5.265339982577758349e+01 1.377998448980549684e-01
2.169171066517795232e+00 1.051748648886854731e+01 -8.592705609281183765e-01
3.260124248352375353e+00 8.750226271975972736e+01 -6.154838756161816471e-02
7.543471173745211367e+00 2.864997696355127133e+01 -6.257339868193027010e-01
1.159255524719982944e+00 3.541727511134556750e+01 -9.945043807738680464e-01
5.889254467295165441e+00 5.696915470393883396e+01 -8.869229155439187773e-01
1.779518334500543419e+00 6.766919990844300514e+01 -5.803662462597836136e-01
2.878337478106945957e-01 6.721703575884504289e+01 8.698942761967135562e-01
7.550826249600130602e+00 3.495807865355122601e+01 -1.754775484018307186e-01
2.619786461867958494e+00 7.270468186203947880e+01 3.782823367240541468e-01
1.238620437280587572e+00 3.229552701180305352e+00 -6.360094178225719208e-01
4.483741672875290796e+00 2.919088492762489828e+00 8.992663527901506582e-01
2.077229193765456117e+00 9.879371994666533396e+01 7.715062478496550469e-01
6.302383371880323715e+00 8.283193141907617019e+01 -9.198602966461435493e-01
9.393615627231541865e+00 3.993118306395859207e+01 9.848247939856611399e-01
5.550666902982213102e+00 7.642284785131278291e+00 -1.761189865095027507e-01
1.397804640440557522e+00 5.854573236984222717e+01 8.225048700944241897e-01
4.940503514516473293e-01 3.930533279424771109e+01 8.130079520574682306e-01
3.453281864385826072e+00 6.558836533522477907e+01 -9.984314180859473753e-01
6.650769209840883711e+00 9.438297590071467624e+00 9.859612495934874099e-01
7.904796482707495464e+00 5.645847719829355071e+00 9.516367556691233132e-01
8.532810961712241848e+00 5.016050353557915287e+01 9.880366902845099109e-01
6.641212581318308494e+00 7.647578129071897024e+01 -9.402594961373137439e-01
8.581197294269752973e+00 7.928841421689222102e+01 -8.062344166992577721e-01
4.333284167927256014e+00 5.138544381133737460e+00 -9.656694085541966954e-01
6.438049097204326721e+00 8.187289933725857338e+01 3.732367090639510665e-01
2.528337293980792211e+00 4.340427785917768944e+01 -9.586270947661001962e-01
3.747653190612250551e+00 8.253191670081942277e+01 8.642302288304107849e-01
5.157492324880740497e+00 5.373043699913083060e+01 -4.345690870258897553e-01
7.366619343015504029e+00 8.059656991210349020e+01 8.720447972425016125e-01
5.024382451611616673e+00 5.914259648265645808e+01 9.681835985891079632e-01
9.075927858924494274e+00 7.951317455858891492e+01 5.372991162644236152e-01
8.412779694631517202e+00 6.277856176924176168e+01 -9.583769300671199920e-01
9.090378954620843999e+00 9.483403095580868580e+01 6.871531432762358893e-01
5.727674730596069352e+00 6.911206994999876230e+00 -8.312010939209605320e-01
4.732940137425328153e+00 5.066024250834567511e+01 6.176012919116167232e-01
4.844426134351448532e+00 8.094858874035313079e+01 -8.340636289801842684e-01
8.163323446365609470e+00 8.400078137630225683e+01 8.475882927767015573e-01
5.138362640320514707e+00 3.787321614186831198e+01 2.860978753646750694e-01
7.683526541929474263e+00 9.861397468440812020e+01 -9.851160191683785428e-01
1.811597516728643553e-01 8.381854004486677923e+01 -8.267961392274566501e-01
2.624833670135942043e-01 7.403533846977745725e+01 8.391397731149776718e-01
5.221803579999376943e+00 2.721759825936787891e+01 5.750396756479023846e-02
6.924178370019904882e+00 2.495263307287718035e+01 -8.456062008608238312e-01
4.463997013295731620e+00 8.416882939118629281e+00 9.480237302232455976e-01
5.547714374264143267e+00 2.386009805913142756e+01 6.728081753097425732e-01
6.203974265770007435e+00 7.207391094051752134e+01 -5.694311517464607508e-01
7.469206858980980357e+00 9.755338391855741520e+01 -8.702161121531786225e-01
2.345902456039518302e+00 5.165991124128751721e+00 8.045207756251393505e-01
7.799196880073782978e+00 9.032185318416431130e+01 -9.998969343138620625e-01
8.923173492162142395e+00 9.475648289681919323e+01 -9.978118841766263625e-01
9.544989546212556686e-01 8.756556345739863900e+01 -1.945513057766456722e-01
6.694095539945170259e+00 8.417257295303488718e+01 -9.996467660566945579e-01
8.659062180138514364e+00 9.909065627139445098e+01 -3.168369632268273617e-01
3.053061615870722001e+00 4.092863000941490981e+01 5.303314628392853392e-01
4.751272878272440714e+00 3.911705409423070989e+01 -1.857667367171089157e-01
1.983985689250110207e+00 3.326982717487170760e+01 -8.604975063864388485e-01
6.456267529371400471e+00 9.323183155392227661e+01 4.119259501472327667e-02
1.313967891735961402e+00 3.855078653739116845e+01 8.196886387171701260e-01
8.836873831395388734e+00 4.399691663418178678e+01 -9.940665195915225905e-01
1.254803851105723012e-01 3.715241272722240495e+01 -1.798607945137721265e-01
5.149738872781339794e+00 6.539445732958523649e+01 -7.545304800196190875e-01
9.430264056626176838e+00 4.382029396766770191e+01 -7.855003733496200846e-01
3.047086504654036077e+00 7.494201699429326879e+01 7.732247363769066684e-02
3.383313951682759058e+00 4.723726341981560495e+00 -9.756366215313673207e-01
4.873371989293277196e+00 9.343471343362789128e+01 9.567884293180485278e-01
1.142467038824426684e+00 1.238955152390660785e+01 5.379415056363134884e-02
3.862294501985926054e+00 7.393103346188631519e+01 9.513957168503522910e-01
8.851966033591418537e+00 2.033952345614559576e+01 -7.173947783182198501e-01
5.819867493635512368e+00 5.581102286595162099e+01 3.887311346894109509e-01
2.661575988557068673e+00 2.465498169041614673e+01 -9.587139972869215265e-01
1.753853121628678569e+00 8.573108420776463845e+00 -7.729665050725574860e-01
5.588306660813734617e+00 5.686965381874733794e+01 3.553304172382755199e-01
2.473465464121756607e+00 9.522391260715541250e+01 -5.810421281725618448e-01
9.934879681266099993e+00 2.728091593710268370e+01 7.288456907294799114e-01
9.035694037129289313e+00 1.507948685635550490e+01 -5.622582440720427233e-01
2.716409569876928387e+00 8.593726528251235663e+01 9.965129339265481612e-01
8.144157267108896647e+00 6.660106814039893663e+01 -9.837588608919167754e-01
4.398962373723196428e+00 4.024408933795250931e+01 -3.499896740346167268e-01
8.072995671350954083e+00 4.838174086175635935e+00 2.290595738816971760e-01
1.592306804172727075e+00 5.257672445690649710e+01 3.915902518231534346e-01
6.187858733919779475e+00 2.361204342500685982e+01 -9.950704409226512892e-01
8.672310772222676434e+00 4.252002305284313621e+01 9.255910565084652930e-01
1.750861991984640431e+00 7.453853339455022819e+00 8.684253666800937355e-01
2.692188506836853401e-01 9.664339165012965793e+01 5.310827198938453675e-01
2.659037055125095250e+00 7.054267074374295987e+01 -4.534102556962889552e-01
3.960671297122487777e-01 7.615863587946526536e+01 3.851484509286429159e-01
4.558661846944281670e+00 1.972644393544130281e+01 8.553094527521006851e-01
9.396873846991590895e+00 9.411573775344290027e+01 4.120696302584034854e-01
1.589891412723277997e-01 4.502574789091146101e+01 6.202081858647068291e-01
6.719097599573659707e+00 9.873581202032079318e+01 -7.349859511036909154e-01
4.020886108913980017e+00 8.141230760788772614e+01 -3.332454063208860062e-01
1.962374875454199641e+00 1.210643295532084629e+01 1.363774077545473751e-01
3.730981283105808011e+00 3.963599467427339818e+01 2.902077767001473019e-01
8.840998797925117003e+00 5.564565107447338477e+01 -7.236930708412616653e-01
2.979774685871081630e+00 9.880791600095426475e+01 1.892499211710896856e-01
1.008850070378305652e+00 5.812840583343123768e+01 5.586815524743827810e-01
1.513908514482924295e+00 7.019904673761504910e+01 1.736677670605561163e-01
4.060040295874179250e+00 2.911389703848899391e+00 7.061417033191199621e-01
1.538954584515780821e+00 4.883351577263965737e+01 9.926697234326781194e-01
3.049600939528748889e+00 4.968360349788629549e+01 -2.942169779748894376e-01
7.211572634951335381e+00 7.562199793811926440e+01 -2.093471839010044022e-01
5.074639687450039460e+00 2.253295232835789363e+01 8.425478529016896534e-01
3.391199317014155223e-01 3.345995333995672638e+01 1.940257824748116977e-01
5.752099580028666281e+00 7.738266495072402051e+01 -8.989892466101648827e-01
8.770951522453888316e+00 7.013652726282494143e+01 -7.219811726819882480e-01
1.539110124237325961e+00 6.707023944845639107e+01 3.674212146889999642e-01
1.485257452447279469e+00 4.576456559289311343e+01 3.996422231701182159e-01
5.431822033543924455e+00 6.954307435900207679e+01 -2.041876788939793463e-01
1.985747458161944312e+00 4.113368547484785864e+01 6.936068442835023884e-01
5.003570313453095331e+00 5.366818218024120313e+01 -9.144179422777836130e-01
3.671324552018225607e+00 3.533200818214527317e+01 -8.394254160761304151e-01
7.376405292476239772e+00 2.637104025561310650e+01 9.864297987533278134e-01
3.428213502832590520e-01 8.137567437427345851e+01 -7.647784393460952401e-01
4.501510877910239294e+00 9.025000672360557985e+01 -6.775162856262642030e-01
8.885868717123731386e+00 3.924048870722269555e+01 8.789373666857880352e-01
8.110845335111148691e-01 3.276082488564112793e+01 -8.232459866329618070e-02
4.154485118367615470e+00 1.102898187247559925e+01 -6.452103663765044184e-01
7.934290598778233949e+00 4.254592695108183165e+01 5.930819521406310857e-01
9.888457070107754987e+00 7.947288523805046623e+01 -9.220860655572179487e-01
7.820093247272861703e+00 1.541643508565554654e+01 -2.391747739562026520e-01
7.745181679836195876e+00 9.367474805519624681e+01 -3.787419136709335721e-01
9.009586930865555843e+00 2.779267556578035325e+01 9.032228273632672000e-01
9.194058998065031574e+00 7.579224670756389060e+01 -8.374061433532828946e-01
9.789488657384515236e+00 1.767311991474170441e+01 -9.764300525374991491e-01
2.047250851147866424e+00 5.958260749639606502e+01 -9.981194956104312288e-01
6.158262981683489734e+00 4.302606953746893481e+01 -6.921496635702273359e-01
5.653666468770201625e+00 9.029763810341037811e+01 -7.769305933518191876e-02
7.570796403987904100e+00 3.569147439181615056e+01 1.200352104075793763e-01
9.154523752663637381e+00 7.171771889218113927e+01 2.734312422502151452e-01
5.974218880715389979e+00 1.318525035623172803e+00 -1.706489825839734714e-02
7.972777691373686970e+00 8.912386866944856934e+00 -6.079357267902341100e-01
8.653553087682821499e+00 4.768340187020091037e+01 5.885876702254330128e-01
5.051029531515642823e+00 5.922770793426587943e+01 -2.434511165584047343e-01
7.801586549861085018e+00 6.217631310203075401e+01 -7.692845227714872891e-01
9.569109479150846198e+00 4.835820613743230467e+01 -4.997629204505491529e-01
7.884426709969292624e+00 9.372922800968252943e+01 2.165680164690496345e-01
8.410053421323913980e+00 2.059141461215823199e+01 -8.633295284230351196e-01
2.563608392193616137e+00 5.640530551285831962e+01 7.654605061475231453e-01
4.619663080413611844e+00 4.598309933709573727e+01 -9.214042683255844191e-01
1.895921015929462383e+00 9.297780676405341183e+01 -1.852105748622889514e-01
3.552788153686311734e+00 3.821756452884556410e+01 4.939946974648570799e-01
1.785262817872997676e+00 4.314117107469613899e+01 -6.766278873770058180e-04
9.301583659628571255e+00 3.712022017384978056e+00 -9.397081022738756895e-01
5.898991510402129990e+00 5.323499758427699291e+00 9.765869627989326451e-01
4.113972081194135377e+00 7.380596341409862760e+01 8.599514632874333264e-01
4.853695951332516856e+00 4.623566252236594565e+00 -9.173027087090005471e-01
1.012566803276936156e+00 5.439445374978991055e+00 7.011040580052163573e-01
3.598087809121221614e+00 9.941958131644398122e+01 -3.958796301437294551e-01
7.416271610525759783e+00 4.744680076874261943e+01 -9.881468469386971432e-01
8.554468464256052229e+00 2.131093174561360115e+01 -8.283272222594283418e-01
2.438151075097565901e+00 2.915418249761439995e+01 9.439331171512109486e-02
6.315756987677042744e+00 7.729475326383510492e+01 -2.569342026973766013e-01
8.616849321843698561e+00 8.280084054294346174e+01 5.730589902502689625e-01
3.934079394615571434e+00 5.479150919608763814e+01 -2.846617032283326743e-01
1.186358766776444695e-01 6.537557653283502646e+01 6.086835335206390585e-02
2.828815700270867151e+00 6.682656945480553645e+01 -2.837865291864617445e-01
6.053618227333969593e+00 7.742636898758402708e+01 -8.672558885670561546e-01
1.837680070320214076e+00 6.546826799321425483e+01 2.218234913587938117e-01
1.774903092030543528e+00 1.430991959044093420e+01 9.023844220792816007e-01
3.673956285672544730e+00 6.083681067772693751e+01 -8.086350632206599220e-01
8.485111193855416900e+00 3.629734170549893690e+01 9.810251426573575184e-01
3.849558905830145150e+00 1.812675255007194508e+01 -7.688215461007765796e-03
8.685834498452109642e+00 8.510992634920222599e+01 9.356724355698594134e-03
7.287886112782255843e+00 1.116379739833699247e+01 9.469182151276726023e-01
3.032997490856219613e+00 8.375079264395371581e+01 -9.867130206929772829e-01
6.885600513391788802e+00 1.730570638639786996e+00 8.660223908595483522e-01
6.955801548875562901e+00 1.626217313178366908e+01 3.600881778672297417e-01
8.250797525602164839e+00 6.720400120794566590e+01 7.209131882948296433e-01
1.164509830085009634e+00 6.508216122471147003e+01 7.787964170916045203e-01
9.011766766494025305e+00 8.483983236391591731e+01 -6.324125757126095593e-01
3.167812213120652753e+00 6.219977662124269813e+01 9.995710576051085594e-01
4.033972826508438914e+00 2.258229575805286160e+01 5.412667406268148462e-02
7.702399105284964520e+00 9.374944830043897070e+01 9.786303652894615679e-01
3.930810119515629530e+00 1.266029205106028144e+01 9.573045776426211129e-01
7.513487400983143161e+00 3.025469280424819729e+01 -9.974163467064074418e-01
5.508046751625736093e+00 6.823172123607915296e+01 -8.547518459541342262e-02
7.137430539119179684e+00 2.534652579093261338e+01 -4.496075101478032576e-01
6.406147757641559082e+00 6.145648908778081676e+01 -9.955455263248547126e-01
8.520185800466036241e+00 6.887346902806429227e+01 -6.373940075435137187e-01
5.856651985073256128e+00 1.946052085991077973e+01 -4.379949525685684075e-01
2.385014968341927943e+00 2.669964539910703039e+01 7.765572201990810219e-01
2.517864935785850466e+00 6.290301073942595167e+01 8.571958168416814461e-01
9.190351278563266391e+00 9.704941637085718753e+01 6.496382663720677575e-02
9.419517118497921615e+00 9.596538436685897011e+01 9.692653345022413935e-01
8.415119043882908656e+00 5.556319957576310742e+01 -8.679589454645527669e-01
7.220489482523086089e+00 2.083290477844850130e+01 3.954474293140782248e-01
4.859212770510359380e-01 3.372462524854435539e+00 -7.736694609200030215e-02
8.195117780913194760e-01 9.398350407703733822e+01 -8.904244234981366635e-01
3.775046294542359071e+00 8.208197967641528692e+01 -6.880843229372197722e-01
8.461680591299575838e+00 9.361671058704668269e+01 -1.054511795262859791e-01
8.159122636079789714e+00 8.259913292394531936e+01 -9.031672996978287182e-01
6.729229891623387694e+00 7.798281593405695844e+01 8.268654036010638642e-01
3.556999343217638110e+00 5.398664995718733906e+01 5.345500752247196452e-01
8.388056168469134377e+00 5.902607469025142706e+01 7.540375371287624251e-01
5.282779941805788582e+00 8.266090650692596853e+00 9.998948869604966649e-01
3.644535301004617533e+00 2.025685834224040960e+01 2.994013362768429554e-01
7.766706662187575105e+00 7.439143484372597470e+01 -9.692846253607110274e-01
5.411706906517235183e+00 6.633061241699213184e+00 -5.738779302115234321e-02
6.509169186711081245e+00 1.583599747275832570e+01 -5.191255878946108293e-01
5.989314891588345624e+00 9.955414437115931037e+01 -4.982643571232934221e-01
7.584435766909341403e+00 7.580282299726546569e+01 1.459349485346047269e-02
2.636916621235634750e+00 6.942872236789136231e+00 7.476865772654408548e-01
7.445980818500615328e+00 2.296746492021007313e+01 -3.569398742188144014e-01
4.551360334310313505e+00 7.207367409496103505e+01 5.050155800688472807e-01
4.745284200428406152e+00 4.652545141118595851e+00 -9.685831096667345541e-01
3.045821328272138029e+00 1.793287392921373069e+01 -1.457518759214895994e-02
1.950841492736932858e+00 2.084619755752600945e+00 -6.031770772246928258e-01
1.633086193186580770e+00 9.560926489465067846e+01 -5.355753486775458594e-01
8.114288321010306504e+00 4.452293273068682566e+01 -9.849961935808813074e-01
6.037069022758261738e+00 4.352792149743221017e+01 2.787436956662341370e-01
8.354270605281124418e+00 1.379316948875480975e+01 -9.344282574307126721e-01
9.223909235353499048e-01 5.771401458171904153e+01 -8.618241971120574885e-01
1.251239159951054392e+00 9.661196324516282630e+00 9.089711093034510414e-01
3.136377763427609988e+00 3.149191171686065971e+01 3.644755568666481205e-01
3.857675932292599530e+00 7.777991377905834725e+01 3.500231052133487286e-01
1.483331460822929548e+00 5.771958262308793763e+01 -9.598842372442414339e-01
4.693931820944189148e+00 2.875976031049720660e+01 -8.863958154731666622e-03
3.290283187693393563e-01 8.976592776515829541e+01 1.268837846893033361e-01
4.983473352018258140e+00 1.143330113570771633e+00 8.839081917885908135e-01
1.039008006911251503e+00 9.038680200696880718e+01 2.159850760739014941e-01
1.571804683039796702e+00 4.046446375019534258e+01 8.250963314707335794e-01
8.483671541354311785e+00 7.180392253912992828e+01 -9.989613969346433642e-01
4.324416174194499085e+00 7.216435913420670545e+01 9.191990700391395874e-01
9.960955940063723757e-01 2.657448212028516821e+01 1.910104435852235660e-01
3.971550094274388432e+00 7.915367819162358387e+01 8.280467304780340099e-01
9.331321945937784079e+00 7.044714630997420102e+01 -1.282338023093571311e-01
8.599306678548490623e-01 8.570137083574775261e+01 8.831184356341483799e-01
9.057822371818311069e+00 8.890437573864299736e+01 -9.979297594547226202e-01
5.882725441811267331e+00 7.412958212649954248e+00 9.241496019787937000e-01
1.901149899958119116e+00 8.971227740730547850e+01 8.559115355770799960e-01
5.158314717378273073e+00 8.717990048050687335e+01 -9.990501853387415698e-01
2.489715699963005235e+00 9.010834039027260545e+00 -9.246285877290966182e-01
2.039045406454985887e+00 6.871898598756953191e+00 -9.818901008102093320e-02
5.531445481592649926e+00 5.397498410654538503e+01 -4.748565394358516406e-02
9.413805440676222602e+00 3.968603302089594820e+01 -9.651091263569371304e-01
9.434944509819114700e+00 2.241465890175465248e+01 -1.517244092084060469e-01
5.721712010166551288e+00 7.165797123564708215e+01 -9.789881978972215792e-01
7.781787037856432221e+00 1.407114049740456174e+01 -6.997130857118316616e-01
7.201441112242108034e+00 7.195015140911149842e+01 -1.500668054356645020e-01
7.445079804162670456e+00 3.726393221908382003e+01 -4.003265732846798819e-02
5.540379334119362120e+00 9.306927220075401408e+01 -5.467564162564972907e-01
7.975760750368213081e+00 1.068075867024484893e+01 -4.690542252810742663e-01
4.724872249339916230e+00 4.822698662547919213e+01 -6.279254338374177236e-01
6.765781073855750449e+00 4.471654606275242827e+01 5.763210398977320903e-01
8.489087879533519398e+00 2.867065668339798279e+01 -3.576149474497343217e-01
8.320077372150368689e+00 4.930012399669220713e+01 -9.964482238656897639e-01
3.747910138267027680e+00 9.779179507414836792e+01 5.171523129695023702e-01
4.010958251945375252e+00 6.383807681639287246e+00 9.845893815758067769e-01
3.841206865676479509e+00 3.739035846286022480e+00 2.729881247555500726e-02
6.217779169454400900e+00 5.127474328125392589e+01 4.982869549304450585e-01
1.331128905547185548e+00 5.767704528283956478e+01 -2.493286100522033311e-01
6.346923935731336286e+00 5.098023164009183716e+01 -8.898279988548646324e-01
9.765368550369149858e+00 2.410319586891269239e+01 7.064762355482894218e-01
6.773316617411345497e+00 9.671714871056467189e+01 -8.906267797457839697e-01
1.601556414993830835e+00 3.284697694551149283e+01 -7.278888237854185261e-01
3.190971305042753503e+00 1.987008461278148985e+01 9.992281851569805307e-01
3.491212865537691723e-01 7.576143756519029715e+00 -8.954736712688710076e-01
9.945671161326913534e+00 6.234942938872634954e+01 -5.356212039411452075e-01
8.487856196911302220e+00 3.185472493678877726e+01 8.342654958031204826e-01
8.677795909703624133e+00 1.284217122813787881e+01 -2.818305052006742639e-01
7.673240423372928554e+00 7.499826842126947213e+01 9.791293732509319669e-01
4.855782108950098319e+00 6.082511720188479742e+00 -3.765902214677430693e-01
7.359794771266721547e+00 4.856794712836470040e+01 8.437415171481728038e-01
8.615377858595939742e+00 6.871388121062564380e+01 9.979972358352626749e-01
3.296780338753491524e+00 3.590793979807288139e+01 -3.705432496641561935e-01
8.849562681424165689e+00 8.136431320405495882e+00 -9.941982331600942580e-01
3.640548134351786924e+00 9.321253929276895178e+01 -7.981900569490238961e-01
4.115249469200301213e+00 1.513380766260311461e+01 5.259009950070661077e-01
4.543973768379958589e-01 8.726098392318345986e+01 1.879944301560517450e-01
6.590161661100389923e-01 7.532685174262763894e+01 6.803345181199594860e-01
2.489452273384964442e+00 8.736452594783420977e+01 6.529905395639206134e-01
8.117252652341093722e+00 6.487904209276501888e+01 -3.881374031196610508e-01
6.717574640385230111e+00 5.385230420678574603e+00 1.960911974371707112e-01
5.975484263297016874e+00 9.651908027985105321e+01 8.137354950130039066e-01
7.271155159888192721e+00 2.424988934787979744e+01 3.730299064409362542e-01
5.171647364527248492e+00 7.134342635893608531e+01 -8.973893238995112043e-01
1.183876445471483185e+00 8.372027958016172988e+01 2.828097502409582797e-01
4.728614975805091269e+00 7.884960328565063037e+01 9.879022137265857095e-01
8.150503368245894720e+00 4.800900689384638653e+00 3.991647667394762622e-02
9.465078400803651704e+00 6.516603028768940931e+01 -4.088058101323153171e-01
1.305603090884253525e+00 6.952598239195745577e+01 -5.874056035154274769e-01
3.508606677127149798e+00 8.823311285038479923e+01 -5.051805227181370705e-01
5.692764462879329912e+00 7.319011583783287733e+01 4.900922426198724841e-02
5.441166447853819754e+00 6.938193903216979663e+01 9.804200164082784719e-01
4.643520340303770588e+00 4.682488738227431924e+01 -9.371198029163898546e-01
8.268630228013613248e+00 1.221091242240010821e+01 -4.817344216653689504e-01
9.312537522934192680e+00 1.044800531799343624e+01 -7.887405366861626188e-01
8.591251257352343629e+00 8.910175749469446771e+01 9.131785219706173296e-01
3.045646866359426941e+00 9.042256706278308798e+00 -6.405200045961320088e-01
9.071727260476514232e-01 2.446811579342642773e+01 -9.951848226277936194e-01
5.070918515606021693e+00 3.937111734682601139e+01 -9.477762795728292833e-01
3.609003377066001494e+00 7.773069532560568007e+01 3.755848506585373059e-01
3.251181338783545094e+00 1.953758963464827580e+00 9.998366052825738981e-01
3.825274519948404173e+00 1.586730523965417383e+01 -5.388419159736813624e-01
7.120222165330971187e+00 2.781452842994432473e+01 -2.846095852423509709e-01
9.191148685376287375e+00 3.568438675544945227e+01 1.507796328474311498e-01
4.710777045242101835e+00 5.161813698325408950e+01 9.997538543504660979e-02
3.778766313166768587e+00 9.142419530696262342e+00 -9.814178720488760943e-01
6.001582154357770094e+00 1.531365686222494915e+01 -8.880845507740384726e-01
4.799814477391746159e+00 2.671043975173416385e+01 5.734008491006331587e-01
7.030413894769186101e+00 8.156274143412343847e+01 7.688721427985587553e-01
2.422406740903454203e+00 5.527826580664096667e+01 7.026526686305305525e-01
2.085960804333208962e+00 6.076094910937540305e+01 9.073607465462191213e-01
3.396593733581313224e+00 7.572535313001399970e+01 -2.056811939685680157e-01
4.134332579096485993e+00 8.577419871763046899e+01 9.849741376001731608e-01
1.578154670295518702e+00 1.087456541098354457e+01 -2.121713491249365147e-01
2.875802906067707720e+00 9.098361298289486143e+00 7.638517802637186938e-01
6.301024299653469996e+00 8.792087760469583202e+01 -9.967702295449786254e-01
4.589859981074289053e+00 1.369897722100942161e+01 9.468265183091230108e-01
3.545563706941510240e-01 4.706997264601685060e+01 -6.044200383431655998e-01
8.496850582659467577e-01 9.688286417156079722e+01 4.115095457715871596e-01
2.666209270738531867e+00 6.439091436083192832e+01 2.410057420271381756e-01
8.159632887940750479e+00 4.700922352307316743e+01 -9.256207241627486537e-01
1.559184013792775492e+00 4.935115804177161891e+01 3.377747256855285762e-01
7.107977800425712367e+00 6.711411929431899459e+00 -8.244390809111433738e-01
5.911317564676775049e+00 5.242954032090237604e+01 -5.125003495893347694e-01
5.133112099364260494e+00 8.351205528250605425e+01 2.503646089291797217e-01
9.987919097865370688e+00 2.585619716757804198e+01 -7.255127354565661379e-01
9.404717053506777447e+00 8.149474754833391899e+00 -1.854555028161803953e-01
5.103457494167522590e+00 1.111789661166036858e+01 9.838025418626018537e-01
7.118179357496153159e+00 4.030281945619677231e+01 -3.622012285398867881e-01
6.509206836076509184e+00 3.113992764552495629e+01 -2.335550778493344359e-01
8.406426537354455775e+00 6.548014279779417279e+01 8.607338120570684481e-01
1.259214532683683219e+00 8.772511257171670707e+01 9.065311616232660241e-02
6.383044099818516948e+00 4.712024130681935219e+01 -8.116905160848928436e-01
1.032890711201848832e+00 4.782323958005923004e+01 -5.791842942304762515e-02
9.186583540676576121e-01 7.308743273468235202e+01 2.533446883060542776e-01
2.325057128139365492e+00 9.662334234040615399e+01 8.826477514888141362e-01
1.996288727124813311e+00 5.630246327458178257e+01 9.318560761708766238e-01
3.590506157749055127e+00 6.327679152013912045e+01 7.172730659082532378e-02
5.048615159578636380e+00 7.483395468808588191e+01 9.422192670942621806e-01
3.220528300966028823e+00 8.686811989451348381e+01 9.532488072416781533e-01
8.803292060612632142e+00 4.893309253176118290e+01 9.960611285390984504e-01
6.847402668195065045e-01 5.272934989001577577e+01 3.749430989174626916e-01
6.820923033911094002e+00 7.853549734028408125e+01 3.433933522914210390e-01
6.048315860819554857e+00 7.283045664619511683e+01 -4.829133131636292875e-01
7.818294438605270180e+00 3.587781770876651422e+01 1.700669901131297568e-01
5.805949603203226062e+00 7.512596972565167164e+01 -8.614732845924979454e-01
5.045046397369511659e+00 5.597238957958459338e+01 -7.992982123872788280e-01
4.913765161017160210e+00 6.209993484241441486e+00 -2.414471407796515978e-02
3.170569450869059835e+00 7.521730478191639691e+01 4.900463069460497811e-01
3.544196442852825868e+00 8.357894552802177657e+01 7.352323849522044430e-01
8.204678230426770469e+00 6.901767357842713579e+01 8.814229589634051676e-01
8.428905262227138095e+00 5.202429707315225471e+01 7.805514060560664324e-01
6.428652133355407194e+00 8.034446051558732904e+01 -7.014596024488013448e-01
8.058354613750161377e+00 9.667463450372375178e+01 3.173915125421397088e-01
8.733534785374297726e+00 8.146502424183530877e+01 6.756593052463946147e-01
9.433758462451280025e+00 4.121882118883879542e+01 3.447076836061694904e-01
9.837129500840230634e+00 9.677075629438694193e+01 -5.909941488631190731e-01
2.555949976809122060e+00 9.970697319493882560e+01 -3.908316543280270783e-01
1.402124691792969724e+00 2.959719910114285923e+01 -9.780362560028664776e-01
8.253142813889772000e+00 2.163539550988976856e+01 -5.567117855851574371e-01
4.133739017427735085e+00 7.173551504386124122e+01 -8.147014694479566277e-01
8.659691458040818191e+00 7.325667712585878633e+01 5.061944167725248578e-01
8.210491005846659363e+00 4.890749979196123576e+01 -9.991769109172715657e-01
9.373237719002277757e+00 6.403823485722879738e+00 -8.122930793403485561e-01
2.832038919751269646e-01 4.128947532443395119e+01 6.322623504102123926e-01
3.935971065377433131e+00 9.104155988239507735e+01 -1.887031006824649998e-02
9.957947331872185615e+00 3.953668181487486066e+01 9.991986633906226878e-01
7.132359912755731557e+00 9.547093001387830213e+01 -5.274332052929695536e-01
6.040517011907711620e+00 9.747311617332323408e+01 -3.955796294328685625e-01
4.148261044387407281e+00 5.020730708586295776e+01 9.980443105795484549e-01
9.118519545092889089e+00 5.189565277604141436e+00 -9.899602099937959698e-01
6.728528417612748669e+00 5.906479803765277126e+01 -3.243247846558858782e-01
6.836767027433269917e+00 6.530592653598637298e+01 6.298996786530859648e-02
9.610733751787425838e-01 3.470474662237314600e+00 -9.780716438154519743e-01
1.721450621399348124e+00 4.871790138015551008e+01 -9.956147809801348947e-01
3.089840556689976037e+00 9.188801972850725974e+01 8.116680442263437545e-01
8.655344583857150553e+00 9.510633831091533352e+01 2.080680433872507396e-01
6.649566629292394282e+00 6.970684304574791668e+01 -8.501699144011103104e-02
2.099523793190580356e+00 6.559118665793177172e+01 9.632976338510270686e-01
3.339479242252357594e+00 1.760649546709808178e+01 -9.502234075791646806e-01
8.752625366439929167e+00 5.738810528615883300e+01 7.743442818330349420e-01
3.388522644259517325e-01 8.960872933249622463e+01 1.761200273581601250e-01
3.997359912532086224e+00 5.157017893884295034e+01 5.763179427984816972e-01
5.445323283522931490e-01 5.803299510403473249e+01 9.977159273494882186e-01
1.615341778459578270e+00 4.069082767108547927e+01 -9.765143207788768986e-01
7.707742202754277017e+00 2.231646508644989879e+01 -8.893541707378246342e-01
2.634640915603240430e+00 3.985699337580579993e+01 8.813686700312052258e-01
8.023906541912916524e+00 5.727115020909300824e+01 -9.729428915895655949e-01
9.443811319424490591e+00 7.289701488374005578e+01 -2.484124134548951757e-01
2.844216737467844425e+00 2.017831078180945070e+01 5.229457506080863460e-01
4.811963903806757870e+00 7.601281714173495629e+01 -1.267014687012869567e-01
3.621676206680900734e+00 6.330822934288260484e+01 -2.472888205814808282e-01
3.652132666332508215e+00 9.608354227503348000e+01 -3.385185705372060760e-01
3.055271205141542712e+00 8.453536268278797650e+01 -3.291945498773375389e-01
7.660633109111677719e+00 7.958428676282677827e+01 6.252724603284232074e-01
4.707116546888097552e+00 4.939633426786613057e+01 6.542941612899144666e-01
3.806200825929330733e+00 7.371946395904382143e+01 9.659886403281744416e-01
2.476662320015857954e+00 9.792551230898498105e+00 5.951528829677872334e-01
7.121800043435969840e+00 4.498637838176140491e+01 7.206677366522374895e-01
3.825738529383936992e+00 1.069541753118111593e+01 -9.997006609928809073e-01
1.023930154087255628e+00 3.191714945218328126e+01 6.484791114447431282e-01
6.935545784013663173e+00 4.131659573839012012e+01 -9.766173373940357783e-01
9.734889687960928129e+00 7.173704681050224963e+01 -4.552930372531859282e-01
4.151082321607453274e+00 1.607939372346245221e+01 -8.465486852761102687e-01
4.980392057911190440e-01 3.892706843682358908e+01 8.881914456485434650e-01
4.941925098290782969e+00 2.392733807012902503e+01 9.999890705092923104e-01
2.359572756150005723e+00 2.874111143300217464e+01 8.416438620753643463e-01
6.157527922585429359e+00 8.777666560894594738e+00 -3.753293251068565706e-01
7.249490165216033510e+00 7.801698069597764018e+00 9.605570665459719493e-01
6.936230208012910126e+00 7.425519587315192460e+00 7.878525913332462549e-01
4.492260445276466285e+00 8.067105271532430777e+01 9.124398065892073140e-01
2.678499980874467834e+00 8.339976868205140192e+01 -2.915881723183640917e-01
6.324987770641633311e+00 3.598386868886323864e+00 -8.109054361856607995e-01
3.366496690429679362e+00 7.200423795617781764e+01 -7.762704618007014723e-01
4.791222079648347787e+00 6.438297983422650361e+01 8.729469098226013690e-01
3.859771544627586870e+00 9.016844302030982305e+01 4.944991931098685622e-01
2.572359340863494381e+00 7.376489524280982835e+01 -4.415333167362012756e-01
3.208178373924702065e+00 7.437632907450802122e+01 2.377997434981406477e-01
6.810564271972250339e+00 2.993103102551059536e+01 9.053141289144153170e-01
9.037173648281260796e+00 3.540397093646201654e+01 8.507585079270879591e-01
2.076644984192671517e-01 1.373464226792136955e+01 -9.455134743088556837e-01
7.017018325537698331e+00 8.574407772650465631e+01 -1.035689102994790112e-01
3.017946333774086387e+00 5.079483166447919729e+01 -1.062289324193462225e-01
1.370137641459651556e+00 2.944278774250826203e+01 -7.944921320099259665e-01
8.364825528802873222e+00 4.023582011312050355e+01 -8.393010044214097576e-01
4.126458122064649459e+00 8.434042059638754552e+01 -9.976499873298554366e-01
4.986068299214458932e+00 7.210510104454257885e+01 -2.124919143329355997e-01
1.242793207870058536e+00 8.300127516822404061e+01 -5.048568708992365872e-01
6.046535546569081987e+00 1.290453149994887561e+01 -5.756506685406249935e-02
9.919074491748514077e+00 3.719957734462435184e+01 4.319820959753914447e-01
1.318271012668190134e-01 3.406636829494107133e+01 -2.221854795390069692e-01
3.337425665028399546e+00 7.888536984578351507e+01 9.026510572031658519e-01
6.138766297682842321e+00 9.451353364018339676e+01 -9.994729321892514839e-01
2.874182618749428375e+00 7.109500860932166688e+01 -9.798562114833641035e-01
1.964185528248892698e+00 3.152129413351268283e+01 7.912001397837284955e-01
7.670732795053047504e+00 5.981860151952943028e+01 5.938150712490167793e-01
6.244949358401360451e-01 7.400584167182719852e+01 -9.037844669980980017e-01
8.635337068345824818e+00 2.825877164031289723e+01 -7.312329911092364521e-01
3.744391500181471599e+00 1.677569069462885309e+01 4.039853832518582322e-01
7.779875950770818172e+00 2.981616500102497014e+01 -6.099183124066375195e-01
8.969007636707866382e+00 7.615933941844945210e+00 5.669840312554240702e-01
3.288325176051213883e-01 4.649052037615657440e+00 6.690554851731857211e-02
7.926519947452408843e+00 2.431530809707596319e+01 2.213522628668668224e-01
4.875036244324524759e+00 9.411007073077475127e+01 7.748259210467783875e-01
6.094562513420028083e+00 5.731177809641068421e+01 -7.935400604977700389e-01
3.904739675468555049e+00 8.220045496899224702e+01 8.792039625388264890e-01
1.015616736312158208e+00 9.436657047932519049e+01 8.135563625096546847e-01
3.929976247156049540e-01 6.847862048637229293e+01 -7.851405973716315545e-01
5.452519467501080186e+00 3.652279857853954326e+01 -9.000105407584325645e-01
6.579316871239225151e+00 2.726569174963139730e+01 1.313423909349262231e-01
8.595954546234527704e-01 4.775435515347951565e+01 -7.376523072047496132e-01
8.389049710197159726e+00 9.568793526370440361e+01 -6.808164556182206839e-01
7.117910493545331008e+00 2.183692833746223627e+01 -4.631207756241207396e-01
9.435278664322952480e+00 6.145879573521872885e+01 -6.862592232759753275e-01
7.536765870127378975e+00 5.899616641558437635e+01 9.936149203221122939e-01
2.762818908556115449e+00 1.409502792100439805e+01 5.407249641001234952e-01
1.169080100878175710e+00 8.692213233929631144e+01 -2.846812055521912854e-01
7.482035233503881999e-01 9.817322693703677317e+01 -6.272479349898126832e-01
7.716149987900775997e+00 8.905345996722172686e+01 -9.909369349945349459e-01
4.865059234348512174e-01 2.400893556611048041e+01 8.003077840078446359e-01
4.247496487914220964e+00 3.632034708768122755e+01 -3.744102126745579295e-01
7.303528001928972557e+00 6.152425150411990273e+01 -9.475106456250103060e-01
7.717792754536742628e+00 5.316875253339238583e+01 -7.159379722310628136e-01
9.686742610899669259e+00 6.670772295258794315e+01 -8.737919746628226569e-01
5.933411703955211891e+00 4.959500208011416333e+00 -1.388901245629218240e-01
5.656141345801499298e+00 6.850663058997233179e+01 -9.059045951272681751e-01
7.460422239027736602e+00 4.244589016680348692e+01 -9.944023581389510591e-01
5.434547151639485207e+00 8.084894210932748138e+01 8.882182999336264428e-01
7.185279197534966578e+00 6.149298239442527603e+01 -4.297158414450134023e-01
3.324025456765447473e+00 1.688754252533501798e+01 7.768816897838641822e-01
7.258203331404997627e+00 8.243115929041310608e+01 -8.348965748970258449e-01
4.191089952717371503e+00 4.698947941215726587e+01 -9.946932201781604199e-01
1.025465153722135009e-01 4.186309492212102867e+01 -4.392830367378051659e-01
3.037172923440548011e+00 9.212870107556517496e+01 4.635824590439040910e-02
1.128313396127869517e+00 4.459948567279842990e+01 9.974443951488233262e-01
8.389489157687384235e+00 5.318483122209493530e+01 -9.590132126603388985e-01
9.830023260808074426e+00 2.410141706498094294e+01 -8.595660214800719956e-01
9.410046302574453847e+00 2.351892533524555162e+01 5.389741707465072196e-01
1.881815081470945561e+00 2.233483829669017240e+01 -8.371555523181947178e-01
3.403235947471759726e+00 8.440712317188112479e+01 -7.943731074488268318e-01
7.213410788365662185e+00 6.433901616874300089e+01 8.220705663815455200e-01
3.565093706472523660e+00 9.294332912009322101e+00 -2.605698385303294451e-01
7.870891405753823733e+00 5.112830303377133134e+01 5.628381129215077605e-01
2.517138101603662026e+00 8.147401066682572690e+00 1.725137452609447064e-01
1.965400043205640213e+00 3.080154480829119734e+01 -9.970690433745129644e-01
1.009051888604368896e+00 7.170507724767544744e+01 -7.826054764585463341e-02
1.036947219872945247e+00 8.606695214193453580e+01 2.837541854287720655e-01
4.758132069186343793e-01 4.848312558116643345e+01 -4.580596965810607712e-01
7.387716775634372013e+00 2.522083426792686112e+01 9.963054173771412891e-01
7.300485707056107998e+00 4.109199709310280468e+01 -9.179757126706117321e-01
3.539237705159280267e+00 9.754526141904942449e+01 -9.757701236500720965e-01
1.421748089292264261e+00 1.096743227868953507e+00 3.604024790817547674e-02
9.980160410697538342e-01 1.716644159426554594e+01 -1.945115945716142380e-01
6.358628151362448300e+00 6.576736267410250747e+00 -2.281864800003283733e-01
3.385821067902190062e+00 2.223019785171939944e+01 8.120523389611964404e-01
4.827033254970596765e+00 9.639558237221521608e+01 -1.043995965574382317e-01
8.918790903212792998e+00 9.386550071831704756e+00 -7.413234657776153202e-01
8.483847132474631181e+00 7.071037628805865438e+01 -9.867790647279980343e-01
3.870912386554348217e+00 8.119895999573380152e+01 -5.232321923045245571e-01
6.646010159777624438e+00 8.333529503580363951e+01 9.879955503427648722e-01
8.958701997389493243e+00 9.721189604067591006e+01 8.935046490400578856e-01
1.576192716488473144e-01 6.215467757581103569e+01 -9.103210356050100982e-01
2.078574567208033574e+00 4.931092199435937573e+00 -7.181129810966974114e-01
9.740395635917156625e+00 6.651634439275085242e+01 9.372474197709360633e-01
1.960863179588470784e+00 1.882709277159988659e+01 7.943376385562079811e-01
2.143153034931663647e+00 5.974417400856393101e+01 -9.680315344422224522e-01
6.669869031376961743e+00 8.501689609251356217e+01 9.011240531892940053e-01
3.997649020074009574e+00 5.230903511721485444e+01 5.335031775251207753e-01
4.607371923842313421e+00 4.092191551206149569e+01 5.881451598358151678e-01
1.737915992689334388e+00 6.572317556970662622e+01 9.991741706829828651e-01
4.665722644939419794e+00 6.288005636278808197e+01 -9.797676017349047362e-01
4.831429187853827578e+00 8.803052342926291374e+01 2.918294794015043742e-02
9.862652288190682626e+00 2.041522440135145189e+01 -3.041635421039237119e-01
9.675498229346407797e+00 5.911351020338749152e+01 5.720651259350489903e-01
8.502079020385734154e+00 3.731820214320215001e+01 8.133865530901206176e-02
1.444091675270920083e+00 6.305117440935084261e+01 -6.241761477008884729e-01
9.563044899298297485e-01 6.445176937823441676e+01 -6.019433150221432660e-01
9.584927202241786404e+00 3.038497844232040990e+01 -1.726557772069289565e-01
6.776261154346217452e+00 6.490656449984809839e+00 9.999990488820572621e-01
9.604774487565181929e-01 8.205787360517402362e+01 -9.266646170427561557e-01
2.586330587302029915e+00 2.868881815550078329e+01 4.101356834198757739e-01
4.461227738803463794e+00 5.108632119808446959e+01 -7.885323527509759955e-01
8.709083765342272798e+00 7.151949682770376171e+01 9.554328788816789375e-01
3.406098084931639569e+00 9.398236159656680400e+01 -9.327386626264435598e-01
5.343915592254314895e+00 7.598951587247756834e+01 -9.139785256264693070e-01
7.296739513975773583e+00 4.694768464160992494e+01 9.997217708108883105e-01
8.943578417866286046e+00 3.563577473117325667e+01 8.328874828081426207e-01
3.738897782974493822e+00 5.692893091046059340e+00 -5.381166667393967318e-01
8.477483023810483687e+00 1.464339436987539855e+01 -1.019833328477530859e-01
7.312939733441679913e+00 3.598440915117540584e+01 1.833447734740691892e-01
6.254606472985614118e+00 6.418808702172752589e+01 9.893682451842794601e-01
1.516401650215015273e+00 9.180289992394349952e+01 -1.747651518341138133e-01
3.935122870628198655e+00 8.249017707637906938e+01 3.939365933612522241e-02
8.681308234754427033e+00 8.138174841328597608e+01 7.032515412576428870e-01
1.645600955597115167e+00 7.457611615608306010e+01 -2.092780634022672337e-01
5.715099594752619083e+00 2.970913200245920649e+01 -4.514918512836081366e-01
3.628829993872284110e+00 7.294992053291055356e+01 8.893319748584476159e-01
4.102424623687310756e+00 6.034135456072385040e+01 -9.752639298690657377e-01
6.332366758722939082e+00 3.104441412780920828e+01 -9.092623879666887898e-01
1.359055482919771629e+00 4.235297492516355788e+01 5.349345242205764128e-01
1.367239508155508876e-01 8.396022280261965420e+01 5.591248997181148539e-01
9.811193300367989423e+00 7.000327876303693131e+01 5.947115765098889284e-01
7.717228763804393488e+00 9.113195793716175785e+01 9.903688105188409585e-01
8.422901534765914633e+00 9.922758202030104258e+01 8.523388257641054677e-01
2.815082447403510990e+00 2.566952985767862216e+01 -9.816436110704280793e-01
4.963097463298907996e+00 9.133480318855793811e+00 3.831488648325148128e-01
3.014310797785171303e+00 9.358083837151583850e+01 -2.186562021835598002e-01
9.228740140300676131e+00 9.017368475650368964e+01 -9.816610095769241484e-01
5.794176866079450150e+00 4.670241711329998680e+01 -9.991435138098644364e-01
3.730903022616208986e+00 5.546657919703397255e+01 9.989571510172612356e-01
1.940622325165744844e+00 4.415546137694445150e+01 -1.649896184600806726e-01
5.271558127722562936e+00 5.228724313369446719e+01 -8.091611927593730380e-01
2.248678477026117672e+00 6.320377314036353056e+01 -1.444490653463731400e-01
5.085494131398130335e+00 8.924348773878557495e+01 -6.915697531878501891e-01
1.051251581186719575e+00 2.956858839292099361e+00 -9.999317361380524183e-01
9.001123261319150970e+00 8.504981244389568928e+01 -8.825241524612968957e-01
4.152219176902616660e+00 7.718586866938696289e+01 7.370935697310462276e-01
9.154715083629458405e+00 3.245946438431711556e+01 8.863244621641462873e-01
3.073138270315473708e+00 6.386305814131700487e+01 -5.335744633989877306e-01
4.289058670272852147e+00 8.708706568245123236e+00 9.870869554445420579e-01
5.442244547229391216e+00 7.786790928855126026e+01 7.389743147748814023e-01
4.902896718609875748e+00 3.964827472502321370e+01 4.228728571069316766e-01
8.175058190734768360e+00 3.675090767493704647e+01 5.927905916305414857e-01
2.972465688762823799e+00 1.241109184924929743e+01 8.176777599091475945e-01
6.492152090105698825e+00 3.209857296679942351e+01 -9.450218697701147086e-01
3.918316350350336652e+00 8.878040679975673299e+01 -2.969788812697700675e-01
7.595646764705534792e-01 7.009614017716977230e+01 -9.504519125524403256e-01
9.097472074771063788e+00 9.820724621476779603e+00 -9.731118664691267295e-01
7.661450024674012482e+00 1.012955959592587618e+01 -9.995534064042642663e-01
2.354514060682189935e+00 9.813389457779848613e+00 -3.996528374642716597e-01
3.835429504619422225e+00 5.485912400195292093e+01 8.264940831267775234e-01
2.839495278136765943e+00 8.901387393537169146e+01 9.957642757937830158e-01
1.641724587371570454e+00 2.113238495179762566e+01 -9.430755477056131930e-01
1.705501046618544292e+00 2.629165292161880885e+01 4.266621337273157621e-01
4.455300892837736448e+00 8.010534770154163198e+01 -9.912991594752832425e-01
7.138225434690559368e+00 7.553369060404106961e+01 4.959918241792673488e-01
8.283165264835966823e+00 7.199185075054892025e+01 8.480323286486778356e-01
4.796739827348484475e+00 7.718115742391734102e+01 -9.711049605425465803e-01
8.227943569342141217e+00 5.833893218871798680e+00 -7.879023937955941248e-01
7.188560994544324956e+00 6.887345970692952335e+01 1.579609569038674666e-01
1.949714426149595781e+00 7.928859044084693153e+01 -5.566752610635454790e-01
9.983225602237654428e+00 9.966255646329805984e+01 7.697654058878304895e-01
3.512911666243177855e+00 7.151911708618459329e+01 -9.717181556148988264e-01
1.568667444199599803e+00 4.817031647782258830e+01 5.118150692437691829e-01
4.184115017522559654e+00 6.082653910606553893e+01 -9.899398612456959956e-01
2.173555059055189087e+00 8.872078771048077073e+00 9.220721594579257552e-01
8.013271163519736007e+00 7.469577091669485469e+01 3.363939090192404335e-01
8.573062589412324686e-01 3.880987247616923952e+01 2.406458323202432248e-01
7.584843103783800444e+00 4.516756941799219049e+01 -9.989897571861628967e-01
3.374035739617084584e+00 8.378752523341566416e+01 -9.952833977957313838e-01
1.555662036124920711e+00 6.141793306331099700e+01 1.519403991874996585e-01
5.938274184553168134e+00 5.917926375734475641e+01 3.521588309599794075e-01
3.835046488934420683e+00 3.182593521081124521e+01 -5.226200753333822835e-01
5.451181853387956799e+00 4.615460590571860422e+01 9.891790097655179803e-01
5.492087054795519840e+00 8.678801699283505400e+01 6.582494737422390774e-01
5.073606174305662186e+00 8.638940378152508970e+01 -6.550249599619484275e-01
7.029387349723820400e+00 4.683851366589374265e+01 7.769086142184776778e-01
7.858719074963050666e+00 1.808880846657944730e+01 -1.667328633075326402e-02
1.046764300386104907e-01 2.060950907082892769e+01 -5.615226890614111177e-01
2.293913845147031338e+00 5.708733836619727242e+01 2.601500924487041254e-03
1.001652871561560909e+00 7.798233838443952948e+01 -9.580771960507180607e-01
6.679705797300434789e-01 9.807455233538338746e+01 -9.783397927497193836e-01
1.727753001841569214e+00 1.894402819725899434e+01 1.538878210746224551e-01
9.445923880132641060e+00 7.321947736737730850e+01 -8.427547362065690439e-01
2.109845463680072031e-01 9.859038937216409693e+01 -2.163218618999986631e-01
6.930982458592266360e-01 5.355794295011470041e+01 7.291088265580307759e-01
1.232074472118115382e+00 2.976295523679111454e+01 3.420098767819071406e-01
8.587062097231672908e+00 2.989977218656738955e+01 9.400460441410305457e-01
2.207007420321431823e+00 2.303923127295134776e+01 8.886981123237053248e-01
9.848068561025517198e+00 5.209080810958671037e+01 1.873811541336923014e-01
7.718864286149030640e+00 6.283247134345872453e+00 9.461968315456478207e-01
1.055663923572249807e+00 6.664407988637327662e+01 2.442492740760047187e-01
6.659463320628959515e+00 8.656611460126651991e+01 -6.286123722465951358e-02
6.769767327672791879e+00 6.358471416419548206e+01 -9.770695288317621241e-01
2.118453871720169079e+00 5.133740180482211457e+01 -9.175283655442096897e-01
3.099199996022857118e+00 4.023206832731857752e+00 9.966840029730049677e-01
2.231486257282741636e+00 4.066476786720328107e+01 -7.448787744073432915e-01
8.793960958471751965e+00 6.327257149739319075e+00 7.083007406823155216e-01
1.759806649298413517e-01 6.860279642378735332e+01 8.075122272884941443e-01
2.044467998691601007e+00 6.872773742813326692e+01 -5.927795854427636568e-01
7.952134127969168631e+00 9.228225706677388018e+01 4.901291797492921543e-01
9.640139053127533941e+00 6.388281471253841204e+01 -7.178768402808048676e-02
3.694340789907789802e+00 4.582100075042579768e+00 -5.086296718288985108e-01
3.369517165534853476e+00 3.376569005293782766e+01 7.769179592480786045e-01
8.503142296943398293e+00 4.049472920031350043e+01 -9.088124223530468226e-01
4.422828733306011229e-01 6.042125341906015024e+01 3.273956632158020463e-01
2.486084870217148080e+00 4.611167953249542251e+01 -9.322329107374039969e-01
3.636744433542665078e+00 8.856593676703317897e+01 -9.942130609220970472e-01
3.472178119415898934e+00 9.753622093426660911e+01 2.622048084346773056e-01
3.330442887507039096e+00 5.979603896749159020e+01 9.561753961934228441e-01
1.252581781979470676e+00 6.105014649347357647e+01 4.638225358872788417e-01
5.316915722377783204e+00 8.130289120993104746e+00 7.735664307669979367e-01
3.497104217504533263e+00 4.639458297550505961e+01 5.155451168877310808e-01
7.682512576606347565e+00 1.465035798894151853e+01 9.801459489204076281e-01
4.377946486443081042e+00 5.529692568723092450e+01 9.171061308141831292e-01
1.199762623148686425e+00 9.999130641441297485e+01 -1.256822716011747609e-01
3.457286948883062205e+00 5.013477359000639666e+01 -9.718879423694045672e-01
8.246088447432137203e-01 6.738300690353432287e+01 9.386436618048448199e-01
9.409167378092316625e+00 8.886495468670653963e+01 7.713662501611726618e-01
9.418871745047606714e-01 3.227982048573741025e+01 2.339618210104329743e-01
9.526930771746474846e+00 2.100002707123818091e+00 6.445882493297206972e-01
8.784461996504171921e+00 7.279534702359229925e+01 9.943538836762734201e-01
9.041788579931539616e+00 4.805953546525839926e+01 -7.238343591013861600e-01
1.382115108658522606e-01 9.279341539722148013e+01 9.859250629966048729e-01
6.222070157816469660e+00 1.703860094102888567e+01 6.583957041466171889e-01
6.828344699597471035e+00 5.440736909142030697e+01 9.651342121285696463e-01
6.852165827083857685e+00 7.090534929872723069e+01 -8.144178024916240433e-02
9.561318204760226536e+00 5.612989694084451742e+01 5.674295187098918891e-01
6.795961317516043820e+00 5.330416006785425509e+01 -8.345509580878371914e-01
2.983330074900540030e+00 9.602610409045431084e+01 -7.370177366852969092e-01
8.891652802847817227e+00 3.293463227923064096e+01 -5.494741825783566042e-02
8.436630648052229731e+00 4.107037009575322628e+01 -1.258421861741480241e-01
8.089404591612900930e+00 4.358667932653924737e+01 -8.183739375304247554e-01
1.611114660458315140e-01 4.850327196218047732e+01 2.905262767384948590e-03
7.009640326747206274e+00 8.091519188406702767e+01 -7.545091362115283751e-01
7.485165850595490333e+00 4.554748276198353807e+01 -7.100644718812667566e-01
9.531789477593990867e+00 9.129014734213899374e+01 -9.540151265368052025e-01
8.806096631463635305e+00 8.761369062754883430e+01 4.981830431216295318e-01
3.829548514459328423e+00 2.314857880754846420e+01 9.950245032594675632e-01
9.995052395106636567e+00 5.620494778678713743e+01 1.251369529764858879e-01
4.156036921923220717e+00 3.580127615833711729e+01 -3.985794604446935008e-01
2.723475438787491765e+00 6.233872764857827065e+01 -5.832202512374317499e-02
2.643734418135551323e+00 9.836720793628447268e+01 4.757288967358173637e-01
8.821122607876320743e+00 8.048303586233360818e+01 6.619046340687827490e-01
8.827929491388120553e+00 1.880785608604649539e+01 -1.541736120551346623e-01
8.498165221482400611e+00 8.213086279575283299e+01 2.245095328257495082e-01
1.171252034813855314e+00 3.694799810760384418e+01 8.903847961008891643e-01
4.691796987697512300e+00 1.299541626878902001e+01 -9.100421710127425401e-01
7.288051663741452302e+00 8.331871497097177226e+00 -9.289001254256853413e-01
7.147795023405509873e+00 8.069233108210097782e+01 -7.859350377964219314e-01
3.888444591096078540e+00 8.895407121571086861e+01 8.269358448267721817e-01
1.110684110639764466e+00 5.297575782493139940e+01 -5.042724190640470727e-01
3.151326401858385751e+00 8.285333092173364378e+01 -8.631784811880306441e-01
3.560598767006283305e-01 5.338101798692168387e+01 9.765653478339347826e-01
1.596077599517763401e+00 1.871300138571855243e+01 1.851157197655699804e-01
9.210734300083082360e+00 1.677052024211051062e+01 -1.076172071115002737e-01
2.701461514605543623e+00 4.416969965535297860e+01 2.148465977497835966e-01
8.019976194437989037e+00 8.656610970744934264e+01 9.990117896778270001e-01
5.303119440728872647e+00 5.982439419719158025e+01 -5.204506721911300593e-01
4.873589057968327865e+00 9.456978319051229676e+01 4.931067239349118947e-01
4.979002049546212838e+00 5.285367254923776237e+00 5.466635019460130973e-01
1.727679027123049771e+00 8.406845687005717593e+01 9.051217714202766107e-01
2.857465730714332963e+00 5.567454683317758679e+01 -9.449523927917048427e-01
2.656718115947915404e+00 7.813901755200143384e+01 3.341219584986283679e-03
6.049596691342568278e+00 8.417771347224535816e+01 -7.497864043165319847e-01
3.816285146295617103e-01 5.506822603143496586e+00 -4.950064604027910042e-01
4.135515234322470590e+00 7.465886234264527843e+01 7.462908739583619111e-01
2.150603329485943238e+00 9.235006964259450513e+01 -5.102619399432605646e-02
8.304878219543423867e+00 7.705727899076629228e+01 7.461311955848081157e-01
5.074633193253943020e+00 3.999543217192915989e+01 -9.963214019173145530e-01
7.419474283961575267e+00 3.990800899273068580e+01 9.045501324028969448e-01
3.750950323892046079e+00 9.149636511732649069e+01 -9.816599142495003871e-01
5.644864324845449310e+00 6.251855895623324244e+01 -9.903285957796584826e-01
6.279166255885535008e+00 7.642745493668988388e+01 9.806705769829199282e-01
4.442340157418230184e+00 3.356828409153997939e+01 3.457101777072204007e-01
7.669008681451103371e+00 7.320573427638183261e+01 1.164849787773580558e-01
9.934314357093288805e+00 9.459945837543295966e+01 8.522683919006583952e-01
1.286283594181450773e+00 1.499725413847131428e+01 8.581066288069566506e-01
6.073834588233941290e+00 4.421048187304179322e+01 9.976407958824826672e-01
7.265592420940001794e+00 3.704983775336761198e+01 9.199746679865486998e-01
5.590172640294635009e+00 9.929267112182616017e+01 -2.668304526590348225e-01
9.246461329983782562e+00 5.125454915758729157e+01 7.738792001816203747e-01
4.265087961849956422e+00 3.737052482617659876e+01 -9.484897049200299302e-01
5.135967017345857144e+00 6.554380358703127740e+01 -7.789142857985469348e-01
1.491355227684877605e+00 8.325721808601163332e+01 -9.401938589173760574e-01
9.058582684385733330e+00 7.138913839126159644e+01 -9.194186910628799891e-01
1.431055723625989762e+00 6.345549901137856352e+01 -9.716040631525625360e-01
5.115778234564629656e+00 2.853768746652346522e+01 -6.119268969087353627e-01
1.173871850271511974e+00 4.574078505784869009e+01 -7.854760108842863409e-02
1.192566265950065540e+00 3.833031207705485599e+01 -2.113197318819884929e-01
2.473304727538669479e+00 2.343048022382093265e+01 4.115958214495704648e-01
2.457015645443671459e-01 8.933672466820107161e+01 -9.273133285134160797e-01
3.892227331334496387e+00 8.696507775813725516e+01 9.872033722433376512e-01
4.278779930325574909e+00 1.940179586604542550e+01 2.345003150526564772e-01
8.399990196465234149e+00 8.382832429690758147e+01 -9.022906686081274552e-01
6.450666555707275762e+00 6.734110216014032346e+01 8.117571852290358381e-01
2.013182577171841015e+00 3.912143714128076510e+01 -4.827106595284206270e-01
8.378531745235523687e+00 6.579997151275367173e+01 -8.214658795703705385e-01
6.331104228509984111e+00 7.016309403415415602e+01 -7.789486922369387445e-02
7.346419243206483429e+00 7.612622863559529662e+01 4.332696314941779092e-01
2.231882149018086459e+00 2.739518220891532252e+01 -9.365771500265527294e-01
8.231692554596746092e+00 8.867718630762121279e+01 -5.982542106555709810e-02
5.352241546144132833e+00 3.854776038559300133e+01 5.452175296801675675e-01
8.981953324673385808e+00 1.004721662877139998e+01 8.466375208365320426e-02
9.677221027820502641e+00 2.112507138415631047e+01 8.648553595596792931e-01
4.836502893908966705e+00 4.073892959261638680e+01 -5.508236607827350362e-01
4.969463115458899516e+00 9.343439723224187787e+01 -2.422664218464970765e-01
4.190380871618739178e+00 6.765106816386327715e+00 -9.931252566394407344e-01
9.144894028193111257e-01 8.825771657212423804e+01 2.038658806547686830e-01
9.745444971105127863e+00 9.006363437728070664e+01 -8.013978644519446082e-01
6.538856350085920255e+00 2.104398694750764420e+01 9.029775404117048598e-01
4.451839658016366386e+00 5.150832366052699030e+01 -2.127385904445925624e-01
4.843754037749575581e+00 8.087690770446724287e+01 -7.848307368468175893e-01
5.046680122414241687e+00 8.724230045022476077e+01 2.926459346805800887e-01
4.116594986905170117e+00 7.031862520579991838e+01 -9.681881082251234671e-01
8.545122958677371372e+00 3.031832885045194104e+01 2.064302008635674271e-02
6.218682283855180515e+00 3.929551268130949637e+01 -9.803820998122679820e-01
6.171434322620813484e-01 2.634511760073527142e+01 -8.881347423374651440e-01
2.547791742824463856e+00 3.620065568618663576e+01 -2.470401225097847153e-01
5.264670026996122409e+00 8.980136832064836483e+01 2.656149458688010223e-01
7.341308091591693064e+00 7.501894291330239639e+01 -7.757609627971241428e-01
5.912797072513782837e+00 3.798390529184128184e+01 -8.204795967495847053e-01
3.804008236256127606e+00 9.052990939064815734e+01 9.988286241353628858e-01
2.822417567960663121e+00 7.698606020618025525e+01 -5.398801325731743539e-01
9.466822297285183652e+00 9.543511672300256521e+01 5.926776571573544317e-01
6.053119277864389858e+00 9.412901791311830380e+01 4.265052650431593873e-01
2.603283953263904493e+00 2.087668754239764723e+01 -5.445522677984175886e-01
9.708245516607497905e+00 8.017715291732804417e+01 9.007901866846282912e-01
2.646545378576643515e+00 4.483212325795963693e+01 9.901484203123229744e-01
9.575036573042911670e+00 6.484826082499220945e+01 9.475705588276933655e-01
2.529243184503247921e+00 6.130384949551121565e+00 -9.740731730361329443e-01
1.350780255443350786e+00 9.457615184799767860e+01 -6.419219855522932949e-01
9.298010511792391242e+00 3.734260409029188565e+01 9.959330701854605117e-01
5.130337339375644845e+00 4.831533263618386087e+01 8.432460036735911491e-01
8.661265904579215302e+00 3.596194459993018455e+01 8.339847403273877857e-01
5.297625641980038935e+00 7.738851748242740136e+00 -9.778199839733279219e-01
9.570300959835757126e+00 5.651141407738018785e+01 2.783502854630867107e-01
9.016837198257443120e+00 8.767475438111623021e+01 9.761027393304627653e-01
1.538049877765689022e+00 6.036327995423347659e+01 -7.266289018136422584e-01
1.815794431194382108e+00 1.290143803600790662e+01 3.796872423977502575e-01
5.518391153228219714e+00 2.042181406974336966e+01 -8.024826635017801024e-01
7.579582038118690690e+00 4.437903900041942507e+01 4.034410652885502824e-01
5.998920528124505935e+00 6.233654931183622239e+00 6.900800850382537988e-01
9.322980702444969126e+00 9.526029446892391661e+01 -1.949837148010079291e-01
8.941619453322802613e+00 2.467715996577102899e+01 6.294392727440966118e-01
2.819937728022917423e+00 6.218448541625366488e+01 1.512339367952648950e-01
6.201262936779976975e+00 8.609944808640859648e+00 -8.395147623806753501e-01
8.577152748960244821e+00 9.659664184650651464e+01 6.392026961321295442e-01
6.196591725680902663e+00 4.214982250925680063e+01 3.804476986781779035e-01
7.634270486753573337e+00 7.165788535286533545e+01 3.419286962466698276e-01
3.562942988427895141e-01 3.670986751003777471e+01 8.324800860905871014e-01
2.779633167348423584e+00 9.464208869755947262e+01 3.566528693544371853e-01
1.837401145729855578e-01 5.725501387962848554e+01 -4.936709397606924288e-01
4.669725387560755614e+00 1.325539738075785756e+01 -1.363831529118869346e-01
8.606150416625855115e-01 1.266036445158152546e+01 -1.062568882061056125e-01
2.209433376735318699e+00 6.858634324505379709e+01 -1.398367563004012382e-01
4.317858091666604281e+00 2.548814484457750495e+01 -9.147481861018871840e-02
3.933740891208193258e+00 4.610936782513745413e+01 3.285859951400319501e-01
8.338495622696306953e+00 1.530533791456736914e+01 -3.615071551878456524e-01
3.058116151975666330e+00 9.724884768304374916e+01 7.028076287533416844e-01
1.491661173382261785e+00 1.995027712992224878e+01 2.186594062591122600e-01
5.572141818198297791e+00 8.963161883682873565e+01 9.380133402063274561e-02
8.379309469238174657e+00 7.217545628927743451e+01 -2.189591296878595772e-01
9.964365731933847670e+00 7.570806429181023134e+01 -9.081386717574498890e-01
5.911039127036169738e+00 8.223612883648742411e+01 6.729494281719000659e-01
4.951490106726054385e+00 9.179427887437545053e+01 8.666532050156616762e-01
8.699455025192484925e+00 3.857311311218524708e+01 -4.147395911450184602e-01
3.137026289756193798e+00 6.921808026582745299e+01 -7.944033391457199222e-01
5.318845746556649878e+00 4.078608086767429342e+01 -2.077738182590561228e-02
7.837629285528660006e-01 9.213300244024846108e+01 -9.333694969535913932e-01
5.500351980523581652e+00 8.815120636996360304e+01 -9.883676147618699614e-01
4.871239137817583220e+00 7.639580665324433539e+01 7.064083542601183874e-01
4.832835009811272009e+00 4.527356756214270206e+01 4.529664230903216460e-01
1.506611745249857970e+00 8.560167831376826086e+01 -8.691802041227644771e-02
2.301792142038864064e+00 9.812498906253178177e+01 -1.812142029482226580e-01
9.542614506786456730e+00 4.985239104139385091e+01 -5.190302182781899587e-01
4.242270017923003955e+00 6.099845762371185742e+01 -9.375548587518068855e-01
7.193720520451330813e+00 3.673749633268298709e+01 9.258152749281772786e-01
6.630890897381599425e-01 4.974365482191605992e+01 6.792083762980394290e-01
8.444151956585438157e+00 1.636474021501906861e+01 9.993953666129913316e-01
2.249948968454932530e+00 5.451488990596703843e+01 -5.849555879121938196e-01
8.960744335155700568e+00 1.659621278047337611e+00 -7.065332640677546294e-01
3.546193310285034261e+00 2.203329837413906134e+01 -7.715982885631917920e-01
7.815767526169365098e+00 8.421146226258360912e+01 5.549720300918586230e-02
7.864834963482153718e+00 3.016076907052939760e+01 -9.799717799205933666e-01
3.059719006325407054e-01 7.039846684628528806e+01 -8.521669639200525337e-01
9.405043473993375258e+00 4.150217696172450133e+01 -8.861049157234612839e-01
2.049519044755734765e+00 8.657602069664609701e+01 -9.964074929697813721e-01
6.029290976297465576e+00 9.490070085826700108e+01 9.518698181526314972e-01
1.773775243288932879e+00 3.200341814685950936e+01 7.345450045718847631e-01
1.083269751425673277e+00 7.542865262466674103e+00 -3.020564326076703998e-01
9.089613923153351038e+00 2.713581731021910315e+01 -9.992785524001969177e-01
8.576081035391556640e+00 8.704790028484943321e+01 1.396827452534574743e-01
8.339515857063317661e-01 4.700028241032569554e+01 3.114952379216917033e-01
5.326203994139592224e-01 1.080926146563112056e+01 8.408516525264367880e-01
5.259065092438248712e+00 2.199230323359955719e+00 5.302067631149582905e-01
5.234324632198841254e-01 5.393744695581129633e+01 -9.753531666177291948e-01
6.709430920055768688e+00 4.237616142289400756e+01 -9.851497260628845343e-01
1.133032585245234758e+00 4.479079811815158507e+01 9.326086462463686333e-01
1.335913063795453048e+00 7.199928699956556954e+01 -3.727898355357070481e-01
3.340571370614696001e+00 4.013476294468553363e+00 4.504150890214068115e-01
1.321334091637706543e+00 8.984350125315800994e+01 4.877842612154150159e-01
3.989787050799645129e+00 5.555076822350910959e+01 7.110425246507672270e-01
6.799720962709189465e+00 8.146806810281586309e+01 -3.382541610420244371e-01
1.154386847045213216e+00 4.228542579257010914e+01 4.653308731731299885e-01
6.274912552850869574e+00 8.004403096699981290e+01 9.982107752668525347e-01
3.245008580567082523e-01 3.357813045189489998e+01 -3.376273054449727140e-02
3.153818910300436151e+00 7.181499896998444399e+01 9.425066728902169455e-01
3.404382436299474346e+00 7.830635179291222414e+01 -2.219303811779665125e-01
3.929467203428512523e+00 5.612702850701867874e+01 -9.838360145264767320e-01
7.918136145582506114e-01 7.519443231848853770e+01 -9.729567854267149318e-01
1.564127444491318908e+00 2.671041198554425478e+01 -2.091796004246706808e-01
9.611832397032220143e+00 5.522358726282623564e+01 9.847721361569375942e-01
1.796996430404778522e+00 4.711683482285781110e+01 -8.185722799208901002e-01
3.076372307908081249e-01 4.687329657292208651e+01 -3.380933397492668080e-01
3.832827396282983745e+00 6.902336923969277116e+00 1.374403006101544145e-01
3.118051787555879972e+00 8.504132043658708540e+01 -5.836649787275077772e-01
9.173771939539669518e+00 3.148304720704791393e+00 -7.968557341185077414e-01
5.919889353553133837e+00 5.666598518884957691e+00 -7.780123571798538418e-01
8.463786653747449762e+00 9.727141213479217186e+01 9.368275060774600149e-01
4.420792085262612581e+00 2.478244856056264211e+01 5.210714171574828413e-01
9.559123420631909340e+00 6.639832316877925678e+01 -9.404427363018770247e-01
6.910997080094625211e+00 9.767898450775518882e+01 5.640805305343639109e-01
5.585346983155590195e+00 4.436183584882468267e+01 9.707820837862756180e-01
7.402446456727845181e+00 9.645842978018383462e+01 -9.896283261996825509e-01
4.531099691967989784e+00 6.593071328434060518e+00 1.778963899129357706e-01
4.312472224494412032e+00 7.549848868803593405e+01 3.836693903080828361e-01
8.502611277020665881e+00 3.703053903809047398e+01 -5.096937779041724736e-01
5.407169180194484337e-01 9.561990465153013474e+01 2.979126619115466390e-01
3.218064594777538256e-01 8.210263083043238908e+01 2.455833463543103112e-01
9.717463039933820212e+00 8.824367450724238893e+01 -8.525308709575031285e-01
4.747097359604289579e+00 3.986098918251982148e+00 9.958137009247175486e-01
4.396009244698868557e+00 9.176898315373017567e+01 5.974930199522645591e-01
3.459170940567488639e+00 7.881302371807809948e+01 9.235049839528741700e-01
1.735957743135082554e-01 3.046360242008670127e+01 5.323487473985815122e-01
9.537183451116854060e-01 9.977094823079757191e+01 -9.910771071322833636e-01
9.992178962922732666e+00 3.642480952619781220e+01 -6.303691779431183084e-01
7.973533659372749938e+00 7.376660698918277603e+01 5.838070230641861924e-01
9.872985319482811661e+00 3.566866025453629874e+01 -3.687326904730769961e-01
4.725955479947909765e+00 6.664677199022403897e+01 -5.146493677477592676e-02
7.156218384524485110e+00 1.458603439905565402e+01 -5.855482219704544189e-01
8.978694281754821205e+00 3.486032783668309776e+01 -8.396078260518638481e-02
7.450257565735979526e+00 8.947085493168712844e+01 -9.132212451335347536e-01
3.202686242457933319e-01 7.747408414853940428e+01 9.994587078021045512e-01
4.374594567022842995e+00 5.630550002946588961e+01 9.048502139192262650e-01
5.157755384207390215e+00 8.089166129072690126e+01 -5.270953091117231981e-01
2.686861751316976132e+00 3.957622048313228191e+01 7.620317311372697411e-01
3.913987932408788950e-01 2.203605765608092781e+01 -6.467353854593879126e-01
9.237929917969779581e+00 6.506169691637661856e+01 -8.539284422790486273e-01
8.410117019438988706e+00 7.136154472001813964e+00 -7.515500669469145079e-01
1.482086191848655865e+00 8.744202037366260072e+01 -9.064420034272794302e-01
2.090987029991298485e+00 1.190306327836358946e+01 8.829260721928704481e-01
9.447880845928290583e+00 1.518032564741897694e+01 -6.572336325123072642e-01
5.854377866065562763e+00 3.048863784909659103e+01 8.809144294652282436e-01
9.334498279481048044e+00 9.183152425118579743e+01 -6.813543642665712552e-01
4.987865059244743549e+00 2.908644469789079778e+01 -6.389628300739660371e-01
8.519237750947585397e+00 4.694793093317153421e+01 -6.359801933289026543e-01
1.422591658286620930e+00 7.949515776172063397e+01 8.892576239411041916e-01
2.279618886800262589e-01 8.708919829692565884e+01 5.285282065973821997e-01
8.153636096837711733e+00 8.953387254078216984e+01 9.097222427557736246e-01
9.973892385506230696e+00 6.537176956970033359e+01 9.160398469018457002e-01
7.785469518995960847e+00 4.279968234201417232e+01 -4.899104625895122633e-01
7.251612374677439909e+00 5.220144517118777827e+01 -4.402681149184120013e-01
8.538770346747424966e+00 1.314281043667268456e+01 1.083366697158681669e-02
8.333905514856507324e+00 7.527411962728091055e+01 9.999971937706115810e-01
1.620792154749996383e+00 1.437185860040731100e+01 -1.218970682718005377e-01
3.643260940378616475e+00 5.066398257612397593e+00 9.218764293665289156e-01
5.825288746374076787e+00 8.817759582811908103e+01 -1.289723306519524326e-01
9.679492740392205974e+00 1.201967302628887424e+01 -4.391819042901483061e-01
1.521271591909587162e+00 5.339333419653365809e+01 6.307571798667200857e-01
8.503701038029928938e+00 7.790168928232405676e+01 2.545221094386493910e-01
9.017688696245146573e+00 5.058036549885942179e+01 9.391444657847677346e-01
8.018838250022970016e+00 2.008441442886072892e+01 5.112018716626349768e-01
2.774090083708382615e+00 7.873543298696364445e+01 9.272117781250514001e-01
5.269091563255640764e+00 4.567584881956346976e+01 8.153304171945279233e-01
8.674392538957748755e+00 6.398385125433668996e+00 2.423190614342260185e-01
2.650328648662309217e+00 2.066901034936980608e+01 2.540518904796745248e-01
5.962576059844438836e-01 7.490466800346598575e+01 3.438877995575479463e-01
7.886222830535048800e+00 2.657411722372017948e+01 9.799242010653524959e-01
4.062665672293313435e+00 1.126278644701824305e+01 3.804508064203180884e-01
2.228905215712367216e+00 4.072507135030076597e+01 3.086169708424580382e-01
3.681008579634558409e+00 1.587852932593837707e+01 -5.893282059520026372e-01
5.751327200265341943e+00 7.324272259154675169e+01 2.889695516926076707e-02
3.546005723800768283e+00 6.208919659387536427e+01 -5.469194212721035786e-01
6.817843238188642019e+00 8.164124158199491887e+00 3.345370787589738854e-02
5.192488143367597786e+00 9.056240543688579692e+01 -9.237792011567736994e-01
1.275037112468488387e-01 8.978860419872825105e+01 5.556044013852201591e-01
9.557409299626060672e+00 6.562692700324220141e+01 -9.954365423856248452e-01
4.226789197827414135e+00 5.611854202121558899e+01 -8.675592182452442902e-01
5.948679397069702723e+00 5.595564589756018847e+01 -1.902725172972083711e-01
4.652970473582779043e+00 7.070152038596256716e+01 8.235090692854316607e-01
7.935109384923176634e+00 5.362610445577406182e+01 5.412187809782071923e-01
8.209029163770050763e-01 4.568411335309093602e+01 6.134000665821010001e-01
5.995079459441075009e+00 9.926328954336736388e+01 3.475875993131603559e-01
9.524810427966764692e+00 9.851891847216920439e+01 9.823876201883092740e-01
4.465714713034277139e+00 4.536394486040254037e+01 2.166557440957246616e-01
7.804323568117610854e+00 4.046022551400946554e+01 5.302169553773747879e-01
3.658272908456319250e+00 6.811247251952244675e+00 9.621784283625003376e-01
3.636340077973716944e+00 1.426889179687237430e+01 5.424863994648618792e-01
7.303366135494363753e+00 6.264648461727363582e+01 6.523356215330855523e-01
5.379283940365104044e+00 1.414418619081306616e+01 8.349470771246004785e-01
4.729685876767437236e+00 1.444635983624332098e+01 9.999402950818508939e-01
2.019308426759927944e+00 6.357530502047355014e+01 6.304290675769548269e-01
4.299682081353006780e+00 3.068171033661057123e+01 -2.149384479706254181e-01
2.710406288494921601e+00 3.793420277642614025e+01 -6.605057268383660585e-01
1.891548283486822912e+00 5.043660460916736099e+01 -5.308634205290991837e-01
5.861413116933631429e+00 5.365119384800055968e+01 5.906692397306760878e-01
3.980437454334661229e+00 6.672641975684875604e+01 6.510380964060459297e-01
9.057122222624716557e+00 4.785588792213092546e+01 -8.504781693526158870e-01
6.387659857190555179e+00 9.501738083798544210e+01 4.054609926903056660e-01
6.755903145474299265e+00 9.364472089490681128e+01 4.721755196200307370e-01
6.208185962933358226e+00 4.292957983925908216e+00 8.568177023777043266e-02
4.501787373263120173e+00 7.037914024577101202e+01 -4.603507849477598418e-02
3.761452728125438849e+00 5.316421475084577963e+01 -1.067787380014048187e-01
1.016237068291816925e+00 5.390193846146611634e+01 3.783736397118004913e-01
8.118707188186174761e+00 1.760906066160599082e+01 -1.815414424506786584e-02
7.727211454790734457e+00 6.661299317908755313e+01 -7.244248761583081953e-01
5.959925788456996720e+00 4.439645369479426051e+01 8.002666752798271999e-01
8.783291900962717946e+00 4.386173522477908904e+01 -1.383962758975801621e-01
8.488125380489705663e+00 5.977558387195589518e+01 -3.860083056100480636e-01
2.894086336437193374e+00 4.157593055743062394e+01 -9.815300601526077973e-01
8.240989884387213138e+00 9.739115757001243878e+01 9.255060039703569830e-01
4.001661001910898463e+00 3.049415101755225876e+01 -9.933176472743227015e-01
9.918351256992975706e+00 1.397666668082169927e+01 -3.898634822903047081e-01
5.043710336430721419e+00 1.690316422668001550e+01 -8.920319219444122760e-01
4.057059151092133220e+00 6.819926224391875280e+01 6.527363928966462003e-01
8.434599159952140823e+00 6.688243237239485950e+01 7.198918381982606363e-01
2.204212619535423467e+00 9.879588127442174539e+01 -5.206869837433228954e-01
4.825508073227687156e+00 4.893178524250541983e+01 -8.960510961528780349e-01
2.329402271503711486e+00 1.509032195546246236e+01 -9.999999277997358993e-01
8.962058602146651509e+00 8.890431046770570944e+00 -9.999943926818725126e-01
7.751050951559476765e+00 3.212354520288057813e+01 -7.958315812236360642e-01
5.079344820567778918e+00 2.372385836931287884e+01 7.489226325554093622e-01
7.147993251572905216e+00 6.893307122632798212e+01 9.876755153985374847e-01
5.090586480031695338e+00 7.896448511291328742e+00 -9.728980821166972603e-01
8.976958840870278067e+00 6.828717639644058579e+01 -5.388386149527198965e-01
3.974729837761703521e-01 6.748835026570735351e+01 -2.537308156075225307e-01
7.806227882327836376e+00 6.787983403986966380e+01 -1.858084696102628719e-01
6.350884971144519220e+00 6.598926730295616494e+01 6.639149766199406999e-01
1.332031389779498587e-01 8.418970442270851606e+01 1.046931442324041117e-01
7.580469512396894594e+00 3.148665412405369324e+01 -9.358250035959592150e-01
3.274501162652534880e+00 2.893693425173350775e+01 9.986019811488806575e-01
5.159297853052161820e+00 9.619124085839683858e+01 -7.906319290546958145e-01
1.422020136852677696e+00 5.378200927109782725e+01 2.452374782596672964e-01
3.544236603905590588e+00 1.419387125006372763e+01 9.848655870407939661e-01
3.449498180005153181e+00 8.702211062790497920e+01 7.156335815773252618e-01
2.089221601894243552e+00 8.488170882339692014e+01 1.419860716648507215e-01
5.475725911459604411e+00 6.317042061707994094e+01 6.691638004171096554e-01
6.024478483019087172e+00 7.480072477825976307e+01 8.810468298693104883e-01
5.897825098365170327e+00 2.264217619687964422e+00 6.684764391880745338e-01
8.541021870875782795e+00 8.474532088502810723e+01 7.579483162328727319e-01
8.369306291390296693e+00 2.079991703629151800e+01 9.914301514937521320e-01
6.144987977384682054e+00 4.805857219337960373e+01 5.315298888997113114e-01
6.290142938302315301e+00 8.280232170044882878e+01 9.980017630507357351e-01
1.318765171819353155e+00 7.853212785832816678e+01 -9.883489631111396223e-01
5.526783400379572164e+00 5.387187964716397914e+01 -8.875113232950416764e-01
5.883614681457448592e-01 1.720953116858813559e+01 -6.860532160931003265e-01
1.153379051663881993e+00 4.895130683094283341e+01 7.863208857722339129e-01
4.233223856481412861e-01 6.492020418561878614e+01 -6.777160146121041784e-01
8.595642034245205565e+00 2.761847073174933342e+01 -9.436876073365415563e-01
6.166689692541728718e+00 9.352255127633452503e+01 -7.339572640059284225e-01
5.990184291362625757e+00 8.482616445273865935e+00 8.506844332325337321e-01
2.202852419189059718e-01 9.196311233028909271e+01 2.566258989184439510e-01
9.237231875864598152e+00 9.038715194460638713e+01 8.295844634726964317e-01
7.219550156228302207e+00 2.979517997356764880e+01 8.748126807652591985e-01
8.181847832741249604e+00 5.764546811080120570e+00 -6.313135682759353218e-01
7.164970266481848427e+00 8.482596262321733604e+01 -5.306371822117045278e-03
6.607863470234773828e+00 6.000934693893661631e+01 7.969930117590541263e-01
4.503330515423647817e+00 3.447371563067775213e+01 -1.206713384404858730e-01
2.291376465105015470e+00 4.357134574121285908e+01 3.459527357051347951e-01
4.901884360443079736e+00 2.740400472304366630e+01 1.229292815602131689e-01
5.996689540817421893e+00 5.188043295305928382e+01 7.937998034799650382e-01
9.344211099176414237e+00 9.697173815711975919e+01 -8.644018397066369763e-01
5.448140516590840754e+00 6.880521825928612145e+01 9.761574525129352864e-01
7.226806109485853113e+00 8.254825192696422675e+01 -8.752587631634602960e-01
8.389331153561522925e+00 9.701778780114371159e+01 8.471084010113448803e-01
5.271845412178846502e+00 6.323644905234728242e+01 -5.349693311817899088e-01
5.951041570563469385e+00 1.159372539283100068e+01 8.219115245568660022e-01
7.556505129843455570e+00 1.793695172904699575e+01 -4.217324296377429615e-02
1.351378168969338933e+00 5.238122149050510501e+01 4.669651878366832820e-01
3.244312056276844825e+00 1.771386344086913311e+01 3.913855704691034387e-01
4.738992428909551080e+00 8.970866534585020702e+01 -3.207087538849913710e-01
9.502628619116167741e+00 3.550089141085602762e+01 5.303200191722288181e-01
1.408290257680965718e+00 3.628598251532599051e+01 7.457067638618148919e-01
6.658016316852086725e+00 2.208307655050167284e+01 -4.026420006641031057e-01
1.123915698514211137e+00 8.543012997734989256e+01 9.829453468567990182e-01
1.499564325986358693e+00 7.420797966278105662e+01 -9.623139182523059443e-01
1.316270763320679826e+00 4.905112323663259843e+01 7.107816611790307437e-01
3.811766459764671655e-01 2.463115837274606790e+01 -9.987121970552454986e-01
3.609357849637164772e+00 2.364975009160104946e+01 1.702097357696221169e-01
7.065713125690010976e+00 8.682829350765885579e+00 7.748487566915894798e-01
2.558795743391512723e+00 1.201417557738328412e+01 6.519307936792779756e-01
4.909707162619546317e+00 1.460081068552493910e+01 -4.717853735748504529e-01
8.848903699564607095e+00 3.995228451644878476e+01 -9.947712329725940661e-01
8.348423252109897774e+00 9.968987204413703296e+01 4.910792797301748863e-02
4.219285910483957736e+00 6.760417320429830568e+01 -2.165163568077492773e-01
4.671276416250276675e+00 9.129505047943152363e+01 -9.748265781370308858e-01
3.725371026108728501e+00 1.380899207266328510e+01 -1.457397157689994116e-01
7.740888646442203758e+00 6.848998821026046357e+01 8.575964592806203379e-01
1.342764721718662513e-01 1.242595258474765263e+00 9.859639246690584669e-01
9.851723861447403863e+00 7.004706606437071059e+01 -1.860154005222414697e-01
8.152446820558944651e+00 2.611396949489514796e+01 8.066484416341523911e-01
1.047167873223289636e+00 5.488084728296010439e+01 8.389926752206785521e-01
5.905419495746212277e+00 2.073591156870725172e+01 -9.376090368337692826e-01
3.259286461157283821e+00 3.544563262030804651e+01 -7.956873345812394138e-01
1.040997903063612062e+00 9.051985792416778054e+01 9.997529302568681775e-01
7.467424281519015494e+00 3.532296302567512924e+01 -9.908790637927724632e-01
1.586472633428389845e+00 6.323094720360312948e+01 8.192685377538420077e-01
3.838542373550053899e+00 3.116967690675494751e+01 9.961812923504412831e-01
4.561062460988150491e+00 5.005921427320579653e+01 -8.976036534703523140e-01
8.128902416982267676e-01 1.697958480063283915e+01 4.783895582741333197e-01
5.488623222637891708e+00 6.663274392074998786e+01 9.998480669933519360e-01
7.878880083598832407e+00 2.931979539422115622e+01 -3.860704310044745791e-01
4.909836884502324139e+00 5.936255107789475716e+01 7.583008625967587735e-01
9.164063861956954327e+00 1.597950494481048977e+01 -8.297194536384582264e-01
3.681968430531663117e+00 4.587054710951411352e+01 -4.912541857024806113e-02
7.502848475925103955e+00 8.181836182020003179e+00 -5.054160558360498018e-02
4.851253991050028525e+00 1.019111650952414294e+01 -1.695337460210477043e-01
8.501071581928966836e+00 5.825162145503919930e+01 -9.110580279965101447e-01
2.549299809812843431e+00 5.747115626788975362e+01 -6.693491044624312325e-01
7.496699937852891793e+00 6.353172787254395359e+01 -8.090098525825328846e-01
4.891513174003773834e+00 3.954300454164024092e+00 9.757208277699205290e-01
8.682991048777529031e+00 1.687412997997949304e+01 -8.108006332916691816e-01
6.655211686401737659e+00 8.955987215275568758e+01 3.874399591252041808e-01
1.459788537227498573e+00 6.599679505310072614e+01 -3.655538863939136185e-01
7.151499171765880014e+00 6.679551987074024311e+00 -7.024412033577578374e-01
8.098938192212791876e+00 5.858203840119772110e+01 -8.402757587882758727e-01
1.960096899112376834e+00 2.533550423686369157e+01 8.120465305876587436e-01
9.569833823043586207e+00 6.854148967478171528e+01 -9.980151141735084108e-01
4.410804960437288536e+00 1.296365262248412442e+01 7.812316070202918183e-01
3.939988658187360659e+00 8.045687748482838231e+01 5.363221066828668393e-01
2.703066485464609148e+00 7.281910072911236398e+01 -1.998597789148923165e-01
4.363041606626850921e+00 5.885161147152509642e+01 7.255173192452757380e-01
9.576837438616401244e+00 1.689085200304592149e+01 -8.526928046555966034e-01
4.351926331260647096e+00 5.992260107768284172e+01 -7.243857936464701552e-01
6.947476953440622438e+00 9.566005039898990958e+01 4.258382785124321113e-01
6.285625750102817655e+00 8.539929088825687131e+00 -9.388003392238979394e-01
4.011241316601456219e+00 7.321801952691589577e+01 -9.945750188580846363e-01
8.385156833408268895e+00 9.027348088795764625e+01 -6.387376286396936331e-01
4.644450600529045126e+00 6.455468943273771742e+01 -9.273914244613251645e-01
7.148527145633410740e+00 6.488169096050884832e+01 5.487219359959345510e-01
9.297309056329460475e+00 6.745424602081831722e+01 8.124619969133950459e-01
5.595809590108735243e+00 1.339423765326754356e+01 -2.760517213049649282e-02
8.588891835611381254e+00 3.801217204925286808e+01 -9.509886038088907201e-01
3.074723119096278268e+00 6.426583651214256676e+00 6.070292760653948072e-01
9.034172396534078331e+00 5.295196036585112154e+01 -9.438651392666296269e-01
7.925181101319956234e+00 2.928279591836620099e+01 -7.475598103141610773e-01
6.104544524314464482e+00 9.875476980835341578e+01 7.031086189323536295e-02
4.506849839963485316e+00 4.731799985638885886e+01 4.550572925099493071e-01
7.920026360945602306e+00 3.288785215706210607e+01 -8.341376883828155453e-01
9.960944802587876623e+00 3.333894659115414072e+01 -7.806493333020254610e-01
6.129160150761351566e+00 1.388240706853955153e+01 -3.549327123049432209e-01
4.985230266101468466e+00 7.521371503942772563e+01 -4.120124506311241275e-01
4.846827432876866126e+00 7.403787257022817414e+01 -1.714867341292760639e-01
2.928176929376734350e+00 7.885415573651040688e+01 -9.600087671282000468e-01
8.172792144679011273e+00 3.037947775536199657e+01 -3.818655509728027253e-01
5.561821250436505437e+00 8.536075994161822678e+01 -9.843931706197842635e-01
1.276206130241913206e+00 9.629822291877501073e+01 -9.645174158111352591e-01
2.943153626751741747e+00 4.206303785235689929e+01 3.582631207242837901e-01
9.189017557097752587e+00 3.792749517106200585e+01 8.379833164288255087e-01
1.985918295953559731e+00 7.214088169610218415e+01 6.340335733205236801e-01
6.906125064507256717e+00 4.870449541197165644e+01 -2.642134345348914892e-01
9.571614445825689543e+00 3.632857520470373913e+01 2.867968811027640785e-01
4.757104904580534921e+00 5.887480348282022646e+01 3.763367885411044167e-01
3.976193314086655217e+00 5.221943443013648434e+00 -3.117904541114344674e-01
9.931390659430311629e+00 9.475163467607745815e+01 4.673265875903964695e-01
5.036873498801712756e+00 9.321805563219594148e+01 8.536474701894346540e-01
7.560652611389749866e-01 8.389293736017614833e+01 2.851215460202346022e-02
5.200733565987901708e-01 5.444897192772976524e+01 -9.981995690920456576e-01
5.359116547485335502e+00 4.310710194557846542e+00 -2.300323794718926451e-01
2.479311527407260130e+00 3.101112562816805962e+01 7.736192271834856360e-01
4.692135855181117421e+00 1.410256435146194320e+01 -6.546854837379916248e-01
4.153108257887994093e+00 5.493202385362525320e+01 -9.692018610926739219e-01
1.128867147816088101e+00 8.682376375639906030e+01 -8.928681076001945272e-01
2.260976834432397720e+00 2.949699470893799713e+01 -2.595344680158886419e-01
6.148121443207087644e+00 8.985494700544141722e+01 5.179826702735724764e-01
5.138610305032499603e+00 2.309402592512990893e+01 -9.425589070454888641e-02
7.420742437174769002e+00 3.323465386451011483e+01 3.606929824109676441e-01
7.391381793201142747e-01 8.393812003598603155e+01 7.788881120448092332e-01
1.246268993065684949e+00 3.622392793025611013e+01 9.754960644858658159e-02
5.259533322263075128e+00 5.535664230001525254e+01 1.905226489066163542e-01
4.330031489832738778e+00 8.105434849472740666e+01 1.877777876983663941e-01
3.568681952844961813e+00 3.772241964898269018e+00 5.740332300817386768e-01
4.896960943385486154e+00 2.662986879485001879e+01 2.560825914999206865e-01
6.933099372722483222e-01 4.518203980059379887e+01 9.497046259670576251e-01
1.001422956463513980e+00 3.859633789402657555e+01 6.186831425954204544e-01
7.343167573743810017e+00 6.657479584597818700e+01 7.480950723810667613e-01
1.810469393229989121e+00 8.175201787893886518e+00 -4.707105919547668327e-01
4.291461471014871520e+00 4.158525844906621671e+01 -8.482443175560003823e-01
1.537951081558934119e+00 7.240313347491189688e+01 -5.919953718136111709e-01
4.378875190805186612e+00 3.377742695913752158e+01 -9.238196184849896131e-01
7.558031327329513438e+00 9.830666481821755553e+01 8.366343203979466070e-01
1.973660388667661136e+00 4.547620336551565146e+01 -5.202367803109951838e-01
5.528719987438191374e+00 8.361620143543491679e+01 -7.513511258292238093e-01
8.494926512075529956e+00 4.081662356890840471e+01 -9.995300134987020746e-01
3.816552927769220060e-01 8.206982669824068921e+01 9.381541000339095326e-01
6.266720687828820635e-01 8.190222875967791083e+01 7.107230108353316256e-01
1.091340213629446998e+00 8.654037517712185945e+01 3.399791048270977556e-01
9.185047006456287022e+00 9.988438051644584448e+01 8.860941141313973812e-01
7.860219754925265256e+00 5.047798726854890106e+01 -4.901248274512534087e-01
8.968528477624696293e+00 6.200989708944488399e+01 8.673189185159949632e-01
5.309205291410816763e+00 4.246041826096621286e+00 -7.445855209129181862e-01
6.654019621737571555e+00 7.238701435476069435e+01 -9.526587261729985157e-01
8.637028018551774267e+00 8.049823435024160290e+01 -9.750132992601765469e-01
2.598761702900648451e+00 5.324075017447895419e+01 4.662579021536529256e-01
1.015760004220298329e+00 6.451828053310958921e+01 -9.852778127615809955e-01
4.317359669785988174e+00 1.810013631302250303e+01 -9.728616079053554744e-01
1.875410147765104840e+00 2.511934375318945811e+01 -8.006328683396677359e-01
2.644010123481211227e+00 7.436000907606978672e+01 5.565304185203854281e-01
5.010305462098510354e+00 4.741188761497488713e+01 9.957151431457368362e-01
9.933762678679267655e-01 2.885453390369342941e+01 -8.524589964922978380e-01
3.435360608896758539e+00 2.362218510177983077e+01 6.532855446393932564e-01
1.828133974221269220e+00 9.138440660104978974e+01 6.492030327373714549e-01
2.875772397574036798e+00 9.905287203507513993e+01 -8.588725721693051263e-01
3.867161460178065280e+00 7.742523886575156666e+01 8.178744764643394172e-01
3.456789595009232219e+00 7.705005373265863966e+01 -3.369905541508075864e-01
6.502704625146556339e+00 3.112392533059339783e+01 1.606266695315992366e-01
6.623815256631333526e+00 1.850155206151380582e+01 8.689583495486491449e-01
7.794444605469888820e+00 8.567198452539639675e+01 8.399938395457825502e-01
4.768920502043440202e+00 5.858829390028914474e+01 -8.240826769799143303e-01
1.821943604717916720e+00 8.036691323724438973e+01 -8.624203923927976634e-01
4.735006584584262157e+00 1.154082161804239703e+01 -2.984903400989207256e-01
5.734559666832494074e+00 7.357765780977173264e+00 -2.570154065987453537e-02
7.687437193749997455e+00 7.076815814683736505e+01 -8.097922258379109950e-01
8.004406051248640352e+00 6.224379490000427495e+01 8.344160022325639581e-01
3.147051441569157948e+00 2.622965268076723788e+01 8.888787216491060850e-01
5.415549381906306969e+00 9.264240563621889635e+01 -3.314090638213637030e-01
2.591475162475893601e+00 8.601075150703699990e+01 -5.612934304592913648e-01
4.716359077954638046e+00 6.642721489796454648e+01 8.996509588198947638e-01
1.361511232163186147e+00 3.368315485884238569e+00 -1.090322862447919428e-01
6.194001609460157987e+00 5.703947794737807442e+01 -3.267561156157066105e-01
8.762407158649107686e+00 7.970035178049489843e+01 8.212811923366510891e-01
2.186488156069136490e+00 8.394723586649566016e+01 -9.489811457174077702e-01
1.949863521474241024e-01 5.480068801183190175e+01 -2.264815010365259784e-01
1.095990914320263965e+00 4.881632500052170087e+01 -8.832464780865528775e-01
4.431799309313354529e-01 7.640373498104779060e+01 -4.769836923728734690e-01
4.553768442452267529e+00 2.078388184616756895e+00 -9.999996549985151750e-01
1.083382009344344699e-01 3.210992482636611101e+01 -9.398250060005377549e-01
7.395674302802832223e+00 8.621969685360188151e+00 8.437540621336233615e-01
5.642533874926689563e+00 7.631220808845426973e+01 -4.289427888451565196e-01
2.504326148704322907e+00 5.399938756240449322e+01 -8.929223680180869982e-01
4.353268137942161609e+00 8.106213435442504078e+01 7.871210036767337659e-01
1.739263906424582506e+00 2.850941167984022684e+01 9.982411573123829429e-01
2.081581083035652924e+00 9.700828863693485005e+01 -9.921151957714204883e-01
9.510893941539082519e+00 9.060275683332973529e+01 1.447263079246483009e-01
9.181126121804771500e+00 9.245492880337133457e+00 -9.338955787695174537e-01
2.777908352014414994e+00 7.617964380234346855e+00 -4.888136459103845644e-01
2.980028919231536566e+00 4.339149924521603197e+00 8.229521184279374735e-01
4.845804492011275499e+00 8.500003931247682942e+00 -9.140853933533350517e-01
9.296944403519209477e-01 2.862755857864386400e+01 -1.216120997903837736e-01
1.749634552436079904e+00 9.389701019258474446e+00 -9.242235026061719205e-01
7.011867431996609668e+00 6.483201909721671541e+01 -8.960538718988673157e-01
3.225371111530478618e+00 8.348769857571909370e+01 -6.312296244091182285e-01
6.176731235289141253e+00 3.820710930016799978e+01 5.558899753068046179e-01
6.031084436849865504e+00 4.628475916159310799e+01 -1.024120119418038405e-01
6.874676274782722807e+00 2.482997646988319929e+01 -5.758089614318743221e-01
5.569637413894846789e-01 8.062172652591057442e+01 9.958697565943929186e-01
7.610012337602460875e+00 5.283823938337234694e+01 9.935559095539195917e-01
2.579466661791713467e+00 3.322548915440991379e+01 1.702632815983036729e-01
7.803659768683094633e+00 2.044903499459875462e+01 -9.903164968174354987e-01
9.634514322722283808e+00 3.344630442919924462e+01 -8.706373837628422763e-01
2.060741434341090805e+00 9.659968385565194637e+01 -9.086206260905269616e-01
1.405252199067856589e+00 9.866794665976550505e+01 9.958743200012258878e-01
2.572462766900259989e+00 9.796795721156928494e+01 9.275478447458663789e-01
5.807302285432173861e+00 6.775433047778106754e+01 -5.363382653354055174e-01
3.406476772390114593e+00 6.634752593197457315e+01 -4.511880170740986684e-01
9.846393255073270012e+00 9.868791646849837207e+01 -4.544968769361464878e-01
1.641315864851039974e+00 6.198156075093296380e+01 9.777017006388484255e-01
2.371768993987859897e+00 4.689887435229593393e+01 6.113125984057368040e-02
2.902049515568753346e+00 5.178879644264831938e+01 8.825973312846264740e-01
5.759492711851912361e+00 5.827779941340399716e+01 -1.880865990639213614e-01
7.905753710194779238e+00 4.136611908412319849e+01 5.243430883679737198e-01
3.625366966518290379e+00 6.248319120794277381e+01 -6.227444067739790201e-01
2.783932596289302897e+00 6.612112141002477017e+01 5.486559967937760796e-01
6.725049810371525716e+00 1.871904965395243181e+01 3.047416728448080342e-02
9.637878045379562053e+00 1.344313268064043498e+01 -4.653636166423133491e-02
6.612455980315668391e+00 2.975802810293012968e+01 5.811246602960468133e-01
6.666047893216501485e+00 2.522476945770749523e+01 -9.564477556549527693e-01
9.282851846639223581e+00 3.422087380895009545e+01 8.654565144935421062e-01
3.282034777935075809e+00 5.411982941858844498e+01 -2.214399003028817980e-01
4.761879431265667151e+00 2.554508617162112216e+01 -7.664742888387902076e-01
3.553887151873975192e+00 8.921294077804580525e+01 -9.644395411034878407e-01
4.212331908522584989e+00 7.065388374913254665e+01 9.885687732119802229e-01
4.184981715252645174e+00 1.140070026383750879e+01 -5.032146197805842380e-01
1.871941442976485570e+00 2.574507669376463781e+01 -5.219158913543755496e-01
5.313904905810692192e+00 1.877974724330170631e+01 7.448236308822869800e-01
6.075467160368380526e+00 1.660304943780446862e+01 5.181147207945151489e-01
5.726509446315654728e+00 3.650680209597994974e+01 6.571376894383773593e-01
7.938139302225246219e+00 8.672561937941656751e+00 6.764003235322718632e-01
1.480190846014334261e+00 1.737463629373907992e+01 5.369531406408384333e-01
4.163972710396974364e+00 6.197982012620549597e+01 -8.166414751297931263e-01
2.866953357082118625e+00 5.495679142397620787e+00 -9.915687308460872096e-01
8.497082040139039449e+00 1.583451972150466602e+01 -3.095772661643993451e-01
5.206850272427438142e+00 6.210163508368415464e+00 8.376372328005131651e-01
6.945012569933138202e+00 5.623660278258632417e+01 9.644496696556721371e-01
5.786455639530637463e+00 2.440572355864165388e+01 -6.646702015644498363e-02
9.458699129850341336e+00 1.456928553242818225e+01 8.686199160089141946e-01
4.901315006010209530e+00 8.779838177535430077e+01 8.948333072083662909e-01
8.115443299091946727e+00 2.329252284650454641e+01 3.885658183808465838e-01
2.914730462609853134e+00 8.105282596935536787e+01 9.006009556899536861e-01
5.323654480268408484e+00 4.848621786656109123e+01 6.914059445634134216e-01
8.163993455877308625e-01 7.274146979406802416e+01 -8.982319091964529045e-01
8.244235766619391725e+00 6.016731818573566670e+01 -4.886884230046389943e-01
1.494595412355512076e+00 6.710487840945835103e+01 4.162115078044092975e-01
8.351980852680979339e+00 5.181944707871905820e+01 1.701088848249333318e-01
3.536008209100461652e+00 9.123969640107870305e+01 -4.942396139951678036e-01
3.708822429490355344e+00 8.229024063303833714e+01 -2.484259302292795343e-03
1.795627651464448915e+00 7.762303897983898082e+01 -3.462242694339779381e-01
9.295849602167159276e+00 9.352852279970400673e+01 7.647016190903023203e-01
9.543416461194535572e+00 8.313999446399959581e+00 -8.467062401994145393e-01
5.473664546984871038e+00 9.757924500832417891e+01 9.762319754932070603e-01
8.353159776325471242e+00 7.900861978691970933e+01 8.637045418076996217e-01
1.311517013498151751e+00 7.971372722864772697e+01 -9.205085378957449382e-01
9.669084419331156255e+00 3.535596957223109627e+01 -4.276284919062611767e-01
8.560690812739334632e+00 8.923287504281152849e+01 -2.066347764573183143e-01
5.711357242268488399e+00 4.156368277291797853e+01 -2.493210006637327780e-01
3.380450460528404033e+00 8.859768534110581584e+01 -7.475714751946134218e-01
6.042811612846278990e+00 6.520930569702720447e+01 -1.872700804344997194e-01
7.217207326560991731e+00 2.202376763034386187e+01 -8.355569070230715045e-01
1.951487961780725700e+00 7.932943830434417976e+00 -9.896468403178176887e-01
1.494273092809513592e+00 5.977410821808692987e+01 4.488585803372764915e-01
5.129440907638381120e+00 8.375407781361924719e+01 7.004171162068476564e-01
9.611513256127681259e+00 9.499193312918737320e+01 -1.417460641139308974e-01
3.882719460218081675e+00 9.738719815764946475e+01 5.003217709538436697e-01
8.032519851718099346e+00 2.525286839142511841e+00 -1.418346983992643529e-01
7.403202666763172957e+00 5.495756676403736662e+01 -3.882702856083273257e-01
1.903325950117617238e-01 6.749396919435459274e+00 2.506871144235399140e-01
6.577111949000311597e+00 3.171511316558685323e+01 -9.388075699005145047e-01
4.511989056780515206e+00 3.603578220597746906e+01 1.955194664725317943e-01
4.782160943940849673e-01 1.752568461818333034e+01 -5.209863265179548453e-01
3.770048045147019522e+00 9.329872285707185142e+01 -2.680634495389664362e-01
6.316464531528435344e+00 6.763542905927155857e+01 -1.208280215893887816e-01
7.389358428828950665e+00 6.404537697771243643e+01 -7.182565300071712677e-01
7.187834314771066602e+00 2.329947949909720961e+01 9.039014144065776746e-01
1.773361163401738494e-01 9.301096532044329024e+01 -4.752952891613831943e-01
3.450847263067553961e+00 6.262165109267876950e+00 -9.116784234405417298e-01
1.029096938059247401e+00 8.973841131965252771e+01 2.967605079993093087e-01
7.741502335731182072e+00 6.728406469717506866e+01 -8.088409851873014089e-01
8.992668614231630997e+00 8.560772744988173599e+01 9.553740951415337079e-01
3.682288881218796384e+00 3.493906366658900708e+01 -3.843702683957861410e-01
1.415574066573369150e+00 3.689077708272001388e+01 -1.759878718478451454e-01
8.862813342918939297e-01 6.266215866913741905e+01 9.604203405614319955e-01
5.077103762671653087e+00 1.654233375119988381e+01 -9.701067175647615226e-01
2.381744906538854067e+00 4.761195911866364128e+01 9.183705288916476084e-01
2.235138982315132417e+00 8.628044760600865004e+01 4.302423324031414142e-01
3.262232023109576051e+00 9.017027022781691414e+01 1.824605200818350467e-02
9.793310330000558395e+00 6.566560120462283123e+01 -5.404889845599258891e-01
9.417404531704601567e+00 2.474596329929005734e+01 -4.691579097176522967e-02
9.309895514023558860e+00 4.751626198797731604e+01 -1.081816777508974731e-01
8.338622229972230571e+00 7.680035730201971944e+01 6.727211768875894782e-01
3.556038102365598474e-01 9.704522405394081375e+01 -8.119561283944104479e-01
2.518347823035480992e+00 8.897783579547504473e+01 3.652118367102753504e-01
1.386681656061719448e+00 1.343199990415576472e+01 9.714716118959325630e-01
4.274605292851420657e+00 6.873615683595635062e+01 -9.634628734565778840e-01
5.161474240078017139e+00 5.394812694650241269e+01 -7.604291153424211913e-01
7.835891014701292789e+00 7.840997739555287183e+01 2.247106285358077271e-01
9.105108772670289952e+00 1.044868144077043937e+01 9.346955620905298412e-01
5.958319230265521682e+00 6.497278220069321719e+01 4.517489982475978993e-01
6.022597589547894259e+00 2.587542363400822776e+00 -9.994901608296080653e-01
1.628605261927333681e+00 7.686007233564242824e+01 -2.151945075490776550e-03
8.594721667829121614e-01 9.712304848203683605e+01 -9.938442433271126308e-01
3.613104451373871928e-01 4.066699516799000236e+01 -5.071216007018396477e-01
6.191731932110680958e+00 9.940300688140471408e+00 -1.287620254943373788e-01
5.120970305303317538e+00 5.747339090768108605e+01 5.691396242307420472e-01
4.505802595162043289e+00 1.357556170386326500e+01 7.918485438083263661e-01
9.937253143485788698e+00 3.191223517523547670e+01 -9.998122422945600052e-01
6.001082034210459604e+00 7.863509375447631555e+01 -9.948037739074134800e-01
2.457980714271163603e+00 3.950937292218567620e+01 -9.055498410929955222e-01
4.114101088876738643e+00 7.142804519722004386e+01 3.707089217660634595e-01
8.230573621413330709e-01 7.491286671178868062e+01 3.115379365623091035e-01
2.371700385996918126e+00 2.594610675772486985e+01 7.554169336082768860e-01
2.312260251337016737e+00 4.501076333747003844e+01 -1.836010118174376538e-01
3.281754857062639363e+00 4.020366410596954765e+00 8.625363908999145179e-01
7.453745045951214010e+00 6.351395310904658942e+01 -3.529238732130305922e-01
5.970820825717527924e+00 7.389736712924339201e+01 8.284398662624278264e-01
9.333699026065659154e+00 7.184372202838967603e+00 -1.593558989222354227e-01
1.093924859578479514e-01 7.874195557669861500e+01 -6.929833402120484376e-01
8.763942539359508288e+00 1.392151206622606985e+01 -9.723021539212831632e-01
1.852305020754540232e-01 9.652022522763574841e+01 3.962846632544807512e-01
4.701672602457491301e+00 1.176803318629153416e+01 1.208204151119889602e-01
5.401313967781220526e+00 8.464022594955932277e+01 -6.979074299696990114e-01
4.595454057824099436e+00 3.665112621577799956e+01 5.973186071763209037e-01
5.714595589862727643e+00 9.243789684457021849e+01 -7.289892762328034070e-01
4.069632562800151732e+00 4.926323556469005638e+01 -3.889580669137280844e-01
3.412760176757663189e+00 6.303375926933078688e+01 -9.978050555530887378e-01
4.198447523277975435e+00 8.264790249631627717e+01 9.680482019264701199e-01
7.226390428984711178e+00 5.037659658215956426e+01 9.999422441365869441e-01
6.663023649040629159e+00 7.586947217088680873e+01 -6.801315546829271863e-01
7.489648346891258690e+00 3.702978397755597229e+01 -6.305451920255444875e-01
3.107644165567863048e+00 1.146712170719901991e+01 -6.240615238206387999e-02
3.230074762617912043e+00 6.783163943661797646e+01 5.637619685995357566e-01
3.919323225691402790e+00 8.687089534184133299e+01 -1.758228827406893569e-01
7.734042547132903289e-01 5.894346601536792463e+01 -7.105715068570968018e-01
7.952045023776245891e+00 8.192995289379799928e+00 -9.790193578674173391e-01
1.220974254311038232e+00 2.595400539813769214e+01 8.701173566258907366e-01
6.381184518175056830e+00 3.412950250720616907e+01 -8.393346340376969250e-01
8.146033603776199783e+00 5.927511342442259235e+01 -7.470535464927060554e-01
2.042263542245096097e+00 4.782687105822937923e+01 -7.869063306552921411e-01
2.652507644630469841e+00 6.678097271384167755e+01 7.197902474813592244e-01
2.747634443951459282e+00 5.308264663932448002e+00 -3.571283610986852319e-01
4.071883920162249204e+00 9.090700738589687546e+01 1.952233816077426909e-01
2.811888941038779510e+00 3.221974084182539855e+01 -9.995227959800665474e-01
3.101730850967123754e+00 6.815635327733605209e+01 -8.871691398340390000e-01
8.014548056766502171e+00 6.822358843012223417e+01 3.561696380099215742e-01
2.935823654747047762e+00 2.334829322032191712e+01 9.095780384191447521e-01
4.414053495062652210e+00 6.434409085117457039e+01 7.360145002804393544e-01
1.597784208526455085e+00 7.346584266289535492e+01 7.863693356189830341e-01
4.827396404735210034e+00 5.880595017763302934e+01 -8.037710675766108759e-01
7.625619652217722866e+00 7.391623044514357588e+00 9.218528707976864078e-01
1.563507988169416718e+00 1.419363625811251861e+00 -5.967281265281860758e-01
3.850585903984236502e+00 4.099769397396407555e+01 -2.555203469310557765e-02
2.195118846412416502e+00 4.142971349789336699e+01 -8.888419277724747269e-01
2.091052475173353908e+00 3.938818631207554688e+01 9.850663299240924875e-01
6.526600099852275960e+00 7.953890338863200782e+01 2.805442827515953752e-01
6.135524090058365188e-01 8.485881631687836091e+01 1.656386254931774271e-01
9.392399018597339833e+00 8.749999589258521837e+01 -6.405060798747382877e-01
2.109462482688420959e+00 7.774383749938924382e+01 3.060453005487590028e-01
3.973853845100328019e+00 9.817964673786299556e+01 -9.483373324650101743e-01
1.838687526781259018e+00 5.493871758428414864e+01 8.208434577451027003e-01
1.261939850731959689e+00 6.150553877664250990e+01 -9.843766863285468016e-01
9.099384984247775421e+00 9.399552464730903978e+01 6.234984915666926808e-01
3.322776250488949312e+00 9.309194225702003678e+01 -9.958643719646113057e-01
5.149902247623191265e+00 3.403243349133136064e+01 -8.389658914944384538e-01
6.484062124855353382e+00 8.864925274391464427e+01 -6.716694445997778429e-01
9.123974962176774284e+00 9.286714344899128548e+01 1.230832712543785679e-01
6.817181979626480981e+00 2.459061156313610752e+01 -3.539071001050083654e-01
1.112878716853650918e+00 5.456857296209667396e+01 -9.996309540784213965e-01
4.181774364134072108e+00 9.955138908494309646e+01 -2.461571935157874647e-01
1.494204586566385551e+00 3.979418189753164370e+01 -7.809135468554174730e-01
2.009278286529581958e+00 4.493119249133576432e+01 -7.753608602130092065e-01
8.226140897534323315e+00 8.871258392208740418e+01 -4.386690789336810115e-01
2.238940789578879098e+00 5.710512209191151811e+01 -4.024614502422849127e-01
7.600361945704656286e+00 3.621839225774502324e+01 -9.998900652998651273e-01
3.134093183721330167e+00 5.483646787371738895e+01 -9.671274082080297818e-01
7.004808814073880008e+00 2.436243061828728429e+01 -6.439103172794498064e-01
3.658117342055470900e+00 4.819913405997399991e+01 1.732409741473103781e-01
7.575444904050961270e+00 7.058846245695373511e+01 -8.567290289414979110e-02
7.039552560629981137e+00 7.673428493457568322e+01 -8.307847827997729695e-01
3.009618895569709629e+00 1.354963041871408791e+01 -9.989276114211661506e-01
4.493989804327132909e+00 1.642414454733131635e+01 -5.285351814199096276e-01
5.060700834872582377e+00 1.126926929991699922e+01 6.210583808249837690e-01
1.380554859673038148e+00 3.677686954341020709e+01 7.162666783490320155e-01
4.987143416321920597e+00 3.623055876127593677e+01 -9.934602611776884862e-01
9.322317496984668495e+00 3.284358109390322511e+01 1.659748495669600976e-01
9.337617326980679477e-01 1.081299976864527679e+01 -8.105703262309472690e-01
9.559104553345001420e+00 3.708697107689696537e+01 7.693399503845373966e-01
1.254611743856641759e+00 1.827201733329961542e+01 -5.943965318738290149e-01
6.269644502208175929e+00 6.569750631788286555e+00 -9.170575250029909808e-01
2.170821532688210986e+00 4.011789970233952829e+01 4.819264681946572315e-01
2.169321375182001965e+00 5.731697434381278811e+01 2.381384011533632106e-01
6.878561144533065885e+00 9.667029817800656843e+00 -9.882783935170702527e-01
2.050502314044839736e+00 2.031184468427876411e+01 -8.488816005527055619e-01
9.147264229095139143e+00 2.756855633795558802e+01 9.968806470634354877e-01
3.830723973136914484e+00 8.450086821960138650e+01 -9.687335058207862115e-01
1.401705572066984873e+00 2.667568484447589761e+00 -8.054170549149337610e-01
5.998553217065741849e-01 8.540496415458666490e+01 -3.640897660845160977e-01
2.402291384249225281e+00 4.583206823106522165e+01 -3.247044071856831082e-01
4.657119690588060745e-01 8.810908271326995589e+01 -9.176768302273097255e-01
6.153660636334931766e+00 1.647748821055774471e+01 6.570543312263621427e-01
6.036930254620709313e+00 5.739943044270717998e+00 -9.220065438089831700e-01
7.704969231557760700e+00 1.257046331034666409e+01 -2.808386443032142021e-01
4.706282930115562202e+00 6.020816211546915042e+01 6.910469511582980617e-01
2.485365792830699583e+00 5.032670178590358034e+01 7.401626933844011047e-01
7.497678198478286760e+00 4.737549311341475544e+01 6.495481745191256095e-01
6.239325157099042229e+00 1.698274607752184195e+01 4.489557730062829766e-01
5.595486284059434379e-01 1.668539738722215304e+01 -9.999649763871998331e-01
3.536227256093027904e+00 9.085374513057902846e+01 9.055261477213457644e-01
5.577455458771777286e-01 3.975753855287360494e+01 -9.708246661467242467e-01
1.796526311158537448e+00 9.563185125724827174e+01 9.646150236911210651e-01
9.505615492396966459e+00 5.407346789878027948e+01 5.264025288504297073e-01
3.788940841891919931e+00 3.287714436897888959e+01 -9.399701248260363684e-01
6.078295045568868460e+00 8.621167723726672705e+01 1.516053595792358211e-01
5.368415383559485221e+00 7.751954426746186755e+01 9.420225501711267935e-01
8.057515916752775453e+00 9.417983794978719914e+01 -9.581379339336646428e-01
8.215007013591288043e+00 7.408644553582712433e+01 -5.890900684182049929e-01
9.778413519945816645e+00 8.908827541259957172e+01 -9.125314267351101183e-01
1.941436879987162856e+00 3.660363440024705994e+01 -2.007716057048087310e-01
5.632040068399518873e+00 3.358585193901677535e+00 9.874351491993190733e-01
6.735472634293692806e+00 8.171597238570008415e+01 -9.040266396681524430e-01
5.566111466692443166e+00 9.024853543501228614e+01 5.418854829907097104e-01
3.718744493034470189e+00 8.131780274961504063e+01 1.200882245814307858e-01
9.175521750118171838e+00 9.237379308381265730e+01 2.861249816300127646e-01
8.728173102185252219e+00 6.954345783256300706e+01 -9.225481857925129647e-01
1.086132933897323571e+00 4.682911866347986063e+01 7.252323923128102257e-01
5.114457062316371427e+00 2.191898732367200786e+00 1.661459335516332625e-01
1.635099582784798944e+00 3.835810816623853725e+01 8.779295599516209192e-01
8.527404887781202092e+00 7.537985425372380632e+01 9.983830811483473955e-01
9.157165157368947206e+00 8.193485371392844741e+01 4.764622313089006966e-01
6.556395997373464013e+00 7.812414552099205878e+01 8.413891652391671805e-01
6.913458819489700424e+00 3.567668023626266915e+01 6.771100402795884321e-01
3.868217562608626370e+00 6.991112376894822944e+01 4.256999909252653924e-01
3.504900050226150698e-01 8.901416135456071288e+01 9.840207091032380227e-01
9.934556194208154167e+00 3.296215603131265937e+01 -2.494002482718293834e-01
6.563041815496776898e+00 5.929825879698002211e+01 4.880702363364768925e-01
9.134931520229674362e+00 5.270755812410575913e+01 9.525418779514961409e-01
9.835568748802362649e+00 1.576057968519057262e+01 9.989189529189250738e-01
5.049783196286520948e+00 6.173031978543626508e+01 7.489555043878364238e-01
3.481340804180384829e+00 9.683012873310825341e+01 6.913348722415572911e-02
2.246682831397221580e+00 9.262804361765525130e+01 2.530104843095011269e-01
2.956982241271469025e+00 4.264759060985029038e+01 -1.811005913361561637e-01
3.383391214058588670e+00 3.806455303797039846e+01 -5.421023493517067582e-01
3.668673812105768040e+00 7.879827114363074259e+01 -8.388335865741692876e-01
7.139181327479954264e-01 6.085822543983696598e+00 -3.275704153905470983e-01
9.005563116226248610e+00 5.408414306125590088e+01 2.491009317908242648e-01
9.825997970999353015e+00 3.715081992317139736e+01 -8.381193314414814299e-01
4.135224581192839644e+00 6.706739292357839588e+01 8.006999452071254797e-02
7.549906450034402638e-01 6.449724874994799961e+01 2.768122052332983030e-01
5.195517163949122441e+00 7.846184702359718699e+01 -5.339162664920980850e-02
5.384696193571349987e+00 3.442888029361594704e+01 3.703835740269030286e-01
4.838818936311356289e+00 4.144743243075009786e+01 1.447091060865404455e-01
2.634735898367494222e+00 3.518302672594817437e+01 6.556167436794576586e-01
7.483901341388912165e+00 6.134329895769155172e+01 5.956475108491807724e-01
9.943032717013911892e+00 4.945372055089713115e+01 -3.629270141559138296e-01
8.906562787639886736e+00 6.029019206012334564e+01 -7.099503042275454590e-01
2.719123073965455273e+00 5.741681543741633220e+01 6.209444777167322238e-01
3.277641340478726351e-01 2.852737819350810966e+01 -9.972333151238811366e-01
7.384147860077682424e+00 6.679008858854737163e+00 9.985104657623286029e-01
4.940277435252542482e+00 6.341584927251508930e+01 -7.109933329900348653e-01
7.557913974647292754e+00 5.203227986214617573e+01 4.463700637835622542e-01
5.823536028678362619e+00 6.204337356661321223e+01 9.986253023829315678e-01
6.985697904510663747e-01 1.958099472496592952e+01 2.782585882560442148e-01
5.191304997985054293e+00 7.173724587260919350e+01 6.009943620418541910e-01
6.557870528754712325e+00 9.691350350355574506e+01 -2.534553741421824991e-01
5.610478097255393592e+00 5.726314540460377245e+00 9.637127850492674952e-01
3.398700960308107089e+00 1.666946710388923236e+01 9.727688582592005639e-01
5.805046302581312823e+00 5.637442161179385636e+01 3.012686695353582467e-01
2.394629475103985161e+00 6.279844173146390318e+00 -7.061334595322512619e-01
5.091574287209465588e+00 8.395128911009926753e+01 -7.070456623244765204e-01
1.815790836035445999e+00 5.487161573081068155e+01 9.992018795460929637e-01
5.509786970723701494e+00 3.501686246287877680e+01 -8.921926456972236741e-01
6.163981833196126026e+00 4.484919232603760264e+01 -5.601456297295194231e-01
7.584818163220307774e+00 3.039241982532653807e+01 -6.139228947530552816e-01
4.284639877407545150e+00 5.382594246046611630e+01 -9.233927083478535858e-01
2.698602075151005586e+00 8.849883860839649685e+01 9.438650264683304814e-01
7.408851110969342235e-01 5.933834385465840633e+00 -3.312492815233554766e-01
4.634761964514641619e+00 6.337578011080083229e+00 -5.516300970653604807e-01
4.449620684456242259e+00 8.569917555002319887e+01 5.301234615001132466e-01
1.793835739622175351e+00 9.374593928239266916e+01 2.714829840264187388e-01
5.063487986240602368e+00 3.129148235715980775e+01 -8.058751959208489968e-01
9.618422209444875692e-01 6.267736197451392854e+01 -2.577278811810757020e-01
7.657761846572721964e+00 6.731905619160998810e+01 5.972810967139250415e-01
8.188887101437394733e+00 8.048902951695446006e+01 3.820366614378210152e-02
9.914690533855635479e+00 3.193404133103618037e+01 9.616207679026016475e-01
6.637293047935257206e+00 7.960294729315640438e+01 -9.998061278910834737e-01
9.210039098699386528e+00 1.383606599222527223e+01 9.984111396550257034e-01
5.359953076948950290e+00 1.735187006559199219e+01 9.070011524550202209e-01
4.692040359619685574e+00 5.179229273900601527e+01 -4.783940613238657491e-02
9.643382017085022184e+00 7.115801146180209003e+01 -9.587131721581610977e-01
9.984548069160991801e+00 9.297680092917272532e+01 -3.318100882827454967e-01
1.860165553494580681e+00 7.894530678026681514e+00 -4.037681602791677316e-01
4.556606532099705120e-01 2.252139335185768942e+01 -5.819749382882314359e-01
4.195909155182506289e+00 2.324572303705814846e+01 -9.969228999351852361e-01
7.181944306749739049e+00 8.851953766758406061e+01 4.689060964526143294e-01
8.263053395076894958e+00 5.862774699635371434e+01 -5.913857317806905378e-01
6.111030343713159674e+00 7.739399262369740029e+01 -9.625494471406288444e-01
7.203411872552969442e+00 6.525276213711269691e+01 -6.194756032899110254e-01
3.294228325207464447e-01 4.625660558215231788e+01 -9.139930258858595113e-01
6.366950738884531447e+00 4.737835199352181093e+01 1.890689187018398387e-01
9.586235403624973728e+00 2.582407715785150160e+01 8.342586324764884598e-01
7.475082874461948634e+00 4.076633896359634690e+01 -9.086262318234958890e-01
1.561646150899582697e+00 6.413506789096948069e+01 7.985321158842410005e-01
5.564943098358865470e+00 7.850220896285772199e+01 -3.633925572796701808e-01
3.241874787797314195e+00 9.770705605582111275e+01 -9.845513751231056432e-01
4.059498122012702659e+00 8.160366583276189800e+00 -2.173716771432518124e-01
9.904921864341229565e+00 9.312007079608130766e+01 9.997625680343379395e-01
5.948872074731896831e+00 7.963431788445772952e+01 3.030909589787598724e-01
3.023788695963446127e+00 6.111566945727545175e+01 9.405436026960095619e-01
2.402449885455518186e-01 2.833228985910916720e+01 8.445782740637629571e-01
4.893232443127971676e-01 1.303207525499878905e+01 9.865822549074779735e-01
6.244601539048530547e+00 8.860983312203617857e+01 3.299121402121745206e-01
4.241233963339777979e+00 9.202049319964547891e+00 4.201496779139032856e-01
2.782437005899351945e+00 8.193683965481997689e+01 -5.249495322244188689e-01
2.280738643834811175e+00 2.032879530879037944e+01 -9.668349487645285789e-01
1.218628135184819827e+00 7.454149339497684323e+00 -9.183969348569314128e-01
1.326606989420850091e+00 3.280217386799647272e+01 9.990395884516968250e-01
3.810628395500089916e+00 6.464036248679336438e+01 1.397997504931317581e-01
9.813672934752730725e+00 2.390962179177942559e+01 6.147565043828608911e-01
5.965979957597544292e+00 6.718802016597567928e+00 -4.917562032967814911e-01
5.327509793848922648e+00 1.631458577352692174e+01 9.790648958177873284e-01
1.792236338441313137e+00 5.204103155198779262e+01 2.696640875921947900e-01
4.098228692148278896e+00 6.339143874810415724e+01 5.770801949299930733e-01
6.308057157332371823e+00 5.479689869581055461e+01 -1.052102833709695484e-01
3.296072498281183538e+00 8.587316652440128451e+01 7.809000303117611397e-01
3.858589547240947049e+00 3.441134477832174099e+01 6.052173270118446080e-01
4.696786898985559233e+00 9.390160897485559133e+01 -9.824461695439650200e-01
5.570244959222822700e+00 6.933440340299211080e+00 4.882674811849641028e-01
5.165728744827246643e+00 5.481886808348320983e+01 9.343861194482169230e-01
7.479094308436994964e+00 6.397147989289774017e+01 9.882280417120535843e-01
5.089837168632612041e+00 2.033515719071082728e+01 3.712202125398376684e-01
8.470899183799213361e+00 7.443705321539746933e+01 8.698387069355923984e-01
9.725497487729638735e+00 5.286792215334224920e+01 7.742614096298824355e-01
6.068313791378495914e+00 3.037206354228971961e+01 6.993069107756735292e-01
3.211460162457962397e+00 8.317976011402113556e+01 -8.839305548136178192e-01
9.358444543933941873e+00 1.080426998483499546e+01 -1.653481205118512709e-01
9.997488555621670159e+00 7.172833007573436248e+01 -3.994670122920421229e-01
1.860601171691346867e+00 9.337204287719995932e+01 9.589625498933414260e-02
6.569576855150137007e+00 3.494784047949407579e+01 -3.432590190816556253e-01
6.702967350481501718e+00 8.593058609194149255e+01 -9.448954144620735907e-01
1.125169476807265534e+00 5.802400121154110302e+00 9.752848382845894504e-01
4.790214550824633655e+00 3.131368659583161218e+01 3.465782519859275101e-01
5.469055653106506654e+00 1.212513668505635778e+01 -8.084658141206684245e-01
7.101419363799021056e+00 8.874866464674150279e+01 8.240697295968123504e-01
9.799176022161363520e+00 7.898864104476456305e+01 8.574849545133158557e-01
7.111109738860198703e+00 2.983317579023077482e+00 -5.438598879259521901e-01
2.507405146467598822e+00 5.043911497121563059e+01 9.037013277138867817e-01
5.084231706451534549e+00 9.743756267752694100e+01 1.758368716336660142e-01
6.675291506377804218e+00 5.547501444588341712e+01 -9.443587747587135484e-01
2.843205475852274233e+00 1.778993124662051883e+01 8.250443252799406491e-01
8.959649524324047043e-01 8.728439673704981772e+01 -9.641084698831851041e-01
1.020408147810439647e+00 9.022252874865372974e+01 -8.696815499859392729e-01
4.449208333444340191e+00 5.780942241131572956e+01 -9.998515733437320918e-01
5.256953589956375517e+00 8.166565870727424681e+01 6.355907832660194767e-01
4.003811172795048279e+00 6.459924117035663471e+01 -9.596701741620248249e-01
6.902200509901435410e+00 6.649744101569044119e+01 1.469821680244149942e-01
8.728856777257544053e+00 4.025807112148826405e+01 3.328937134174715373e-01
2.467151662611513974e+00 5.295720383020238842e+01 3.013707881124548793e-01
6.647601210402572569e+00 3.248372066402861691e+01 -2.396378848974063669e-02
9.292585775018048722e+00 9.251849748882733593e+01 8.414525834698091122e-01
2.992237428342318761e+00 3.457225227552239488e+01 4.111852533998790471e-01
4.631486198484628503e+00 5.405154352666993844e+01 -5.636548489186128663e-02
1.804135795785581919e+00 4.418973212465954248e+01 -8.738927340425116652e-01
5.130281217531147853e+00 1.763658585324550643e+01 -9.208090870525008631e-01
1.849945139439129749e+00 9.109438892600368831e+01 5.059422692380086684e-01
6.583173102983206348e+00 6.233958690420566384e+00 -9.377221267996421750e-01
3.574368393410144673e+00 9.487453027982506626e+01 1.479501179320053816e-01
6.277052249237543791e+00 6.056110124346552226e+01 -7.912859950399561138e-01
2.652094857158313168e+00 4.461437411359748495e+01 -3.048986498514802967e-01
6.003690967694187641e+00 5.496091351337359043e+01 -5.164239396799059634e-01
7.086317661316194005e+00 9.456117374518485974e+01 3.341591548413929552e-02
6.068048729085074200e+00 7.799526869719656474e+01 -7.248566609791102788e-01
7.599668257835806351e+00 8.253849841765804740e+01 -2.213172289645674862e-02
2.580975908215556114e+00 7.639095238090041562e+01 4.957390519335729273e-01
5.326421397046396500e+00 2.376610961525879517e+01 9.381944992029691566e-01
1.554324161999676379e+00 9.204739442843644781e+01 -3.460905126605992588e-01
1.774388862024266045e+00 8.622081152858949338e+01 -2.501902155875620481e-01
8.868690653137479174e+00 8.193908690263600647e+01 7.054100067079859260e-01
6.968050976858997103e+00 7.568609554770596048e+01 -9.415153007478326286e-01
9.564474395646522353e+00 7.382052628727433330e+01 -5.927009969184610788e-02
3.166844022851560858e+00 8.176413897040856682e+01 9.999917166669900492e-01
9.500397409525724868e+00 1.704802439010122939e+01 9.613813922701918147e-01
2.023351280645903305e+00 9.448234716159174695e+01 -3.273810037636958048e-02
9.121969235286451649e+00 6.176175552005023661e+01 1.933824629648534799e-01
9.954534030863245064e+00 9.492713670091141864e+00 9.991455629153126461e-01
4.332309667200904713e+00 1.024534925349011338e+01 8.020245179705872696e-01
4.888519095550454274e-01 5.913416819127224500e+01 -8.811374437894670120e-01
5.014642330901098788e+00 1.092138740098797278e+01 -4.286942269787037407e-01
3.254681897768455290e+00 1.254549841070063465e+01 -9.977349082243202050e-01
6.750316974572890816e-01 5.900126997279363650e+01 -9.255726398813565181e-01
3.439053645011609817e+00 3.364869362841584177e+01 -9.108095710530365874e-02
7.661878025649128787e+00 9.835965304059718051e+01 -7.272682986419432005e-01
1.644921662453313393e+00 2.005801560044677956e+01 2.009284747184478526e-01
8.967642968073134213e+00 2.990717057307100468e+00 3.021668595867325197e-02
6.499737531944141944e-01 9.233037882934712570e+01 -9.764784710152162317e-01
7.924504565961266067e+00 1.398010886224938076e+01 -6.075683654867964911e-01
1.527078488320075533e-01 9.753371193709806164e+01 -7.214897807533325880e-01
5.815946907650953790e+00 2.903383688124791817e+01 7.542439934793164769e-01
9.908074752426998089e+00 1.692547649658272491e+01 5.995977085476010826e-01
6.669905022837292918e+00 4.071500993030043425e+00 -4.163100017319469881e-01
9.796248993576723407e+00 4.302072481074670662e+01 9.870935197262087346e-01
7.219090181954401331e+00 8.618874454296870624e+01 -2.427407164789836813e-01
6.168527405581885503e+00 3.111235567962690141e+01 -5.800907582083975056e-01
3.863850557992626999e+00 9.237040917597791179e+01 2.989671241764088050e-01
3.857523944977625074e+00 6.067785779943486091e+01 -9.490927421884027826e-01
6.594595296620980873e-01 7.183321570020235924e+01 -8.415899699082154406e-01
6.738448686991716841e+00 3.487416279588497048e+01 4.167964906120151802e-01
2.731289946940991697e+00 4.764264398758179908e+01 3.141531348042933547e-01
4.327827229121142594e+00 8.474181609044876495e+00 3.255238488738093072e-01
1.518842712975968956e+00 2.746785501053542333e+01 -2.412861905886642400e-01
5.715420074818968743e+00 8.301923714804243559e+01 -9.956957907154214693e-01
3.638614783197579250e+00 6.102791729571174528e+01 8.996977909950059082e-01
2.599207779527326956e+00 3.870417754206299321e+01 8.533740486019288918e-01
3.421638998235892792e+00 5.754932823405944475e+01 -8.694088013241199064e-01
6.118534713373572131e+00 7.498155927707531987e+01 -9.975380538400456798e-01
8.450299717420051593e+00 5.717308213343775947e+01 -4.787578601843870962e-01
1.930896545848009405e+00 9.655204645859977575e+01 3.496047016059775081e-01
1.588265914915925281e+00 3.741971020438626283e+01 -9.126856790640456296e-01
5.342786848260725030e+00 9.497192665072029172e+01 8.550445150293141117e-01
1.935204772706218268e+00 2.739695596291671009e+01 -8.477084546011218746e-01
7.993817659126390751e+00 2.577064993488938072e+01 9.885988769890160510e-01
7.685190950313712577e+00 1.786528975494348259e+01 9.658657873219013146e-01
5.681710360300455065e+00 5.908654359327099570e+01 1.917497053407205554e-01
1.074176801712180218e+00 9.798518085436866443e+01 9.789453394426103072e-01
6.286329227444083401e+00 5.235616468704675697e+01 8.365068955839021214e-01
3.230191956437862721e+00 5.266121700116210747e+01 -4.674896386663747738e-01
8.526701002588588096e+00 6.243162853288780845e+00 -9.517269284719047651e-01
8.306416206420895065e+00 1.853828777849015097e+01 -2.747221196375265184e-01
4.067609836003446944e+00 5.556762738985668904e+01 -1.114308697693576072e-01
7.886668751361449736e+00 9.355809789524984765e+00 -5.764959360799570831e-01
9.822909530909225140e+00 1.375930010786151847e+01 -4.314909910002381332e-01
1.008846137992250425e+00 5.342409321467714989e+01 -8.895801130864601225e-01
5.649682946139416906e+00 1.666488828672483535e+01 6.062022623960655610e-01
4.981723871522637515e-01 4.498175898565347808e+01 -9.603040479429938436e-01
3.271934029316118320e+00 9.912688742469526915e+01 -4.984642063384351340e-01
3.534564680900597278e+00 3.908766616493404289e+00 4.180289054096858470e-01
1.766379533993342132e+00 8.815713108325186909e+01 7.040243735664802882e-02
7.829637115054977059e+00 2.618186201766116739e+01 -9.908267439298582557e-01
3.889919578854617033e-01 3.331245964260691039e+01 8.854602796477795135e-01
9.816253802573275067e+00 4.827297150520088564e+01 8.329198516261604457e-01
4.015611524270704669e-01 1.806884779995007761e+01 5.632767083035955524e-01
8.330399711410143126e+00 4.168518152921574682e+01 9.552705221195910701e-01
6.822801999592565281e+00 8.418364881858018123e+01 9.314631309045115493e-02
6.705533634350938632e-01 3.522181218203218833e+01 2.624398196625910007e-01
8.597134125806597638e+00 8.351276824990846137e+01 9.790850408486337919e-01
4.359561727556725330e+00 7.925539418029717353e+01 8.445804810918694505e-01
8.724134672927277734e+00 8.097082415522122290e+01 -2.186056682192923928e-01
1.060746538427943753e+00 7.302950541322523748e+01 -4.303473051669470251e-01
9.209198050213583286e+00 8.684132167722087559e+01 8.909241918565591334e-01
4.973674955556935950e-01 8.319303161562007176e+01 -8.400513666296534065e-01
1.352594071846005885e+00 8.590268622521320196e+01 -7.816843487441400562e-01
7.434991144459868195e-01 3.273398821824999061e+01 5.968943035571518951e-01
7.302790879167766036e+00 4.378407115684298390e+01 -9.985557173007576504e-01
5.901830884916909881e+00 7.497577541608623619e+01 -4.036404482056679677e-01
9.607647566699736075e+00 3.504962526487339147e+01 -6.341767675303482399e-01
4.590443492304961737e+00 7.348408068728356390e+00 -7.110703385970230661e-01
3.868465975237590726e+00 1.752464505210867074e+01 -5.214486497932674380e-01
8.798203713421841599e+00 3.904988062109591596e+01 4.893833662424115216e-01
4.792792312171516578e+00 7.167131006868842746e+01 -6.817626833816941012e-01
8.431503858455130285e+00 9.088706758658102558e+01 7.053299118429022796e-01
2.003069946331512252e+00 5.753080705216014934e+01 -4.684722008840193075e-01
5.835476564813153466e+00 8.456974544321236920e+01 -8.232029856788987132e-01
1.614917652051867325e+00 7.983471364342423726e+01 7.398911221774114866e-01
5.162828850412734205e+00 6.509682104384988577e+01 -2.992135674961154956e-01
9.981315564816773289e+00 7.725008823406038516e+01 7.746380771317589418e-03
9.177380165153779856e+00 1.858307346431951146e+01 -7.330376815019787884e-01
6.731554177432393260e+00 5.392895404789091884e+01 6.149952735538124493e-01
9.313035450875672083e+00 6.672370173133802496e+01 -7.986929672299092342e-01
9.872578794222000909e+00 1.750623890089845247e+01 3.802207726250165232e-01
1.488692265639724344e+00 4.551136161001767277e+01 8.640806666448297424e-01
5.107642387891775826e+00 8.812251149505512160e+01 -5.736037184496748376e-01
7.858123535313320751e+00 7.027621810410039416e+01 -8.368809140378298261e-01
5.901079742380227477e-01 1.786759391310979339e+01 -4.499894050419300795e-01
2.075293054074045962e+00 8.261103106837101961e+01 -9.941404556278051752e-01
1.599296648949166233e+00 7.223129356875541873e+01 8.404370115703864164e-01
1.838555341834329004e+00 2.631642455579317286e+01 6.099613953381204101e-02
3.042417202739464255e+00 6.266058951052234960e+01 -8.508577564043071639e-01
1.181060482644222365e+00 3.329824986075033078e+00 -6.918686840143124517e-01
3.690099892384452573e+00 5.211277234503773315e+01 -5.875867133503723250e-02
2.703681169994682776e+00 8.132780491088391273e+01 -2.835371062737392367e-01
1.150059823643759138e+00 3.264861151012908635e+01 9.878170815168144658e-01
4.491717806171180882e+00 8.218999641788929011e+01 -2.788373424585182669e-01
1.228566087855770039e+00 9.878142164459864816e+00 9.012852430307075613e-01
3.140696361727982833e+00 1.522573200571974716e+01 -8.652937070899662242e-01
6.282069135787423875e+00 3.055278391207023958e+01 6.497424781902393365e-01
4.323415117568200294e+00 4.708776486426425123e+01 -9.070619764800598173e-01
4.535898828604156385e+00 4.075749111810383596e+01 8.238372459002581139e-02
9.625855146800118334e+00 7.748503563001594330e+01 -2.025899719783303687e-01
6.095323007452599917e+00 9.125496113952866040e+01 -2.906030881780338748e-01
4.722181034731899985e+00 4.538549687626758811e+01 -4.830886169223472248e-01
2.839691437297254151e+00 1.070497463954100859e+01 6.691157585400445695e-01
9.763518359324232065e+00 9.069471571052092429e+01 -8.628522226371975190e-01
7.605946426875340727e+00 9.931631487104728251e+01 -3.690176514846280065e-02
5.278761591657647578e+00 2.905249808891484165e+01 1.433580617672204020e-03
4.933446554579055565e+00 3.814218172779176541e+01 7.992094649712817578e-01
7.050034323571985340e+00 5.563811617137709931e+01 -6.484889185694756586e-01
8.443447356409045312e+00 5.521065423646386705e+01 5.081018273719410949e-01
5.748865093889303779e+00 9.976002387209536693e+00 6.218114608364150309e-01
6.334409959970689563e+00 1.164867445509151267e+01 -7.267194456251915291e-01
2.431035551503726744e+00 7.252087705702999187e+01 9.924387484048463604e-01
7.646116956183859337e+00 1.143949463946848866e+01 9.832633131214495448e-01
1.633278523289240169e+00 9.352431848490385846e+01 9.516993003507454585e-01
5.379750578284440365e+00 8.319323449016742700e+01 -8.738651238763323059e-01
4.554684373683198118e+00 3.588064216310359456e+01 9.576053709143408366e-01
4.430307272122368190e+00 5.717164674175613470e+01 6.441732136953010057e-01
6.842279007113925005e+00 4.369030035247057953e+01 -9.556938468951976517e-01
1.745440120688454222e+00 5.126031897621635380e+01 -5.088086674627380346e-02
7.029750316529787213e+00 3.735204588533090231e+01 3.254954907176720869e-01
3.163378789308469941e+00 4.211823045036229018e+01 2.397206158881237115e-01
2.600344272971577109e+00 9.263159380108388063e+01 -2.256710326460923954e-01
9.613527608159058602e+00 8.822627859865067990e+01 1.089994601420807147e-01
4.025770112624753594e+00 3.412467890872780885e+01 3.348796336196350198e-01
2.723696510405590132e+00 8.745067011986913030e+01 -6.959785663167386005e-01
9.186791771164644516e+00 7.743296170932202926e+01 6.942268695818510915e-01
9.493068002207468936e+00 2.369952699877588387e+01 7.583432984752672690e-01
7.819568751964184550e+00 1.903187618469657849e+01 -7.577069977063808359e-01
6.602409422670296735e-01 2.380398605200891993e+01 -9.951793790415628393e-01
8.841657733037511235e-01 7.182339943515110292e+01 2.676987093062089818e-01
3.172591341259689113e+00 5.395768691541868378e+01 3.981067860546707027e-01
9.926908111496596021e+00 9.279049719765821180e+01 1.963807151510072180e-01
1.056738279354352938e+00 3.465453459724929353e+00 -8.786428317465426741e-01
2.152561744587365933e+00 3.541798771408924296e+00 1.602330644950182570e-01
3.461623044714354336e+00 6.105009979950806809e+01 5.530397139128312434e-01
8.587554418808196033e+00 4.123427386937094496e+01 -9.814363235023911836e-01
7.903496644712729058e+00 1.583553800683241697e+01 4.351318894632005829e-01
6.942234841912880761e+00 4.660149440836728019e+01 -5.390769954422132137e-01
4.394577314737814433e+00 4.996763012147556537e+01 8.651501747032954714e-01
6.030027264767766626e-01 8.023846370335708400e+01 -3.204904024215599612e-01
4.311691584100645791e+00 2.502892855699678165e+01 -9.544959517673778926e-01
6.036111387611330592e+00 5.620493901459427377e+01 -2.993789318172369041e-01
2.045319494875237787e+00 6.299843708847319590e+01 -7.810148499169378145e-01
7.722509468441611347e+00 3.566798149894568581e+01 4.721773045861694107e-01
5.866608170607451989e+00 2.428665096499580756e+01 6.599996279371229679e-01
5.364823436160447656e+00 7.006385115349570469e+01 -5.291998819097309958e-01
1.234158635391467085e+00 3.159182238895297345e+01 6.928827684028701084e-01
7.789007745310593478e+00 6.581081639206111333e+00 9.153794720421598585e-02
7.278113816495177524e-01 5.526447612774682483e+01 -9.930812098794946641e-01
1.101141939344473686e+00 8.576231268894552784e+01 9.775251835147545920e-01
6.794511490031897694e+00 8.238775988866051136e+01 -1.657724964892988428e-01
6.476548045332827463e+00 4.152631980509688248e+01 -6.202643498894369056e-01
4.749313748101524624e+00 4.496628667153873238e+01 -6.613704843594718774e-01
9.866179884305411818e+00 5.716864886521713629e+01 -5.942930642710885225e-01
8.888739856509721093e+00 7.341582383104237053e+00 -1.849555417650309286e-01
8.923485222667315142e+00 9.157137137224557932e+01 -3.584960392769346860e-01
9.511152958152548464e+00 2.973752366023947147e+01 -3.448678025252394086e-01
9.043272157845459347e+00 5.877643288366962082e+01 -7.784194321840414155e-01
5.861183373446003486e+00 4.700463585267758049e+01 -7.533464583932839576e-01
4.244431891075730157e+00 4.205339154137330837e+00 6.805045442471309158e-01
3.154991019496879989e+00 7.037564120327269279e+01 -1.653034122856705812e-02
8.025248901521290890e+00 7.528809501028680984e+01 5.854724968506973548e-01
2.984031423865587396e+00 7.044995266804643563e+01 -4.363451560028488996e-01
6.963295976249721519e+00 3.838210478953045879e+01 9.999746347635638521e-01
3.804190254884217692e-01 5.318965387659818589e+01 2.539561821240011730e-01
1.104191034459882426e+00 2.167803518549711228e+01 3.009936726790997108e-01
6.592691396508189028e-01 4.528048186468027581e+01 -1.159523349701383904e-01
4.488804255384428288e+00 6.680664106359063226e+01 9.341786080007824511e-01
3.778956144984755738e+00 7.586968177409531222e+01 7.629831096447386996e-01
4.256442080825822982e-01 6.462110676429762179e+01 -5.477911185158211849e-01
3.120936463824233620e+00 1.826288906625629593e+01 9.090981909440890574e-01
6.804997533370406693e+00 6.443710776679276364e+01 8.971372433788575851e-01
7.529831323174135171e+00 3.548513078846234947e+01 7.192422602906552997e-01
3.857814531141008363e+00 8.658633092222271443e+01 9.286555349587836128e-01
8.694138991429870345e+00 9.238925166358104946e+01 -1.232729176883338440e-01
8.334044411743390945e-01 3.968455228018245151e+01 9.683702980463247678e-02
2.213019759131352182e-01 5.628402410350407337e+01 9.956088365790952688e-01
2.279365368953200743e+00 1.444263972265003915e+01 4.583684203869927698e-01
4.197999040707691698e+00 2.432637503640088994e+01 2.048789425639596928e-01
1.191288140871769485e+00 6.845593750970419933e+01 6.107801230323799402e-01
8.457386985939806534e-01 8.455322375680449909e+01 -7.918557899314491166e-01
9.932410092216507280e+00 6.396864948026784248e+01 -1.553499271243371227e-01
7.550502504950070914e+00 5.623125041455562467e+00 1.224042110543325651e-01
7.148202732480144483e+00 8.200949934586220991e+01 -9.823683847172112182e-01
6.041114295874012718e+00 2.690975881070001208e+01 7.124811488759426048e-01
9.730004484674603660e-01 9.004497597082163907e+01 7.690659789869841445e-01
7.312304954982992378e+00 8.353637538203247459e+01 -9.918710125775003217e-01
7.509813345675136809e+00 2.211802211826437414e+01 -5.049385897619305119e-01
3.556969266053760403e+00 7.003377300644554282e+01 -9.648264084635614912e-01
4.244832361401789989e+00 3.622859322782825586e+01 -9.214072062028747512e-01
2.469026544126122324e+00 8.717433329552576993e+00 -8.098179585088889354e-01
3.450230134260030557e+00 8.312309078140496865e+01 -9.156028406796040686e-01
8.527033293718776719e+00 9.401667650741630666e+01 2.552823516042481700e-01
5.071574881689685732e+00 6.013993115134893230e+01 -4.303036323077775172e-01
2.177795327394260294e+00 1.272180740196515103e+01 -7.344853942844126182e-01
9.677160536915717870e+00 4.701557780380825591e+01 3.182852610402449600e-01
6.666144792401700769e+00 5.070475804714322265e+01 -3.160781111108264541e-01
8.280257838887973065e+00 6.234878894829197549e+00 1.840867261256870502e-01
9.515002557812570316e+00 5.639098488947151111e+01 9.911903316722262547e-01
8.862350248006537479e-01 6.597417487578938733e+01 4.582044222255656635e-02
4.846973681246782739e+00 3.113223065081376717e+01 9.319458636420199227e-01
9.224556773942509835e+00 2.566514113775015460e+01 8.805694309907069472e-01
9.678388973768008441e+00 6.563243694614364188e+01 2.101517479636959562e-01
9.183295189633826183e+00 9.965976230315951057e+01 1.526674737902476708e-01
6.406357311706401880e+00 2.449015984155966663e+01 -9.159593684393574353e-01
2.465648916929644496e+00 2.227452416780633726e+01 -2.183364677979474366e-01
7.449890702223252781e+00 5.162283423990619724e+01 -5.970660759418283670e-01
2.982136346805001281e+00 8.493247756121135694e+01 6.338917111923509928e-01
5.027536344377812938e+00 2.053868788389335620e+01 -4.482857929970735511e-01
7.917556785090017479e-01 4.364010066206727601e+01 -8.733437433530804039e-01
6.392182265293357979e+00 1.068933244393197590e+01 8.898980116608709023e-01
2.913959307876682114e+00 7.264769971937147375e+01 -9.979070751110070692e-01
6.670253951253346969e+00 6.419667952923495591e+01 7.842357242796468286e-01
6.059534979103962549e+00 9.564025043280888383e+01 8.114673124533789972e-01
7.069515709824221616e+00 4.309360743035644248e+01 -2.923063940754782042e-01
9.717197747915060191e+00 5.834019829922820577e+01 -3.612561133608952479e-01
8.937797058506751213e+00 6.910154919515306915e+01 -7.727486683870473660e-01
6.486569199319765389e+00 7.689592726512621823e+01 6.828033000107401884e-01
6.551514346984545156e+00 1.107398941621176292e+01 -9.886430755234449919e-01
6.134993103642431223e+00 1.106899677261080583e+01 -2.425894118353587314e-01
8.762270779056004599e+00 8.442020138924101502e+01 1.155051960244201925e-01
6.342874917842241445e+00 5.520797558456583687e+01 -1.183432920705858177e-01
2.417128521330009772e+00 4.306338921231176897e+01 -1.050977689755551100e-02
5.447070877397484523e+00 2.061841292617545562e+01 2.881902811282482380e-01
8.520801918089572879e+00 1.262642790649618085e+01 7.678636012106584419e-01
3.801921799819221182e+00 4.596649372088403140e+01 -3.976683258560278489e-01
4.846953835620622542e+00 3.917203486152323677e+01 -9.929763338999374467e-01
7.013986340529270613e+00 5.915471744149427735e+01 -7.530823739206132794e-02
9.539600362374311970e+00 4.820337040924076888e+01 8.084230665621432443e-01
4.174039224119986180e+00 3.816641170693088725e+00 -9.647841509259326154e-01
8.416728128038913681e+00 5.235247761052781357e+01 -3.150253010349660099e-01
8.731681594107662647e+00 1.889013028397310023e+01 -9.331000656817214356e-01
8.742642151922952465e+00 3.280238296786681929e+01 3.961039339589407238e-01
4.307364442802401605e+00 2.342186538353061209e+01 8.423636228174635754e-01
1.129342915494098376e+00 7.530514364777324943e+01 -9.308022690352161232e-01
5.739691349297775247e+00 2.169628988620513610e+01 -6.181059792186530816e-03
5.150764054262749525e+00 2.027641841427320912e+01 1.694331649973440934e-01
5.555220192213094599e+00 4.521207230511169683e+01 8.877790947447088410e-01
6.604564358251691303e+00 9.574381640290772566e+01 -3.869791060742776567e-01
7.196875047036283002e-01 4.696934683589104509e+01 -7.394891903227943653e-01
7.673919586629636136e+00 8.505162080882028874e+01 -4.781891641450474739e-01
4.777449289650948394e+00 4.863225258537621443e+01 -8.087542324969811958e-01
8.541386024444372893e+00 2.207918539504619559e+01 9.927125858899060740e-01
3.796129231208519528e+00 8.771115416096459683e+01 3.351178173955024486e-02
8.592309153965732804e+00 7.549839593569399199e+01 3.620731804334840209e-01
3.913078568678353797e+00 6.622238771118490774e+01 9.364651509675199215e-01
9.182169306872161485e+00 6.926157939927490759e+01 -6.393164931690085151e-01
1.014567819175985930e+00 6.465321443932214152e+01 -9.872816710184184608e-01
1.305735696645297095e+00 9.047582900169018671e+01 9.973608785700593948e-01
2.881496182564373232e+00 3.676832753247483510e+01 -9.716474706787259219e-01
9.344346563551624740e+00 3.412593296645413687e+01 9.863610798335598062e-01
1.961338024691144266e+00 5.472322850286555251e+01 6.529920196711094249e-01
4.783589262640099093e+00 7.943042049327527820e+01 7.586041581360238872e-01
1.958359829136778973e+00 6.619222014567510826e+01 -5.125489645512917303e-01
8.787120254221250093e+00 8.560790713840155775e+00 9.218944431733521183e-01
3.349042719304781146e-01 7.317246504082767444e+01 8.142177877825786947e-01
6.451131639820514074e+00 9.649224205805383292e+01 8.583099017214397275e-01
4.607910980948878965e+00 4.229480403673248645e+01 9.995895524413707101e-01
6.125141151933483741e+00 2.095326467935329262e+01 -9.583819318140629484e-01
7.094747699869922819e+00 7.527633521374548309e+01 3.724168124199811469e-01
2.541785907994119409e+00 8.615329392926433627e+01 -7.312411639296201304e-01
9.263067053309496757e+00 6.728389688323829887e+00 9.883476253392202704e-01
2.883623571069667602e+00 8.598375364562134138e+00 9.283539148533309637e-01
9.736901746538981328e+00 9.990478807542068296e+01 -3.118955528466119467e-03
2.050644785522902636e-01 8.527472936195636066e+00 -1.708730431040252629e-01
1.241253757612447828e+00 9.536742461690823802e+01 9.379695301413415454e-01
9.372265129727582078e+00 3.226182779366227038e+01 3.342419069783574836e-01
7.705037580928789431e+00 7.914362722991846510e+01 -6.884709998449594082e-01
3.212128316367089731e+00 1.461451126203155759e+01 -9.434158674239381259e-01
5.197342908123446570e+00 1.976030767631197804e+01 6.532269406105279952e-01
1.507870184644252820e+00 9.347402295207214706e+01 -6.489435579358743267e-01
9.715986825110948244e-01 7.455306531206771581e+01 -4.774312039130287899e-01
7.878386116059610700e+00 2.414431981494890778e+01 1.716137979983407003e-01
7.926418725197510007e+00 3.897400908819100351e+01 -9.819465981514913233e-01
4.355315773728539952e+00 3.004229596940386671e+01 -1.885084060919739735e-01
3.141174482777716381e+00 1.579344971369793882e+01 9.459735760524343728e-01
2.199941789698803607e+00 8.733335412697140754e+00 9.938059166795321087e-01
4.430450001763401424e+00 6.768015903754699636e+00 2.965382385441114876e-01
5.505228199832808755e+00 1.964547453355259421e+01 6.559303648133741893e-01
8.146551270830155289e+00 4.909335946076603108e+01 1.287299491386069417e-01
8.085851997806935643e+00 1.607947355033704184e+01 4.059154914546923010e-01
2.370318712759671875e+00 3.706374269417679557e+00 -8.613486195804905821e-01
5.084695091847539317e+00 6.105753165669590743e+01 8.435511889280937758e-01
5.442813592341605222e+00 8.701340359415463865e+01 6.573094477749532594e-01
1.434292596074192794e+00 9.415244714652030211e+01 4.131364656659006207e-01
7.572441396900374322e+00 2.163377735556696990e+01 -9.958545450097623375e-01
6.720081195387133555e+00 5.559911408608278549e+01 5.475353361300255850e-01
9.588663988449809494e+00 5.685156192996677760e+01 -8.043728949106836446e-01
2.179138773244668759e+00 4.792712842771649662e+01 -9.688453204652661688e-01
2.354800081061420247e+00 2.075769661984097425e+01 4.606656223759766910e-01
2.074023741724107861e+00 3.644375772623516863e+00 3.770258319030617700e-01
8.888445937830621313e-01 4.025790441312983603e+01 -3.396419235046644336e-01
4.270564850830832704e+00 5.335565406689288359e+00 -8.133221860542629855e-01
1.073494046230228260e+00 2.373806868091856259e+01 7.002665123708498029e-01
2.251631762922668756e+00 3.061465300871340034e+01 5.843407889103807706e-01
7.054019067115520514e+00 7.720114886557814771e+01 4.638136626087703274e-01
4.074886424736382295e+00 8.703474822301147640e+01 -9.994117211866939687e-01
9.412572377867597595e+00 5.920585128198571567e+01 -8.073108232487369307e-01
5.926205009486474218e+00 8.086761070222824799e+01 9.949160912145695868e-01
3.858839958936509884e+00 6.807903521208298514e+01 9.979657289306960166e-01
8.243356405456775393e-01 2.586620176190072584e+01 -6.060616044704004723e-01
7.165192841700008586e+00 9.461749062563494306e+01 -6.783334004943193662e-02
4.010236588893335785e+00 3.204835712561065009e+01 9.957379492170810309e-01
6.699420940362982968e+00 7.190349142739385968e+01 4.817393714736139393e-02
8.578128210660047159e+00 4.295903725403041662e+00 5.331997255319386175e-01
9.854984899989068126e+00 8.408350967779415441e+01 -1.053678009205290117e-01
7.568046930089756152e+00 5.465497440730229073e+01 -8.799863546620770860e-01
7.402523521685508534e+00 3.835113065774339702e+01 -6.157685056715714866e-01
7.146072124241770851e+00 1.561269524133763120e+01 -9.790415109476965361e-01
3.713191243624681004e+00 7.650875852308342928e+01 9.810874364356231281e-01
3.791706583228516170e+00 6.274622228916020816e+01 9.810133719663912677e-01
2.019673171921152921e+00 6.245796086922943857e+01 9.375076710451939466e-01
4.943879019422595888e+00 6.041179746536556650e+01 -9.985297789508162936e-01
9.907373667726096400e+00 3.117784435020012523e+01 5.937425103631995826e-01
1.187476662685461815e+00 3.767760810698712959e+01 8.589517924004106408e-01
6.909293434610860984e+00 3.866870423618925656e+01 3.551045914658809699e-01
1.780255865014506389e+00 4.453564530331619409e+01 -5.587577962921206343e-01
3.620637339018433210e+00 6.356583507822878687e+01 -8.947019002166320956e-01
6.676545796102140606e+00 6.958304400749837271e+01 -3.529442004454061421e-01
6.660042209868378471e+00 5.110128644680544063e+00 -9.741335935342758656e-01
2.984501327850808572e+00 1.813486843384337988e+01 -4.833362467506946980e-01
6.879325934201345305e+00 8.549964294389944541e+01 -8.073646140048285069e-01
1.976011911416460265e+00 5.903905294515060831e+01 -8.691544247779525723e-01
9.537904065880445259e+00 5.774918463737321872e+00 -2.322908621628367587e-01
1.860309721113751147e+00 4.879732362618652530e+01 -2.393233274238154573e-01
3.717641291848656326e+00 4.481292923110895998e+01 -1.263222662763156534e-01
5.993365665674756926e+00 1.235989420526613891e+01 -2.346252590678503114e-01
5.094901853574512529e+00 2.552363348576779600e+01 -5.653435170749943062e-01
3.216019527450304505e+00 2.050957380936164753e+01 -9.854321602516034062e-01
9.023308864109655048e+00 1.135081828859910047e+01 -8.517573557829241082e-01
3.399146796097449741e+00 2.821030795351773079e+01 -7.178094482500695372e-01
8.048389093143630824e-01 7.515752901883244874e+01 6.826436206377757554e-02
2.791677447467362794e-01 5.408970717425341235e+01 -8.277397075550378958e-01
4.026240392177520278e+00 4.523539373004022934e+01 9.994669001054315993e-01
3.518826431222372708e-01 2.139112190304246397e+01 3.897466927013243376e-01
4.437324390477486169e+00 2.770243782423926859e+01 -9.391699461301541429e-01
4.379902555336868453e+00 3.711807776558879368e+01 9.746539868552303032e-01
4.829775969508082412e+00 8.681315758817740402e+01 8.799667626243785901e-02
7.931241844905311034e+00 8.812119193425971275e+01 -9.545714710632435818e-01
9.654398842095380573e+00 4.284845600998568216e+01 -3.146620859233779655e-01
5.644832697443845859e+00 7.611272426588845974e+01 -4.892876518267129105e-01
5.858826741251730752e+00 6.116937689322531924e+01 -1.672066214450134702e-01
5.484648370219518121e+00 4.675515801251370362e+01 -6.339944844472491514e-01
7.119276409334801770e+00 5.565435294733562444e+01 -9.744039487799859289e-01
1.430738236130709273e+00 7.719810489014828647e+01 -7.497812011840813140e-01
5.038111882257169327e+00 4.374921782227282563e+01 -3.816273362590416607e-01
6.885299905475423365e+00 2.472771204131679212e+01 7.308621072333018054e-01
4.073200581351326122e+00 4.944285283112076002e+01 1.852812228144204154e-01
8.668866999683858543e-01 8.872606715210949346e+01 -7.317527018391920685e-03
2.082383014239458152e+00 4.134872638776146658e+01 2.428820698887637908e-01
6.976047585022618236e+00 4.437303077791828798e+01 -7.553264056902500023e-01
8.520264203059987551e+00 6.089230803724032626e+01 -5.664857446050275414e-01
6.407840502609899680e+00 5.043455699917900859e+01 -9.856340555408072968e-01
6.863214134312027426e+00 2.309299027396082593e+01 9.945214502577134352e-01
7.198656037981692180e+00 7.882583968584421541e+01 -7.494784772712326237e-01
8.559718928874579191e+00 7.835143938061659696e+01 -4.938367842584355238e-01
8.495702025425870829e+00 7.013844187125690155e+01 -9.996130585568550053e-01
7.833139818095504303e+00 1.264457535051089643e+01 5.495901776490654811e-01
3.530973278364762713e+00 4.038996922054988659e+01 -7.661964812688473181e-01
6.559677193187331667e+00 3.262567990779720617e+01 4.459380663744362261e-01
1.162471621472018546e+00 5.722927286093835875e+01 -7.535379078296362554e-01
8.658160531288944028e+00 7.473508817251097014e+01 -3.142948433987800549e-01
3.179428574844985089e+00 2.372934930434321288e+01 9.880482341257781354e-01
5.553102349274743332e+00 3.240181263999519956e+01 8.732129788370024404e-01
7.948935933528079367e+00 4.728785474612167405e+01 -9.157740683355097833e-01
3.206235486232917875e+00 2.027090326209713922e+01 9.049131429278504113e-01
1.619739095796621231e-01 7.281273967303597772e+01 5.385791153153751676e-01
6.369944050953789905e+00 1.081235528272864599e+01 7.010037544986797986e-01
6.478551076674927689e-01 7.709749920385571897e+01 7.195656941102831494e-01
7.396229065541537473e-01 5.470487830585083344e+01 -9.923078417263353490e-01
2.704962332705432182e+00 9.532586412429299827e+00 6.748507846191669213e-01
3.310802532106589258e+00 7.434726354624555711e+01 -1.169629280065071913e-01
4.303094989675304127e+00 3.969777539776496411e+01 -9.936702438548673522e-01
9.044890597616406680e+00 7.227662994902912885e+01 -1.984853942693705076e-01
6.468800457133221826e+00 6.352166577617369470e+00 -9.819321804523565289e-01
3.429685351127526705e+00 6.841991894360293713e+01 4.761838528349963268e-02
9.910426856079059377e+00 7.605410027509110193e+01 9.042532071901462354e-01
6.456847615280919328e+00 1.811962261308013922e+01 -9.692739544368047522e-01
7.857808538906582818e+00 6.140190048162879322e+01 -1.478833989495618451e-01
8.561504122624681301e+00 2.417156105872928151e+01 -9.827190479142161594e-01
3.150963440833710383e+00 6.340369556558251674e+01 8.886923761750861184e-01
8.380205267358682875e+00 9.417561179843916364e+01 -9.796790396607397977e-02
1.481842179607354870e+00 9.685480325082536979e+01 9.312573111453745778e-01
4.610414233960813846e+00 9.893306664650371829e+01 2.884518997306551591e-01
7.908678640322994724e+00 8.955524320518422599e+01 4.859684218160972846e-01
8.719384700994692317e-01 8.883273718567275523e+01 -8.806877324812060204e-01
3.236782007831991326e+00 3.162119042726243379e+01 2.535830551869279748e-01
2.969607895651991569e+00 2.905165274560206257e+01 5.091610015651090171e-01
9.042938860600621354e+00 3.765657065515910951e+00 -9.658086748895222673e-01
3.863158846111371947e+00 4.776526542365591865e+01 -9.338871046886566551e-01
9.004095385119104122e+00 8.150682197957654296e+01 9.953963317123020182e-01
4.131080222071913610e+00 3.732580177054281734e+01 -6.973057512951065240e-01
8.339534145517061958e+00 6.905174178651824946e+01 -1.581731157446225264e-02
9.958016722161271872e+00 9.512600801557924513e+01 -4.268623019849817624e-01
7.588812670171887653e+00 3.533306851954364447e+01 -8.960994573248065587e-01
8.551511742375826231e+00 6.000782620626330299e+01 -6.473989840755501879e-01
4.688891360383533602e+00 4.229612581573973529e+01 9.861026389421948535e-01
5.769475619720444648e+00 8.435102607517791284e+01 9.398533099625221432e-01
7.289064066730314373e+00 2.072105114506022971e+01 9.968173015785616320e-01
4.865401404990296719e+00 9.510327422747860737e+01 3.211558620016608523e-01
6.130944943834932381e+00 5.603720108226468000e+01 9.993693363701451338e-01
6.224854711400442220e+00 4.705293089560372266e+01 6.502408623795041809e-01
9.264597741162379663e+00 7.836921713962196634e+01 -8.467673660060915930e-01
1.378213449072991093e-01 8.039606476278098057e+01 1.178703187308106498e-01
8.651487751755963629e+00 4.809896834576176872e+01 -3.428665748547549685e-01
4.267677430391603188e+00 7.171413093452795806e+01 1.970611292817918692e-01
1.345053635074191289e+00 9.862684373164525198e+01 6.298083374303786730e-01
4.874681890972868636e+00 4.138472535560035226e+01 6.271658770046819598e-01
8.875455738221809554e+00 4.805609920751290076e+01 -8.382137511465744817e-01
8.447092351402272215e+00 6.623568412613654743e+01 -8.810828497424331163e-01
2.921594195127883875e+00 4.034160129741427170e+01 -5.720737004017546479e-01
7.219427924793602180e+00 7.645038627642408358e+01 8.805205807407328056e-01
4.536231279192882049e+00 8.022891098136710752e+01 1.882299678541267673e-01
3.721696550033608553e+00 4.084044325222102856e+01 1.162723020761026321e-01
4.093630871731616772e+00 4.909278812951738757e+01 7.805342431232614731e-01
9.238945089981150716e+00 9.997775021782862481e+00 -8.940885417703549054e-01
4.146244070588889663e+00 9.935888124431974333e+00 -9.708662390467770464e-01
6.006932970536929872e+00 1.755822892169446536e+00 -4.437230293747626009e-01
5.674945890839691032e+00 3.780840503320796842e+01 -8.285937408645571711e-01
8.091948020057195379e+00 8.568705830004714130e+01 -1.571704369913222987e-01
6.883013710845726330e+00 6.396884662004891453e+01 9.920299319116339110e-01
5.002156137208991993e+00 5.708002260686866691e+01 5.625943761592888670e-01
1.528982833167954469e+00 7.276626779638822029e+01 3.537677913154189113e-01
2.401956122934215898e+00 5.238264426362231063e+01 9.996353322528862551e-01
9.826364559369597629e+00 9.976862994344163127e+00 -5.518380706278411818e-01
8.063433100265405828e-01 9.059485635617753019e+01 3.699359961999824642e-01
6.762068625008259559e+00 6.794795576437222451e+01 3.162812826391162568e-01
2.175710737856028310e+00 4.806677994515766272e+01 -8.913472830895460275e-01
1.924734856115126957e+00 3.189644094738547864e+01 1.674163366227291935e-02
7.225170758988401332e+00 4.491205318871776342e+01 4.217155549712311435e-01
3.589718820501255792e+00 4.230078078423732535e+01 -9.728576971980993360e-01
1.175426304516200560e+00 6.581375585335231904e+01 -2.050295200610224855e-01
1.038911606044321534e+00 9.742733594587345181e+01 4.304117860369139903e-01
7.260882160251074247e+00 3.514075214174210515e+01 -8.722746418872117102e-01
8.413670584408377451e+00 6.963233880838456002e+01 9.460255998755879858e-01
9.672418368106001196e+00 2.849933153386542983e+01 -4.684789739622799432e-01
3.935701824157006534e+00 8.315358304413912549e+00 -6.069466984089995354e-02
5.772459695232003085e+00 6.683645146481937616e+01 6.737272383931227626e-01
7.879314829525541519e+00 2.626731066545009341e+01 -3.266337396808070559e-01
6.556094711087752103e+00 3.213781367196927619e+01 -7.253778633449575741e-01
5.665954094218538906e+00 8.321426702937276332e+01 -7.628185375621309161e-01
1.480348586026710933e+00 3.083801690254075467e+01 4.586336373945817391e-01
9.949378647486206706e-01 2.612544332399625802e+01 6.546286822363235336e-01
4.423579812517532517e+00 4.669591615299506060e+00 -3.979649291205880624e-01
8.218777702912939631e+00 2.517539326051089432e+01 9.999651048714099932e-01
4.423632355018598528e-01 6.813941702887616714e+01 -1.128001661603975914e-01
4.763451104660521018e+00 3.271498901988734165e+00 -9.315924347573119046e-01
4.176405635403612315e+00 2.976253363561807141e+00 9.974972558088401886e-01
4.060082618661748910e+00 3.541793421038220657e+01 9.475501924621189120e-01
3.296329844442256185e+00 3.301805835860837135e+01 3.666848073960335963e-01
9.689444221853552364e+00 9.080469732114106307e+01 -1.993738398003193080e-01
2.844573512446704200e+00 2.056004770323093034e+00 8.983158600696573570e-01
6.577881087754557932e+00 3.671848472643706174e+01 6.255757046951684330e-01
4.203052660545089303e+00 5.512486760381744233e+01 9.318911963334733928e-01
4.381817488719022435e+00 1.674282885018308775e+01 -9.826980740594695174e-01
2.063359970980270575e+00 4.665076813085286744e+01 3.438060445233689921e-01
5.542566193359504290e+00 6.951095015729234206e+01 8.429981670244228731e-01
4.855514930870961088e+00 3.970852568575043762e+01 -6.465723437701720311e-01
3.030217577231530401e-01 4.217251154517847311e+01 9.176126400004270822e-01
3.360615437031693187e+00 6.422406169437694246e+01 9.868821604169848438e-01
2.223929884544104230e+00 3.860429764008412690e+01 -4.463212173048097808e-01
4.773711091594367240e+00 6.662536595518623983e+01 -5.482683056510666564e-01
3.230675599844130996e+00 2.456364011933210989e+01 -3.904087701875105787e-01
2.886634772822575634e+00 8.937044493116390242e+01 -9.795107338489137394e-01
7.094002065056229434e+00 3.341697306455740346e+01 -9.739894620743552167e-01
8.146668043894857991e-01 7.580369836083607993e+01 9.980134315123651012e-01
6.666110946424778305e+00 4.430609383030786574e+01 4.500912124832260885e-01
2.470937802197374911e+00 6.307972457801003685e+01 2.491301280220486677e-02
6.320380518683947457e+00 9.339144583483992790e+01 -2.261333940363282613e-01
8.734801499627087296e+00 3.212045844108498471e+01 -9.506294096276105554e-01
2.456860546137620727e+00 6.112588043086448408e+01 5.669340719079549867e-02
5.488355774821720878e+00 4.064483446048409832e+01 9.718287149738716879e-01
1.707332007814816865e+00 3.719658177345075245e+01 7.916545542273253355e-01
7.655362764624659810e+00 7.495175043116630853e+00 4.730216578761377993e-02
6.012575597147304052e+00 2.057265783293701134e+01 -7.696373528636606398e-01
1.367086037673267196e+00 3.918168811696695997e+01 -8.014073678354900476e-01
6.182813389223088762e+00 2.426780495237202473e+01 6.043402803263008272e-01
2.450008888425208864e-01 1.356307755436391993e+01 -9.888279110132615068e-01
3.988320843180000352e+00 9.275618340447203991e+01 -4.452346812212422122e-01
4.891014668174197944e+00 3.487870242458203052e+01 -4.282590092225685430e-01
7.359892646068395550e+00 6.891649539180237127e+01 -6.233801253692365929e-01
7.405249488110063893e+00 7.752652288260212288e+01 -7.685698915396066422e-01
8.729597391710328225e+00 4.570830897695759631e+01 6.757634383928471378e-01
7.935172600922442143e+00 9.595188574751033173e+01 5.825859597081995966e-01
3.171167780018302906e+00 5.190867078087872244e+01 3.724940951616763085e-01
5.966304538156594006e+00 3.340692376658423512e+01 -2.568019795021678209e-01
5.750538583982028662e+00 6.196678956211365374e+01 3.677287873679321306e-01
4.554583883495620711e+00 4.191873604135666653e+01 9.899315910542382246e-01
4.390235383833164917e+00 5.434295493564313517e+01 -9.965418016516608413e-01
2.517484657963206640e+00 6.685086471583987588e+01 7.995015828470959374e-01
1.479181548450379857e+00 4.804672342413841335e+01 -7.770310559866788758e-01
2.911762974400946002e-01 6.211006184864404389e+01 2.324727269959584453e-01
3.397553972614027362e+00 2.674051603885370554e+01 -4.388872929931745270e-01
1.528947237596293141e+00 4.572326036897949564e+01 3.539343028844132988e-01
2.512327123761927794e+00 4.602280828877229624e+01 -4.122469445105553243e-01
1.940211553908231190e+00 9.051167704011449189e+01 7.331138475170602131e-01
2.434935182829133904e+00 3.833196235665250384e+01 -6.205085742991754971e-01
2.222278192579548950e+00 4.019491717862592139e+01 6.049840413128302341e-01
9.032683613794864286e+00 1.725787474407607647e+01 6.235507300915987816e-01
5.764056638858012782e+00 7.023242105507333122e+01 7.826212412342691271e-01
8.022466557185811808e+00 3.425342906641458995e+01 7.485005520571458293e-01
3.748159393668424766e+00 6.151593749151837187e+01 -8.072702811267064016e-01
2.373108051987538492e+00 2.230883720393214276e+01 -7.323725360079099689e-01
8.050686858003340163e+00 4.681861117493940583e+01 -6.186369773869226929e-01
6.714609210044885756e+00 8.910543548899498489e+01 8.810334866258333619e-01
4.330963249367555390e-01 7.997566518935929025e+01 -9.988818151783848132e-01
4.474752822631556270e+00 6.697458776975157235e+00 -1.212193667145483045e-01
9.191280425006013388e+00 5.569639526977773158e+01 -3.672335987871249707e-01
4.538033123963559845e+00 9.989156889153782970e+01 -2.557109238765397641e-01
3.520606863873652959e+00 6.231065761503508327e+01 9.980031455795929096e-01
6.773254932201675516e+00 6.082572953675761340e+01 -5.482572035395383986e-02
5.145550227204697791e+00 4.529658564980108082e+01 -8.268407776217029381e-01
9.228982846670492179e+00 7.066722230284975126e+01 -9.313776574306384948e-01
6.030811532458927537e+00 5.587265915014980067e+01 1.829208922820234340e-01
4.327004713891691168e+00 8.406819767065829296e+01 9.791549338805785041e-01
7.357594330686850093e+00 2.129195164088959302e+01 -1.397438439250288378e-01
2.124283923308438737e+00 1.972967419320938376e+01 2.696189256994826339e-02
4.554334835156056194e+00 7.669266302305130978e+01 -8.639092074140870547e-01
9.643495475285801533e+00 9.490932483550459153e+01 -8.638758690735466317e-01
3.475125506932104091e+00 3.114758935734683121e+01 -7.315514789243858784e-01
3.703471631234206640e+00 8.118869505847015944e+01 3.853775243862213595e-01
1.350195473420637837e+00 8.007709759874563815e+01 -8.227543932815485350e-01
6.561956705115733257e+00 2.642748765664283184e+01 3.875290337434698640e-01
4.025285984776256321e+00 9.218376620853624104e+01 7.819568492712170027e-01
6.085001999947215801e+00 7.218708046388124799e+00 9.971854189274946823e-01
4.336403100887540774e+00 3.840061896025848398e+01 -3.062970174054667205e-01
2.775029415808233590e+00 6.151818043753860366e+01 8.514486097734222936e-01
7.582193035834180250e+00 3.571499923278513933e+01 8.478522638968297165e-02
4.087666134703599852e+00 7.875777708202333827e+01 5.544144446183943975e-01
2.937533506727087129e+00 6.780432387969271701e+01 2.276263594093780596e-01
7.231027209825077406e+00 7.053959987764106643e+01 3.987280459688790635e-01
4.898203934212091326e+00 9.285171349486719805e+01 -3.841059421258836287e-02
7.966045149114396651e+00 8.397256251514161107e+00 -8.798779710152881961e-01
7.363841574024964309e+00 4.339345714526737119e+00 9.505969967573187906e-01
3.666202280574412775e+00 3.351331119789662694e+01 -7.199244052865169108e-01
9.942113510956224198e-01 7.687046596538444021e+01 9.798815935917670750e-01
1.739205932282268829e+00 6.248235599292738129e+01 -8.110327382295791088e-01
4.554777737464469345e-01 8.791658456788982789e+01 -5.496518047016425434e-01
7.914578247408563527e+00 6.594546993306188654e+01 7.165762547841556529e-01
9.526187926833079800e+00 5.421264467934846465e+01 5.121611258827297730e-01
9.176924070997469762e-01 5.901746823056799940e+01 -5.655295544526194318e-01
8.747057465619834105e+00 2.321886124216079850e+01 -9.576437663047688842e-01
2.534848327868334028e+00 1.225478643517506327e+01 8.359108293241799270e-01
9.757221572363624418e+00 1.955098539519987355e+01 2.755617213151871359e-01
6.334703532964594430e+00 6.323349058934266509e+01 -9.921869962083059713e-01
4.354188466781488742e+00 3.122618785243228601e+01 -5.101956646692131780e-01
6.723526615177727317e-01 4.048191304606456953e+01 -6.643740093657368728e-01
1.970008036228909409e+00 2.195559578823375091e+01 5.905930101561780443e-01
6.235073924822756908e+00 6.171013631422423629e+01 7.648870016721428522e-01
7.957240458066066502e+00 2.227590085112047191e+01 -6.434907364861175427e-01
6.357612416119354570e+00 9.493664989413457533e+01 -4.535801962095602491e-01
5.154562206181373396e-01 8.645039138954425439e+00 -2.450138954581457806e-01
8.302463894450943016e+00 5.683962592999633046e+01 4.448632407753645712e-02
2.962631838566069487e+00 2.559109377757078718e+01 6.988448317084735573e-01
6.600502227622770945e+00 5.261619936321156388e+01 -6.668255546674644041e-01
7.646946861047530852e+00 6.160152067469145720e+01 7.326373373053893800e-01
8.015729242441033131e-01 2.656507310159026858e+01 -8.197981096763855557e-01
8.881617497104947745e+00 8.334477029828276784e+01 9.937613721119562538e-01
5.757227537275516838e+00 7.852384793869177315e+01 9.138368237507419334e-01
3.555021617214879193e+00 3.348002475838796954e+01 7.834815242340179564e-01
1.511028939444607255e+00 9.899931171410477759e+01 8.034749758487949034e-01
6.493978039388680124e+00 1.029430646051249987e+01 -6.747347405972441425e-01
6.197336240890542136e+00 8.919178413273476380e+00 9.607353125687746742e-02
1.237067442926924832e+00 5.712046748841309807e+00 7.301184202805329759e-01
5.211143949310771184e+00 9.099799891787030504e+01 9.064271588906945842e-01
4.409103594149877736e+00 3.777705732001173544e+01 -7.916099355359070833e-01
5.896867282304987690e+00 4.908693799556633763e+01 -2.874163716652817224e-01
2.107180014991678174e+00 7.964918544941664891e+01 4.064357250149772810e-02
3.006853595210054575e+00 4.189464190016345668e+01 7.371317961913771422e-01
7.122289325075128019e+00 7.465809746494301180e+01 -3.654988364081011021e-01
2.462433861043600736e+00 7.039862851394781273e+01 -5.028949247743205175e-01
6.045557592931894320e+00 6.016812767882015578e+01 7.856502761041126437e-01
5.215924609751585450e+00 2.742881108789342193e+01 -1.725084988060394675e-01
8.193864507104457573e+00 3.590642820103745692e+01 3.476803702120570549e-01
7.127015571052149667e+00 7.747963346867693701e+01 -2.499154636730986298e-02
7.672166567875355447e+00 1.326220663319549509e+01 6.651436427833800069e-01
2.549391892538119819e+00 2.722222263147594035e+01 9.905836079341503453e-01
9.438869855359918404e+00 9.913530126223530203e+01 9.962406469254611041e-01
1.994847860777467119e+00 9.806472425281452843e+01 6.863073084741465602e-01
6.648756869268850345e+00 1.312179547033342075e+01 9.980421549976983275e-01
1.968868603245966353e+00 8.957550964064451193e+01 8.804438942736995122e-01
3.081294766206915892e+00 6.083875406930430074e+01 -1.451052227324573507e-01
9.729234129119888053e+00 1.508386741869900405e+01 -9.850358636205922558e-01
2.441361576525085564e+00 3.153711871311750059e+01 1.377627379926302242e-01
5.607600271895907262e+00 4.309737853055028012e+01 9.600270189142008359e-01
2.227570272241933491e+00 4.951049222326725641e+01 -9.379852382355260421e-01
7.413328295827106729e+00 6.006907064538235375e+01 -5.857677951870839117e-02
5.835973374739034547e+00 1.083943699926612680e+01 9.834646195847555061e-01
2.910102215832552019e+00 5.495854185915556300e+00 -8.952773087213536929e-01
5.535097766767063554e+00 6.778752208312917560e+01 -8.507365607104202532e-01
2.424845345399984531e+00 1.347489298629633758e+01 1.907463619622483397e-01
8.509796750654365027e+00 3.554484234197419568e+01 -9.927585071960300933e-01
3.433377136459226930e-01 9.232922728371751475e+01 8.126509933201472302e-01
6.872752237403157771e+00 6.083551394725928674e+01 -9.851335399412851634e-01
8.864636559323882281e+00 6.979257383158906691e+01 -1.160954276694461662e-01
8.570377072510364513e+00 7.329673380460886278e+01 7.389563128464043951e-01
1.447962046648197276e+00 4.149401031553049535e+01 -7.524494008107746046e-01
6.218906175018397597e+00 6.119764429107789283e+01 2.699194214095691075e-02
7.576162325123105390e+00 4.304419240967541782e+01 2.915536384742526896e-02
6.440948239846994383e+00 2.267941330018576807e+01 1.364017714124542424e-01
6.887635483001520953e+00 1.984668982787602687e+01 -2.968369054889157255e-01
4.520412107765570120e-01 8.269937490850423956e+01 8.958588669928496673e-01
1.081868254959692965e+00 7.790396404127212016e+00 -5.918338432525335202e-01
6.827907444665664016e+00 9.336608136288253590e+00 1.795567107999822276e-01
4.782181696155500816e-01 1.381971936416033886e+00 7.855602269780739277e-01
9.575733799743870733e+00 6.028217023118681084e+01 -7.033468929806837577e-01
4.414095510639072906e+00 4.670405298309016473e+01 8.256441950044667299e-01
2.567435478870753851e+00 5.208466654785536321e+01 -6.328802195363441019e-01
5.809327164119194586e-01 5.670239184021663448e+01 2.953014689430781825e-01
8.989261690281203698e+00 9.046107003479822595e+01 -2.949678740053434112e-01
3.509580990925783350e+00 9.857261488728275367e+01 6.247752521846614698e-02
7.661105682664434147e-01 9.960049369559547472e+01 9.996644066415770746e-01
8.318986989004560684e+00 8.426988108315754289e+01 -9.603751789496307589e-01
6.928860596743386502e+00 8.206733597490499221e+01 4.299408888681521129e-02
3.286462088478399046e+00 3.812332196257337813e+01 -8.358045862452077035e-01
1.049554678159483556e+00 6.015681085374400539e+01 9.149291323189593372e-01
3.757364911641104754e+00 4.704170716126834151e+01 4.127640680696340048e-01
4.357506505984314771e+00 8.032147627390912703e+01 -2.858519888622528815e-01
8.284191806301578476e-01 1.747252391111506098e+00 9.974913541136930240e-02
8.629390240871334328e+00 6.823400556802836547e+01 -8.310303376846331913e-01
8.556226232756333872e+00 1.124366093083561324e+01 -9.572165337714924060e-01
8.015727304999733960e+00 2.392313849774570400e+01 -3.742031372864789152e-01
5.320010407045634437e+00 8.003153252635867432e+01 9.075738140463558423e-01
1.796571428083730382e+00 8.621346323075309215e+01 -9.787652683312740853e-01
6.895341127407787596e+00 7.714918532589204858e+01 -6.458883564375662578e-01
1.680553755314424969e+00 4.707404502648806499e+01 -7.064443846157442142e-01
3.592109329569662002e+00 2.989798443934435390e+00 -3.995363121226294667e-01
3.101493783021843864e+00 2.407480322361258729e+01 9.997424624114346070e-01
9.296438534120882835e+00 6.087059232683688492e+01 4.928323355326834632e-01
1.840802186425283704e+00 5.124764213713744709e+01 9.986805896993234954e-01
8.120543166813535052e+00 6.699903261508050889e+01 2.987169360075113689e-01
3.369136127648851620e+00 3.442253925451139196e+01 -4.818005458467275459e-01
8.663936418273401330e+00 3.617037336288471039e+01 8.006180513100609186e-01
3.303955915650736319e+00 7.654836371126677363e+01 -1.679747263499871690e-01
3.582439404007199402e-01 4.351921747218612069e+01 -9.732372343483376431e-01
7.017143796850738191e+00 6.319882177216864250e+01 -9.074825910511645777e-01
7.908173567163561124e+00 9.619100698801713634e+01 -5.783776329441289027e-02
3.855076396721131449e+00 5.818526433624852956e+01 -8.694289055827134627e-01
5.469946872181180808e+00 1.538048071852947452e+01 -5.989722544004967286e-01
7.310731738841384164e+00 2.795340249927778231e+01 7.173527135163966229e-01
2.334630360654371461e+00 4.437843768048921334e+01 -7.366986251753895321e-01
4.112033031793900228e+00 6.126025017851416266e+01 7.587404924990462929e-01
1.925058246883221358e+00 8.426935253078312371e+01 3.463488707168100311e-01
8.006191542493038327e+00 1.190043958940532143e+01 -5.378456755227273289e-01
4.552903103136316076e+00 8.654159393062778349e+01 8.196333018844175200e-01
9.465243284319114991e+00 6.231392033345304782e+01 8.901747849047771943e-01
7.743300454583499359e+00 6.074680866567514670e+01 6.027706284850786744e-01
6.134459686279803314e+00 8.637526768880023553e+01 -8.864804576530778135e-01
3.353794009252097030e+00 7.954607770786968501e+01 9.330401785328317210e-01
1.909197898956827899e+00 6.506375038775620112e+01 -2.625078329123390342e-01
8.643656477503045110e+00 2.875991024092660808e+01 9.876825833073041849e-01
9.230165990871093129e+00 9.438884677151213509e+01 8.437995695699385124e-01
3.563503335327624644e+00 9.748921296321120167e+01 -9.093231975572061421e-01
3.605575778724079861e+00 9.991603898040966669e+01 -1.643075806748429957e-01
8.490367437103772730e+00 5.608178449293225754e+01 9.884898373634199986e-01
1.095107544495563578e+00 2.475746660969146973e+00 -9.324814379698389555e-01
2.489410451496883336e+00 3.401414281021042285e+01 3.011759713413635423e-02
5.102514357668375133e-01 4.710123278369083621e+00 -7.290889114639047541e-01
8.564331331464980934e+00 4.548485256646821995e+01 1.059840877594122183e-01
3.159216320706820458e+00 3.345677062391200707e+01 8.973635918561320146e-01
9.167405889132597352e+00 7.815962873911242070e+01 -7.437248192973692218e-01
4.260195185679815033e+00 1.337700009220368358e+01 8.506785123760010059e-01
8.366781207209445625e+00 2.789618417335909228e+01 6.543274515124510859e-01
4.328464915760828369e+00 6.418536965029763053e+01 2.154350803375100765e-01
2.363251112290174927e+00 4.577497861598401840e+01 3.086884049116565554e-01
3.795564283780924253e+00 5.692585685495885173e+01 -3.019715203400662462e-01
5.209943934269590571e+00 6.098344580953523320e+01 -8.492783608983218713e-01
7.613646508917652156e+00 8.299205854112939562e+01 -9.644952985877651708e-01
1.594334899707058772e+00 9.305314322569527974e+01 -9.767924803107450593e-01
9.375137833833587564e+00 5.749630252368915251e+01 9.549393155755490081e-01
8.254618710371197210e+00 6.444850588443614470e+00 -9.952338162121419085e-01
6.799768183238781294e-01 7.443125338131094004e+00 2.319301550653461441e-01
3.069482846368421503e-01 4.092508730467910283e+01 9.960631964212224299e-01
8.838484974592244470e+00 6.785235066080586819e+01 9.847244055974482269e-01
3.118870505633499768e+00 4.765239570211191023e+01 7.350532138915409908e-01
3.646964666944087607e+00 7.801835552699996867e+01 2.229240021591614163e-01
8.246590212570442446e+00 1.641887579054769120e+00 6.068839513072677994e-01
9.946431330125015791e+00 5.903838784589838440e+01 5.155074286684556695e-01
1.100972014045855429e+00 7.571294295739684799e+01 -9.237022994639675355e-01
6.370119406269519224e+00 2.627560832114945555e+01 -7.323104366954291677e-01
1.463719783553808718e+00 8.661387545718379499e+01 -8.218328744981912015e-01
9.371795500780237376e+00 5.071486622301256908e+00 -7.505931251307174090e-01
5.976144323662977875e+00 4.927140989681311112e+01 4.821277091298274697e-02
5.341421467259644729e+00 4.330936364636840352e+01 -9.317018952716663582e-01
7.511552150750987700e+00 3.529770350108422861e+01 -1.817230567522146456e-01
6.876883142409779381e+00 9.061114446578386605e+01 2.735318482669033546e-01
8.210609107191979561e+00 9.535479109926457397e+01 -6.795811226480722445e-01
3.765330522457440487e+00 2.345963298732472069e+01 5.381799867560468353e-01
9.418661846560858919e+00 7.469838781535820260e+01 -9.411302599256989865e-01
6.708670085324948573e+00 5.333439080924893716e+01 -6.082252442940403458e-01
7.115035529674438308e+00 3.245752430599328875e+01 4.922982215817375273e-01
3.999947037373667857e+00 1.863001244014747115e+01 3.976870663637417369e-01
3.046250817200393257e+00 3.101336740555720795e+01 9.168835655336002866e-01
8.529903846459365724e+00 1.008805076660281408e+01 7.287629643540118052e-02
6.936714287666640111e+00 5.124494352738039993e+01 -7.227671108514439613e-01
2.387945147394983980e+00 1.704408140074329481e+01 -8.035864085394804901e-01
9.274865635002367270e+00 2.474140920702017610e+01 -9.742292203703480924e-01
5.422083660469459332e+00 1.328450970011800258e+01 1.633209444158255363e-01
3.855740916931036377e+00 5.338278262867410717e+01 5.593912939373930221e-02
4.282750400859845819e+00 8.766684776590759043e+01 -9.999998438363737474e-01
9.036721534715367099e+00 4.499522624721891617e+01 2.132667636948046008e-01
9.044192522131883294e+00 3.731199791287655643e+01 9.899599891544595964e-01
3.498300074494617995e-01 8.990059861941314523e+01 8.820891472638450193e-01
8.505612322527817071e+00 4.865346589009087452e+00 -8.762318214068076649e-01
5.964723501771301173e+00 9.489697526414909490e+00 9.857533925020925958e-01
9.657147178738231474e+00 1.725583176067583580e+01 -9.848455713827909408e-01
7.832195914621609134e+00 3.558762327457208130e+01 -2.444517810175033529e-02
7.425047091594650261e+00 8.339352011077777149e+01 -5.697260023041386123e-01
5.361219351549456391e+00 5.492563695573506521e+01 9.041344544786281689e-01
5.821938781536489138e+00 4.776145833672422469e+01 -8.203830200567824305e-01
2.539574579267249721e+00 2.842419714507794737e+01 -9.963448811338020406e-01
2.547543411141117708e+00 4.007497199488565087e+01 2.731161638150361171e-01
5.869405713384437284e+00 4.662030983582365451e+01 -8.052621812747222663e-01
7.820131073225382146e+00 8.832984056899832126e+00 5.715642201030605163e-01
3.162107555111171031e+00 5.255540135638732124e+01 -5.323256646031008232e-01
6.944985143881341472e+00 3.234391570943980554e+01 -9.453684524475706175e-01
8.212194907936151145e-01 1.194678065062644023e+01 -9.599303736406511467e-01
8.637461695963907005e+00 3.757734264186770901e+01 -9.342380148959985586e-01
8.268535798754623301e+00 8.430337695131022713e+01 -3.805010143227174346e-01
1.754946810211683195e+00 6.510320779514232470e+01 -9.609384856427317934e-02
4.312741249771269381e+00 7.148565519276263558e+01 7.938639756395594604e-01
6.549524811611676434e+00 3.222832197916041963e+01 9.858114488884521798e-01
7.749408715447602347e+00 6.927168706224239259e+01 -6.692632927229179574e-01
5.355871618341220497e+00 1.144793726792423971e+00 9.707473197038718471e-01
6.666527340937609125e+00 7.236510890324605327e+01 9.949788782320189151e-01
2.822997113868776164e+00 7.213858393649003631e+01 9.644952866286861104e-01
2.043122994947367266e-01 9.534263501593652279e+01 7.275983572022580725e-01
4.214088007556310522e+00 9.316687999322464009e+01 8.281441012392345424e-01
5.930227513550278218e+00 6.616766658406963586e+01 -6.700971728717584064e-01
6.494311509915878133e+00 4.407778743655638820e+00 -9.941822013380207101e-01
3.376638984197686266e+00 9.369913248056528232e+01 9.433471184042568902e-02
6.193319048795815185e+00 8.833034130756603020e+01 -9.124926147365757245e-01
5.455220661240333335e+00 4.931418618516347863e+01 7.523366608628684338e-02
3.426212914140975396e+00 4.953544979297845430e+01 -2.573472936288895285e-01
6.464700982185449085e+00 5.284488351411862084e+01 9.861439336432608060e-01
8.992442057972253266e+00 9.037568802417351321e+01 3.125614579920970582e-01
7.234157704842209213e+00 2.501636146566045937e+01 -1.299341721551610651e-01
4.078800994278764414e+00 6.762018414095031460e+00 -5.184179206051160449e-01
1.922646500581469020e+00 8.844367214975486036e+01 7.237130159815459152e-01
9.958816556291910871e+00 8.312002138345899027e+01 -7.642378948950359074e-01
9.392324949188390448e+00 3.790403413258908216e+01 5.953037487076908718e-01
9.731547205822801416e+00 1.552044742068386896e+01 9.612437271170520825e-01
1.125960014125533037e+00 8.493881864368387369e+01 3.355268210094373149e-01
5.670630407584165589e+00 1.229847089152657702e+01 8.934324401779404345e-01
4.948741098298472529e+00 7.589474794844373662e+01 8.895919177370125164e-01
7.488380144929918991e+00 6.400729713834537904e+01 -3.274199126620690459e-01
4.372595588019260404e+00 4.318542641426630269e+01 7.964690701491815572e-01
4.752130663238920860e+00 7.814483571858017008e+00 7.589701808635532787e-01
7.719855366198917324e+00 9.712048283543984439e+01 7.103180465329014259e-01
3.694535817259205324e+00 1.091052748411958717e+01 -8.220013039711868696e-01
7.962234019716889932e+00 3.541420460389723956e+01 2.383716245052745486e-01
5.076078987437564471e+00 2.730549749745337351e+01 -5.881175598102280633e-01
6.177365242273142876e+00 4.280054943762324626e+01 -4.272882743777238757e-01
8.521083570590558542e-01 5.762915422716822178e+01 8.767583271383313503e-01
2.616224978566910053e+00 7.402125341051117857e+01 9.643816130230108419e-01
3.241470250786336882e-01 9.317204325296157208e+01 1.941163641335592049e-01
6.323295454166037111e+00 9.074358643775877908e+01 -7.309816993700474219e-01
7.543740896733044377e-01 2.086972713333471319e+01 -9.998607021983259013e-01
2.475172542254748809e+00 7.517167097134867504e+01 -8.127926056964294155e-01
2.592858493295345124e+00 4.125910884005171653e+01 1.310065233890571057e-01
9.690422919925318013e+00 5.037839910876625282e+01 9.908901403542672570e-01
3.508572484548700743e+00 7.497324492465534718e+01 9.826814565426279513e-01
3.108260833124453004e+00 3.861652927986180828e+01 2.966605868282310987e-01
7.360816274191296138e+00 1.436309342069163009e+01 7.134100389918048846e-01
2.104918940467210398e+00 9.898486443442170923e+01 9.397262595927413642e-02
5.605103480675834859e+00 9.651923297125586032e+01 9.483941272045044446e-01
7.859446603559739231e+00 5.356342094943742893e+01 9.685647776722213775e-01
1.451318572499876947e+00 7.798143822197394570e+01 8.017872983285984079e-01
4.187463956123678166e+00 1.226610373297444845e+01 -5.583786542277577869e-01
3.529327345970591168e+00 2.704254553375904990e+01 9.742679916987866395e-01
6.531842235411434494e+00 8.753607280313593364e+00 8.363506452560068305e-02
4.562621406799693524e+00 2.963201134231525913e+01 -3.317257461818853836e-01
4.140369534227534842e+00 1.705463610192581569e+01 2.703813171105200544e-02
3.507395341439522252e+00 2.823517517062443716e+01 -4.240215635693054264e-01
9.078395190574759965e+00 8.967494578535576011e+01 3.514697205437383731e-01
1.294006287943363587e+00 9.411534765587038009e+01 -8.682554629763185039e-01
1.759868115801512811e+00 5.379483291588245919e+01 4.552785788497039077e-01
1.771128373960087155e+00 1.059811867044202494e+01 9.691657264601841737e-01
7.372032228733104375e+00 2.683426213256951076e+00 5.906290401323662786e-01
3.474756171930349691e+00 7.051159538129374482e+01 7.389110536890822756e-01
5.313545114446747597e+00 1.446427563624659562e+01 -9.050885772436462196e-01
4.076007412569363275e+00 7.193523905580043731e+01 -9.935247703151152132e-01
1.654329996710573569e+00 6.391924013627870949e+01 3.811376099629309455e-01
6.204740038895000254e+00 2.271449676859829125e+01 -3.312132211189499076e-01
4.044140378263211488e+00 2.698487025488546820e+01 -9.405943590710312829e-01
8.559558463769599612e+00 4.132062738367705634e+01 -3.686915263030329099e-02
3.251976797336523006e+00 4.600535542985470627e+00 -5.785082643053396367e-01
2.759235976668711121e+00 5.645695657876075302e+00 -9.998781952604612888e-01
1.462549966595612538e+00 3.796170957250965472e+01 -5.721156344123514703e-01
7.942054434514313144e+00 7.319427919763624857e+01 -6.083298813043385156e-01
4.564225724067403789e+00 3.117454777220583040e+01 -2.582922015511778802e-01
7.858460497549939028e+00 3.545535366304002878e+01 -5.397975141241089236e-01
7.272542404706374697e+00 8.113767686377272526e+01 8.069069517425363491e-01
3.966468151252137364e+00 7.442121805691110126e+01 6.875341484519711388e-01
9.308623156049883107e+00 8.779093012494945114e+00 9.722855484247634461e-01
8.718701922444955343e+00 1.512991116146194415e+01 9.580857654402850088e-01
5.608991720597606978e-01 1.545636176629587411e+01 -7.543176647408499358e-01
4.699949526246220088e+00 5.477545880081991392e+00 9.317420705988915808e-01
8.501842567877668344e+00 6.851713903337717682e+01 9.521323201562420513e-01
8.538676685675802958e+00 8.920256051923202278e+01 -9.689234500733376887e-01
1.788779352792405852e+00 9.418926795293768350e+01 9.997765751017049229e-01
9.490338661521814601e+00 4.460236841080527626e+01 9.977649875212175612e-01
1.270585336273963861e-01 3.859511478980284949e+01 2.197608763754727856e-01
6.775281346748925237e+00 6.648945396927102536e+01 9.510321359881050984e-01
9.525572205159624772e+00 8.557200961840445075e+01 9.515266181007930868e-01
5.926662962885215213e-01 9.703741511908991413e+01 2.944793412913594977e-01
4.187261355734603896e+00 2.971195577641814722e+01 1.825524751442474392e-01
8.012545209824395442e+00 2.230835871836329076e+01 -5.118056819735535834e-01
5.412165913443892640e-01 8.851706341194201855e+01 2.426175401975968482e-01
1.866284915773245512e+00 4.735350923702363701e+01 8.450411948833762565e-01
9.325325673716653441e+00 4.972285236722693469e+01 -9.840441256272280945e-01
7.044827198223915232e+00 2.800650918572630133e+01 7.226592947734357120e-01
4.673692863617404214e+00 5.579508815837628788e+01 1.031703269786338369e-02
1.321710817538030325e+00 1.784246630068596851e+00 -6.887588223312635094e-01
6.511071710517908784e+00 5.100051268207379529e+00 -1.844917542457027160e-01
9.914997335991060368e+00 8.365280233685530220e+01 7.581440002332789918e-01
2.626481372498123523e+00 5.238938463203103169e+01 7.214485699651771444e-01
2.692422430826935553e+00 6.232385292869422244e+01 2.225555786029361771e-01
6.285138194972049064e+00 2.508543984697634244e+01 3.479905890950229508e-01
8.133947163036950201e+00 6.301366868723371795e+01 -7.496138248256609682e-01
3.991910157930017800e+00 5.293240665113972909e+01 8.497936786844318968e-01
3.801039468777860364e+00 5.553560398956928879e+01 -5.056238351689633648e-01
4.769443396806529734e+00 9.232972526675959557e+01 -8.800215865744055455e-01
7.771895768606606580e+00 7.693921037985815303e+01 9.947455760574586137e-01
8.999304517715675189e+00 4.580036522498793516e+01 -3.658468136311129881e-01
7.175881948695817414e+00 8.500268222062862833e+01 9.920401497153937820e-01
4.138252138151288229e+00 8.977152242576620367e+00 6.990625105154090191e-01
8.161929736236960276e-01 3.578289922238926835e+00 -9.728725823846364751e-01
1.870858190198939175e+00 2.638616306250446542e+01 6.036938409378364012e-01
9.563648616508915179e-01 9.540912654456603548e+01 -9.144408569397400877e-01
1.505820438819944984e+00 1.899887022347192556e+01 -9.887460204658218288e-01
6.156074820046636198e+00 3.845358187551182283e+01 2.356346580748572006e-01
5.089768631952955147e+00 6.904755744688334573e+01 -5.339336311194957663e-01
5.107472755987017443e+00 3.603653263011336705e+00 8.809556384800931728e-01
5.729404111524117660e+00 4.656463688280386037e+01 9.798736436785951964e-01
8.706255430837202880e+00 3.789197262607394645e+00 -9.464047734043935789e-02
3.386751352170624951e+00 2.322090717587319730e+01 -3.775210768946347661e-01
6.335986918100234178e+00 7.614983609284827537e+01 8.750434592597819417e-02
8.065635418073442864e+00 3.978132617899610146e+00 9.160029078081667331e-01
6.478724250223848458e+00 1.764234590386999102e+01 8.004653404969482855e-01
9.219525137160466954e+00 6.007391786328344097e+01 4.445088125459727840e-02
2.970464511063287461e+00 2.293124825725058713e+01 3.563412733729905968e-01
8.339891293328470567e+00 4.216556670122959360e+01 -2.324768248398028925e-01
8.048278718281117960e+00 5.755196710726929865e+01 3.857175612027832212e-01
1.858078543504462887e+00 9.729517129541463305e+01 2.432720179388631054e-01
8.207300556845815720e+00 1.792027919402991998e+01 3.440877950896871207e-01
7.962648125967691115e+00 3.049321041963736434e+00 6.367366405248803263e-01
1.879013033079017569e+00 2.244346032299540106e+00 -4.385226054791069306e-01
4.360309223330210315e+00 8.897786745947644960e+00 7.701391644793842417e-01
7.101548037009925096e+00 3.252664746326159673e+01 -1.403524441603077322e-01
5.685616539535876868e+00 8.648865179810536929e+00 6.026236267680951803e-02
2.783889657731872358e+00 5.446078904397690224e+01 -8.797626671634575790e-02
6.075151726714872469e-01 5.907032776763457349e+01 -2.802103972875967242e-01
1.228660053625830528e+00 5.140023857017767028e+01 9.172576192543444584e-01
8.721677954149326339e+00 6.775077379118877730e+01 4.066144990908551193e-01
7.088888934718616808e-01 5.301307250514389580e+01 9.050152028924387526e-01
5.799623647508719948e+00 9.327795346696238710e+01 -2.381859821254390941e-01
3.175923917503467919e+00 5.534953362425847700e+01 -5.716765470145441785e-01
2.855642693217717909e+00 7.935321875063827690e+01 9.311524709224932028e-01
8.938401053798690654e+00 2.933647834583907965e+01 9.987841018931968851e-01
3.338595304684716103e-01 9.062784085453328942e+01 8.174174091293409106e-01
1.099014196903790541e+00 1.906916001074235112e+01 -6.040821406706369245e-01
7.934615140340230965e+00 3.034555288961982455e+01 -4.722112423615779653e-01
6.268561337423181890e+00 2.443213025416810424e+01 -5.263142302293649655e-01
4.061279189050071459e+00 4.460399710326954903e+01 8.424259674749193794e-01
9.102154910144528710e-01 9.313025480954789259e+01 -8.580375452695111482e-01
9.594876847491446981e+00 7.464211135026992849e+01 -1.322904713245052211e-01
9.200721455916530900e+00 8.272134183662610951e+01 9.966894737221599909e-01
5.303071363449287645e-01 1.622250445361640914e+01 -7.279587094420167936e-01
4.318336127205660624e+00 6.023386736181457479e+01 9.787258959405146230e-01
9.468503691967864455e+00 4.873350743130144380e+00 5.685920332416175560e-01
4.486805534174971299e+00 9.331557960630642867e+01 -9.985755202232622363e-01
2.783797978483736335e-01 8.769959853612354550e+01 5.395245028423240052e-01
3.169243993639580204e+00 2.811885449988256980e+01 -1.230000281813102281e-01
6.463922245377494491e+00 9.069719121469444190e+01 -8.505547465148889374e-01
8.530082245476046765e+00 2.660575515153272264e+01 -2.081257176119115371e-01
3.492351125448110771e+00 2.020623084539339587e+00 7.512117134465550183e-01
1.771196867839437417e+00 5.305688366165016134e+01 6.320650536882417569e-02
3.566935984821633543e+00 3.911143014859045763e+01 3.932439176995369268e-01
5.359764188789899464e-01 3.297329000724150205e+01 6.602952121852719847e-01
7.777798751862778026e+00 4.305392167941644033e+00 -6.214325909840849871e-01
9.035610854937392133e+00 8.530511451068859685e+01 -9.972209335883274184e-01
5.612429205018233169e+00 6.243199465382027569e+01 8.133715649592719865e-01
8.140312161977702132e+00 9.194578908813444684e+01 -9.986711920955834154e-01
9.485404774269252215e+00 1.919022496658499222e+01 9.662558213088634496e-01
8.571259638466028008e+00 9.631522437230073308e+01 9.132009431590580872e-01
3.126835104735564919e+00 2.456997189514341073e+01 -7.388774203419632425e-01
5.650901257310956716e+00 3.818511634056283555e+01 -4.730243659034262804e-01
5.472430809222431414e+00 8.878680337613494089e+01 -9.084939730880392528e-01
5.677674588986249660e+00 3.219395743609052118e+01 7.079425226957078987e-01
6.681026229062393185e+00 3.989555774619033990e+00 2.180861814817582900e-01
3.479650811354343620e+00 3.370881985281038595e+01 7.929407439850649775e-01
6.309358001993892628e+00 4.242299141657814943e+01 -8.812309269991802640e-01
4.689511852470110931e+00 1.606801996849149461e+01 9.231363257680990086e-01
5.734786833098101333e+00 3.382283291769243050e+01 -3.187971455936311482e-01
3.307255282578770661e+00 8.064743947451948713e+01 -6.253764969494159942e-01
1.581892495960276923e+00 7.426797411092702816e+01 -1.304720390732309609e-01
6.566302687147997919e-01 5.903190836524907326e+01 -6.419309466588773994e-02
1.764758884738519829e+00 8.357623826894813135e+01 -4.683538567561101873e-01
1.902076100761249000e+00 7.460889858085957371e+01 -9.812791160095708509e-01
8.106112362904060120e+00 1.993754649291470926e+01 6.623275752994830512e-01
5.181810171327958514e+00 6.091912845431632917e+01 -8.933102183550007958e-01
7.913862654605829050e+00 1.410597627744356330e+01 9.963256677520874183e-01
5.369678477944226813e+00 5.282042935170438369e+01 -9.543565762500513250e-01
3.581947007907282821e+00 8.764951496775056228e+01 -6.539624898247176077e-01
4.209192911164225670e+00 5.151828873166867595e+01 -1.244168090183783576e-01
3.523825210693152243e+00 6.982112991665258050e+01 9.479021519439462251e-01
6.991054889155342345e+00 6.427554315827340048e+00 -1.700543527146113343e-01
1.203240532753580228e+00 6.863198751858098490e+01 -1.388849457485201166e-01
4.061672457228677757e+00 1.827044794034521402e+01 3.517564044189523398e-01
9.516303246009094607e+00 5.569908683926151838e+01 -5.495685024949322761e-01
7.705847029665109815e+00 8.289072488901673808e+01 -9.795996586748140222e-01
7.086327648943808732e+00 4.583439050851595908e+01 1.318474276554680753e-02
5.256146082233281724e+00 8.261578306954010031e+01 -5.979316479528135053e-01
2.034080080606525343e+00 1.476032701797427649e+01 5.732935622162217415e-01
7.113826259262837404e+00 9.619345224563186036e+01 8.201134449717317754e-01
2.609794396537286509e+00 7.542435721904813306e+01 2.890735969093835012e-01
5.833017041199197728e+00 3.168455477779113494e+01 -6.135240193881931203e-01
1.723861708743798404e+00 9.011817390692360163e+01 -3.352743827791618836e-01
6.485343471768664436e+00 1.311063187885295278e+01 3.710478047251215827e-02
7.597187881400661702e+00 2.322843448435527236e+01 6.677642262338182588e-01
1.033419668779624878e+00 5.379539283300072583e+01 5.072832985050974575e-01
4.832176563724232210e+00 7.778198442909854293e+01 9.771646527354461709e-01
6.405947986590939003e+00 3.871841674916038922e+00 9.231788855853165776e-01
9.231155990954043489e+00 2.852875451181184729e+01 8.665398876413601403e-01
2.764809918467298289e+00 1.663030957994542192e+01 -3.664177218042097284e-01
7.347161443956110594e-01 5.445271439865702234e+01 -6.991656140721407287e-01
6.042516987499684689e+00 1.239555532913697000e+01 9.575802773258661471e-01
1.210926051348782506e+00 8.138213929740935271e+01 -5.840152630698354219e-01
9.200615638388061512e+00 1.518520675952104426e+01 6.062777764613255238e-01
5.480197311686353601e+00 8.783478648468040717e+01 7.626207107065960944e-01
8.109500721909409293e+00 4.868175872358917644e+01 -1.734521591970933363e-01
6.974081241734911174e+00 6.361141004987027969e+01 5.623647905824786797e-01
2.317605107742680026e+00 2.348920900520010591e+01 -7.935811728211511484e-01
2.875153901700325143e+00 9.820064091911008575e+01 -8.072210082771801298e-01
5.460510790682407967e-01 8.602973998169677827e+01 -8.422550504550736505e-01
2.515003183911700635e+00 2.802985594019133586e+01 9.990869217951250381e-01
8.658904010443928101e+00 7.364999711573182140e+01 -9.945370333779363081e-01
2.910137498426210279e+00 6.614536407956471464e+00 9.205272150738659231e-01
5.238109736270001981e+00 9.641396873045874827e+01 -8.724111505170831782e-01
4.785549106987628143e+00 3.999339798375014254e+01 -8.360267679955865061e-01
8.770916928949361591e+00 5.388724179151581950e+01 2.062971797653402953e-02
5.981771481537081492e+00 6.862307176244556217e+01 -2.560444358904864215e-01
7.468318148772491227e+00 6.759301342910932320e+00 9.876959745898469256e-01
5.281369419829008649e+00 9.480582217970481906e+01 2.386688124196648664e-01
4.019986646766009031e+00 2.309916695730453995e+01 2.146491215535529032e-03
2.408859263530259920e+00 5.630646770634803744e+01 -9.923110257887490793e-01
6.576616262132908730e+00 8.017516016950581559e+01 -2.059721489914213277e-01
6.764189349858466649e+00 3.565230298180394186e+01 -1.474551307975962844e-01
1.817288566410317108e+00 1.554686395508221786e+01 -9.737701471048524349e-01
7.613293311795626295e+00 7.401194549312579340e+01 -4.485464628673754284e-01
4.529761522520976413e+00 8.762642289362489123e+01 -9.969532782329284526e-01
9.581855334537483060e+00 6.378360158628043841e+00 -4.695379341820561381e-01
6.166766694214790512e+00 4.578995004820736625e+01 6.451920549816516637e-01
4.198639432991297937e+00 5.218132432501842999e+01 2.738088223081836525e-01
6.883594627923479425e-01 4.354924561291520746e+01 6.846337532275750815e-02
6.867838090380402605e+00 4.623773297966295814e+01 -4.624957128040702026e-01
2.334649008147464677e-01 2.567874783382075421e+01 9.020640250361688928e-01
9.552646345055922694e+00 5.796567859736509831e+01 4.437576723181222427e-01
3.440814247020648420e+00 2.600804343892237114e+01 1.789992045700150858e-01
2.860470118405218365e+00 7.934388772318712313e+01 5.998502275209351836e-02
6.972812876006496907e+00 1.185025856812049305e+01 9.650446118856437216e-01
7.412068043862605649e+00 3.467413252856176342e+01 8.805899339270807369e-01
6.374353600451970969e+00 3.154571323612430689e+01 9.757457712650002835e-01
8.059596916539188527e+00 6.957694912976100454e+01 4.124826604959072607e-01
4.823133442851076147e+00 8.560811161060537700e+01 -8.689688092934095831e-01
4.995802046188433820e+00 3.475374666792995271e+01 -3.016120551994169730e-01
3.403846209344767004e+00 8.824246786703575651e+01 9.901467089004610811e-01
8.145854072358062581e+00 8.131014114183560082e+01 -9.926426427677617070e-01
5.277976593435965036e+00 4.684491454578351721e+01 -5.957473501889972711e-01
4.248255871988917853e+00 3.103649579965920680e+01 3.985988389952873634e-01
5.217813811851210737e+00 2.816347255742644506e+01 4.483689907372071515e-01
9.599703309093788661e+00 8.209356885666061032e+00 -4.933973525767166302e-01
6.952922383218015590e+00 3.942278265523953706e+01 -8.202079860168457470e-01
6.218495805888641037e+00 6.668007289886062949e+01 3.545848579761398112e-01
4.185582063558534571e+00 5.774619281337933785e+01 4.231501159728948136e-01
5.231624775387325066e+00 1.921240836723957557e+01 8.950028919634952507e-01
7.488587049293243147e+00 7.499291687050548205e+01 3.554737469181732390e-01
9.021164958540552448e+00 6.668789184691266314e+01 -9.998044741057228180e-01
5.540520074184668076e+00 2.477932492414306687e+00 4.343670567133761096e-01
4.740083031090701837e+00 3.197184238369973031e+01 9.986301648772551998e-01
2.013638381847160375e+00 7.170134805214887308e+01 -9.204431304172863149e-01
8.277990991602592885e+00 4.592831771335347923e+01 9.549826626062573043e-01
3.588204181778087420e-01 2.173364042951731889e+01 3.489140798477059768e-02
1.807175970365502149e-01 9.444851793075879698e+01 -6.764683869159017482e-02
9.028159749897584518e+00 8.011601468455592112e+01 -9.999931777263583177e-01
9.538033811541007267e+00 4.326420906000493005e+01 -1.972116806777306219e-01
4.600292860034006504e-01 8.426471693666803731e+01 9.343151486532309535e-01
5.158747977421320741e+00 9.959453141105962359e+00 8.910124722106890771e-02
2.667328272488462382e+00 7.962710432841973329e+01 9.954244821980013924e-01
9.351624342105790078e+00 2.744908490125948575e+01 -9.392723871824548709e-01
2.773991067462052484e+00 8.876286105892883427e+01 -5.105408876897413739e-01
9.796257490098685849e+00 5.353907069702341914e+01 -8.492288965018530700e-01
5.417021150002989671e+00 1.063472944868504300e+01 4.272710672840455692e-01
7.985777942767947835e+00 9.584845919750030419e+01 7.761089760497025258e-01
3.615789885530116265e+00 6.010708456891589435e+01 -7.099112651910108873e-01
1.729865381005022851e+00 2.750223296947203266e+01 -9.974632350641254863e-01
9.995120626237676831e+00 3.835086381054426852e+01 -7.935566727675256171e-01
9.089260646405669775e+00 8.964447084572459801e+01 4.005126484406249521e-01
1.703844651829625523e+00 1.224050527422723533e+01 -4.983112980839107253e-01
3.551793821800506734e+00 7.993707543538228322e+01 -9.515031452553742719e-01
4.375674782324522560e+00 6.926868863766486584e+01 9.944491643089314881e-01
9.536069778239747663e+00 8.910684998336797946e+01 -7.161196408367341837e-01
9.421498268192005643e-01 9.824909989868007187e+01 -5.902673769989352781e-01
2.304856177102753811e+00 7.441342047535999882e+01 7.896788290545794231e-01
4.980878786992598783e+00 8.034422412704753924e+01 9.273790440107363420e-01
9.717311420401037125e+00 5.093073989972126014e+01 -7.700966871028230853e-01
5.510667342851145456e+00 6.217059567732856351e+01 9.729530280347282734e-01
1.192460539196032565e+00 1.174813224595297889e+01 1.179337746389940156e-01
3.859652419141720081e+00 5.801583023344918644e+01 6.358722836463631678e-01
7.938964938039187125e+00 9.613446970649258105e+01 -2.925275006585973947e-01
6.393980936985068197e+00 1.130104884595052717e+01 -9.972160724918672781e-01
7.335402466949294542e+00 8.789429117660502300e+01 9.027340580695855099e-01
9.428534978299209612e+00 7.286309250826911921e+01 -9.643183796552698972e-01
2.141739675993346914e+00 6.268371205523202860e+01 3.176983427401440241e-01
3.196995044919482609e+00 1.296395140040207838e+00 -5.496346543065689927e-01
6.301055247352472577e+00 4.118910866521162006e+01 9.788417357802631225e-01
2.665677768330774633e+00 6.394419942420293523e+01 -1.049154566424560092e-01
6.953519185480793396e+00 7.726632074878308742e+01 -7.988326857278781334e-01
9.695493482963755127e+00 4.382101897969364046e+01 -6.673934261471299312e-01
2.564506935806652344e+00 2.691330058518598634e+01 9.467199831174221147e-01
2.850929100815701833e+00 9.822426486946268653e+01 -4.719384156816713860e-01
5.947683615112087985e+00 6.263498323742614815e+01 5.106950627995839875e-01
3.788796240735131438e+00 3.678415508383541521e+01 -3.917058489757456186e-01
7.459882005830920093e+00 2.442011482483266249e+01 -9.875852835332583624e-01
2.854050479476437197e+00 1.713974584335621287e+01 -3.255901109200880494e-01
5.855978746961418402e+00 5.331714085621037214e+01 3.420583459347204536e-01
9.159215900061690618e+00 1.898368786833881217e+01 -9.579739834303314661e-01
3.986323663264148554e+00 1.975242384933745043e+01 7.232517445468308881e-03
2.180743491841889536e+00 5.308879926812973338e+01 -7.739348928671782035e-01
1.617201023305974705e-01 3.000335681516026476e+00 8.836054046473821311e-01
7.637528560156578550e+00 5.735860514960550205e+01 -1.836564831828768896e-01
9.847531213273855499e+00 7.278246014031122968e+01 4.712379861192236841e-01
8.928624180467940263e+00 5.865672046919407734e+01 -8.638749380714462189e-01
7.319807809737516990e+00 1.548063526617937136e+01 9.731150099488024008e-01
3.073698223996159218e+00 6.876919549226829531e+01 -3.440762394038663907e-01
5.164659418523096512e+00 2.939618885054274955e+01 8.585507315919840288e-01
6.566651903792844358e+00 6.846915527335394813e+01 3.004852705800676455e-02
9.841719331551258776e+00 2.378317834719020141e+01 7.494457231663093078e-01
7.530109509464650408e+00 2.121036101327019452e+01 1.795323285151719239e-01
2.138584925172274609e+00 2.803294223835750643e+01 -9.934535833266728844e-01
7.139207054229352423e+00 1.319713663613491050e+01 6.114036460627353398e-01
9.752302884329409949e+00 6.991186859223932970e+01 -3.894815112425993875e-01
8.015395725987946918e+00 5.300498241783953013e+00 5.053018059986432720e-01
9.867121485640442557e+00 2.782544850544151416e+01 7.980018833070703366e-01
5.026919284604133509e+00 9.044190235699116442e+01 7.596267519584009031e-01
5.923958492532926279e+00 2.453951534725833383e+01 7.779077876721668394e-01
9.076943895184689026e+00 8.338583824583244564e+01 -1.548027797087631330e-01
6.727560450032739503e+00 1.145518617143201645e+01 5.430391162449895726e-01
7.652541271405588930e+00 6.447357222978086888e+00 6.840214936204359608e-01
2.669891413406386693e+00 5.773116428768862107e+01 -9.888030260718089215e-01
2.635826869412587037e+00 1.481586895586476693e+01 6.414232189526955508e-02
1.539171557654485101e+00 8.092623304241124416e+00 9.995899137194550477e-01
2.902015769476040674e+00 9.306321590165920554e+01 -5.088355084894566893e-01
8.094909494163234243e+00 2.877057080177844739e+01 -9.888980025739702029e-01
3.747612951850155305e+00 5.091107418625599124e+00 9.437428483938321566e-01
1.360237258481716172e+00 9.888965016028532773e+01 -9.831940227241354746e-01
6.717379902280008253e+00 7.888761266049726828e+01 -9.810086768977394067e-01
2.214966806438130931e+00 6.665634688240488970e+01 -5.963374493728091918e-01
3.069819544931669864e+00 1.718788845687049482e+00 5.356663009801867492e-01
5.209711054763221938e+00 1.269391991773546735e+01 -8.299235430660397705e-01
3.467971389100211743e-01 5.022950009414477535e+01 1.966747243505352627e-02
3.767154679917384286e+00 8.021743799776325545e+01 3.063639611723131817e-01
8.661477486575464013e+00 9.891873291557797643e+01 9.391595742089388354e-02
6.419560702421864384e+00 6.282501268933025074e+01 9.999128433553426953e-01
1.613292757699628099e+00 2.606872687703989300e+01 -2.476731478255934926e-01
4.761889564967345834e+00 4.059413048777267363e+01 -9.720639460647118035e-01
9.359961175467779171e+00 1.231525530213100161e+01 4.121892945259869045e-01
8.450866055043853464e+00 4.538022795737628456e+01 -1.920425071119053750e-01
8.270693118287494983e+00 5.113433311618907595e+01 -2.879712322623166343e-01
2.001599706466115514e+00 9.296410122775304785e+01 3.538837386852760614e-01
1.630409408614478917e+00 1.194763440526733334e+00 -3.729741071045516998e-01
6.400483776523016921e+00 1.378114598439899297e+01 8.604368731786209423e-01
3.850294790069038520e+00 6.268296169530402295e+01 9.739867203462575507e-01
9.787400670439283523e-01 9.929895836258509689e+00 -9.567634175338227687e-01
9.068212525814743685e+00 7.956075459475388811e+01 -8.138689180246052590e-01
6.788314735760622831e+00 5.827225631613106316e+01 -2.098488115416271005e-01
4.868670502244945908e+00 9.144609526932725885e+01 9.680458391224088244e-01
2.884819886597417504e+00 8.811696911686074429e+01 6.889360268352645589e-01
2.045806745930168091e+00 1.357569933123630790e+01 -8.002546304985216352e-01
3.084480832838878861e+00 9.725424173361712121e+01 -9.148002000384475307e-01
7.390714967828628801e+00 2.765129907604094228e+01 -8.630453082802865827e-01
1.743935845004351171e+00 8.010884784794349400e+01 -1.117301746861142225e-01
2.365743442184212508e+00 1.090413244076407651e+01 9.578100535805247340e-01
9.497037298168729436e+00 5.083112564130122024e+01 4.812878003352545342e-01
7.103122736797813808e+00 4.342302180721134164e+01 9.837469662960661720e-01
5.605383707861406606e-01 5.015183749179477246e+01 -9.442317502432899801e-01
6.586063864895055353e+00 4.998482677717726119e+01 -8.849521580789893038e-01
4.207873191223175269e+00 2.158951718861756319e+01 -3.853492121385108660e-01
6.976824148829900096e+00 4.028927572016052494e+01 7.077409189851797677e-01
2.747138165376886487e+00 8.821805691489808510e+01 -2.980281593215474700e-01
6.676072412327853201e+00 1.611561979220524776e+01 9.991919183794770731e-01
7.962861319918602021e+00 1.357597993668816017e+01 -6.783672011706839977e-02
7.711409508243255218e+00 5.194951081461802289e+01 -3.433965594843543245e-01
2.588308555614974971e+00 7.536921229755105855e+01 3.214390696341229425e-01
8.595761949897534393e+00 1.447175058938275249e+01 9.278166750593299650e-01
3.696298025596593817e+00 3.735513946429278320e+01 5.286450342322390750e-01
8.757064824496797684e+00 2.312452876279377634e+01 -4.952264128288619838e-01
4.197142704974290872e+00 6.079882554752852286e+01 -3.836484955123280471e-01
8.153453456609330630e+00 8.121205891094076890e+01 -4.189422091717797669e-01
7.551645873149007038e+00 2.676210850090660287e+01 -9.653684763775671751e-01
6.514643364926429925e+00 7.550609891122793726e+01 -9.469826552578029799e-02
1.391690889229012962e+00 1.212628514550003977e+00 -9.664513069686068991e-02
7.677456894466143211e+00 1.762014098878726998e+01 -6.281563107836855009e-01
9.301747815877364545e+00 6.320384050106158114e+00 -8.436968857314197656e-01
6.205153956590650388e+00 3.991427535359792955e+01 -9.501891641837933999e-01
4.844527833405134487e+00 6.816099597955819434e+01 -2.997635276853203301e-01
5.210949635224783272e+00 6.240398653919778127e+01 -5.756208118132267737e-01
1.557053831106059771e+00 8.843110754192295531e+01 -1.167915832848668289e-01
8.817574080152569493e+00 9.655790937410576191e+01 7.430267585952846643e-01
2.763251558862444002e-01 2.873369619888368476e+01 -9.336349734734070149e-02
2.663376786247720895e-01 3.274179051714410349e+01 -7.575586877458777568e-01
1.323037315078261056e+00 6.893953478720901273e+01 -9.503515372664481653e-01
2.978324393678731585e+00 4.123241051807580959e+01 -8.556330308125400519e-01
2.004160085278169579e+00 7.064848362929657810e+01 -1.763898127342341526e-01
7.139797059718983263e+00 8.071014096447709107e+01 5.641475363892525241e-01
7.804536879961115226e+00 3.652159217464626551e+01 -6.983703826049766361e-01
9.546668071714274006e+00 5.075807568955188742e+01 -1.292034865130927412e-01
2.465986633398672190e+00 1.855307120791804820e+01 -1.796237632536697854e-02
6.762870360969075456e+00 9.988446241128606573e+01 -6.691406186726513994e-01
6.981719982243046907e+00 2.795133478204232702e+01 9.954283050415134726e-01
6.731901159204035423e+00 4.648268152254910035e+01 5.845895882941196664e-01
6.553126847637332553e+00 3.013773696953157000e+01 8.889230994047032652e-01
3.789763727361158185e+00 1.668442025720438693e+01 9.076376872802639495e-01
4.946774922288478038e+00 2.002202216321939332e+01 -9.072472769732944919e-02
9.006301815968052793e+00 9.509488430982570151e+01 -1.346194414288586771e-01
2.375777972991337972e+00 6.322168092927826422e+01 5.168069117848038685e-01
2.522701985988048179e+00 8.022928761461788838e+01 9.491275023742772321e-01
7.408560325585550110e+00 5.066927447762748216e+01 -9.730690500155578793e-01
1.907539551386093324e+00 3.724647788253982839e+01 9.399504500463102818e-01
3.481932554347520803e+00 1.715013803905839751e+01 -9.232966963102824387e-01
1.958442044882865440e+00 7.691642076981906939e+01 5.694523040504060329e-01
1.391418052892954504e+00 8.739328358163474775e+01 -6.181948525569421760e-01
4.914268695541244902e+00 5.019692853988207304e+01 9.557506962950994556e-01
5.958346931156743853e-01 9.188869990308094771e+01 -1.108330127156474665e-01
9.250809872367007358e+00 8.777851153013754981e+01 9.997616607644160824e-01
6.461875148739784969e+00 2.378872784116828143e+01 6.977273235754932745e-01
3.832376039781618893e+00 3.314854702330038805e+01 -6.266115997311810792e-01
7.366825357734116508e+00 5.507277712440825468e+01 -9.940998325616571263e-01
3.163919430568712610e+00 8.404409169366503818e+01 7.674210752629418986e-01
8.224080576073902193e+00 9.106278167033885040e+00 9.258136578907553149e-01
9.463099091568876631e+00 6.360042393170432007e+01 -1.549640742796195292e-01
4.139410579466038520e+00 1.734868491970483007e+01 -9.976183558034821264e-01
5.192931882639163277e+00 1.358929356844643799e+01 9.485825896726974849e-01
6.209380206632272525e+00 7.424176217659656629e+01 4.060683135417312850e-01
8.893775147616908683e+00 2.147100425226331932e+00 9.131731321291506331e-01
8.978221462661574392e+00 4.356313058023159712e+00 6.225560023872849236e-01
9.815757960625646206e+00 1.999007238560837507e+00 6.131282928502836960e-01
7.958757368550950062e+00 4.055538761386036839e+01 3.495228142712633601e-01
9.071635323345395463e+00 6.119598755115418243e+01 -5.838236200669671971e-01
3.608879386533669908e+00 5.057551512630643487e+01 -9.966289763792526291e-01
3.437513672725444724e+00 7.012643005109389094e+01 2.927298257906919554e-01
3.150089262242913524e+00 7.802196453143682220e+01 -1.841330798845633443e-01
1.809230671864731077e+00 7.894107978375096479e+01 -5.114664085950654249e-01
3.792023924726875883e+00 6.589044147813568486e+01 -8.227602784820917670e-01
1.136860551986466961e+00 5.378286134160932619e+01 7.937623481388731417e-01
8.655148848820426011e+00 4.613548289284290149e+01 9.393162852660206230e-01
4.570913279216610725e+00 1.585705954674199880e+01 -9.757928998630654993e-01
7.957421912939878439e+00 2.842161121553565906e+01 4.817497667762202229e-01
8.607620117742941446e+00 2.693636621674612286e+01 -2.346575946300216986e-01
1.040307418635956216e+00 2.219099709424222056e+01 -5.673486329020975827e-01
2.873202577519148093e+00 3.510826066655724986e+01 7.391708476478282552e-01
2.635464677053427351e+00 7.843977766712639266e+01 5.346248953196926917e-02
7.086633683359041314e+00 6.617243023583706929e+01 -3.980359984185394828e-01
3.282179963008702295e+00 8.198956348719273990e+01 -1.551021586728170976e-01
4.420935752387648021e-01 2.846844980929808244e+01 9.993521781508439839e-01
7.905439962692401679e+00 9.171118904829538110e+01 5.676150151792493936e-01
5.218094951802078718e+00 3.034357367140787076e+01 6.264447085758759748e-01
8.856424912871037947e+00 7.843363088143037487e+01 8.940953604007862987e-01
5.652393625784775111e+00 1.801177068084815147e+00 -7.314831269535762015e-01
8.312852344133116134e+00 4.445917740510723348e+01 -7.945447125267799393e-01
1.667552562460592247e+00 2.853661508560083249e+01 -6.425351849815773564e-01
2.928897631490150477e+00 9.722577146239535750e+01 -7.375004006744353968e-02
8.613503840032885606e+00 2.159024363387068490e+01 8.357157980534860586e-01
2.734869815650488256e+00 2.542315803206683000e+01 7.107039468466436194e-01
7.112766908386515041e+00 9.941225662053825829e+01 9.744654685264143579e-01
4.954285516511194309e+00 9.089044578205896130e+01 -9.318216904471454676e-01
9.312170909778670236e+00 5.997111733656823418e+01 -9.389083075814603774e-01
6.592192405690115997e-01 6.552514056049052726e+01 7.092737992624156274e-01
2.706874513328684451e+00 4.081544946309197286e+01 -2.030860919424224420e-01
7.929030127444219866e-01 5.292237255375244587e+00 -4.947401166970016306e-01
9.609576597369057893e+00 2.541487946103010032e+01 8.235723383281863264e-01
7.838571955579723971e-01 3.421836548868350292e+01 -8.829246482194752499e-02
8.356115411250170766e+00 1.802072227034860674e+01 9.922263068703264244e-01
4.457610175849501255e-01 5.855424901811579019e+01 7.089969513626817044e-01
5.809071067125236354e+00 7.564612903539584465e+01 9.921542487280021749e-01
8.629941989332696295e+00 6.781487790377063618e+01 -9.591282600543803438e-01
2.891469303929686596e+00 8.707690265335612878e+01 -4.024721725329742927e-01
4.978923358894902229e+00 5.970170599394469946e+01 5.322498478176644898e-01
7.333289473094279920e+00 7.267281987142391131e+01 -6.406386773449184169e-01
8.242564196386195974e+00 6.285650156637242247e+01 -5.589604921424845552e-01
3.589840293607368338e+00 2.109724685701692692e+01 9.260776370926492307e-01
7.513269287054284984e-01 4.570333561723368376e+01 -9.936503741302964432e-01
2.200239820671511470e+00 5.819619493932908938e+01 -7.445298710619683291e-01
9.786951875786328969e+00 2.737929563257633259e+00 1.187025373692325997e-01
6.052179998407256178e+00 1.744455477444288150e+01 -6.071409219641293875e-01
6.916019700682910276e+00 8.525105590297418701e+01 -8.148192783395228345e-01
6.342475505229145050e+00 8.326687029360252268e+01 9.825500171337043787e-01
9.209885708075693955e+00 4.193461852061937378e+01 9.023063956901561378e-01
4.394863062320714775e+00 3.855108476232283010e+01 9.597338687316445682e-01
5.053600910555132719e-01 7.982822397331256070e+01 -1.465557758345078510e-01
2.729395702247731648e-01 9.143625238181439840e+01 9.996845981062214559e-01
8.218584546391255685e+00 8.774338875989036524e+01 6.018139466919329994e-01
9.038278068067908677e+00 5.650684834909252885e+01 6.718000369410037642e-01
6.253793754287437778e+00 9.299446423585031596e+00 2.762380378557285354e-01
2.280909164337434070e-01 1.936947183857028776e+01 -3.129637113572854568e-01
1.396849718222432646e+00 6.095485300704052634e+01 -9.270699159895789965e-01
1.244373831680204212e+00 8.620702117588184876e+01 -3.696096943869248697e-01
8.159318797083459529e+00 6.943034801771747766e+01 2.883100529199930651e-01
6.369177189541142425e+00 8.115855066055098632e+01 -1.099647338562960153e-01
2.274976647844770383e+00 5.796980703887480502e+01 4.247014085806364858e-01
4.332583176449113616e+00 8.941018708918177538e+01 -4.228926483849498319e-01
6.802510929194404810e+00 3.843171095817728400e+01 -7.460484656427105454e-01
6.813562536312563367e+00 8.467793469458923994e+01 7.062166536550399387e-01
9.431527278067973086e+00 2.062603274155704547e+00 7.911714434891233827e-01
2.048505217797389921e+00 5.368065076200282704e+01 -9.161954834953008886e-01
7.869418578322838975e+00 5.885865679428255248e+01 1.440890707847314878e-01
9.056868113982836643e-01 1.374757765332888049e+01 9.951447328736459097e-01
6.921591396459485956e+00 1.135495607188005351e+00 -5.176520795134705727e-02
6.780433380870428017e+00 9.170742982785414199e+01 9.563674450187904519e-01
5.333141171075678422e+00 9.652250380631434723e+01 -9.613900901349270445e-01
8.322223896670561061e+00 6.085509896368818517e+01 -8.299019398935180147e-01
7.124677285996743770e+00 5.319325995042399313e+01 -6.797632236302989517e-01
6.228300495275407300e+00 2.858411467133750605e+01 5.185013442393514999e-02
1.508144704466467534e+00 8.339043574618091270e+01 -9.136692832337514059e-01
1.387900317773297920e-01 8.021522391509412842e+01 8.650026681884154245e-02
4.525998968106571319e+00 9.681523028146710885e+01 -7.606061703447188904e-01
1.611453767428689121e-01 7.099423691904554801e+01 4.930652657865782773e-01
8.291794531539183666e+00 8.497315521792408788e+01 4.539126321984345847e-01
8.558182827161790129e+00 8.352619967366310050e+01 8.618025614014073188e-01
4.421315559236109749e+00 9.276414278504303468e+01 1.808055949201684345e-02
7.615877900368573927e-01 8.414787911838799062e+01 -4.940720303451122120e-01
5.757616366881261882e+00 2.706947108715006323e+01 9.684185476794712200e-01
6.138656291029353618e+00 1.931125075685252312e+01 -3.862643660753979358e-01
8.928452750097006785e+00 4.101939586685053030e+01 8.744779090526307863e-01
8.912647514826755213e+00 7.292446370840994518e+01 4.200488565190264589e-01
9.979893017859815529e+00 3.142871995954381958e+01 -4.316659997698766849e-01
1.166421847080061136e+00 5.428860134909164969e+01 8.334696886157377804e-01
3.623215522973855851e+00 7.463315170479791050e+01 -7.267784660399138064e-01
1.408048212951430012e+00 3.158509794882630928e+01 9.591754222864635748e-01
6.491456496041261737e+00 1.661870480344770229e+01 -5.510325109741436300e-01
3.841061560417101006e+00 7.242061295319467185e+00 -8.751044697892830238e-01
8.727707859326240936e+00 5.527929079288103509e+01 -9.999892573500194226e-01
3.030161473908159486e-01 9.961749204698915605e+01 2.886948105952609755e-01
5.806897341888956454e+00 1.281599517343816252e+01 3.928052240462730493e-01
3.780276181824227866e+00 7.267057448548446530e+01 -1.304685530090972378e-01
9.438436644483678251e+00 6.060784401297599544e+01 -6.288912800248868118e-01
9.740877389564710498e+00 5.472252208395546802e+01 -8.944238684204059986e-01
5.800169915976402635e+00 2.931096985191942039e+01 -9.279739938673354782e-01
2.992400593083517801e+00 7.107888218614372988e+01 -9.988862739042865257e-01
9.945438897177082183e+00 7.340685200460013959e+01 -2.822972110887002617e-01
9.421294121712751490e+00 5.952626938158610415e+01 -8.342771467319420875e-01
7.717574550545169831e-01 4.364781103284086328e+01 -6.164123141616262291e-01
6.289072371041121379e+00 4.939718074496546052e+01 -8.832379528477237729e-01
8.716705071589483822e+00 1.928987322004296345e+01 -4.888266458541334902e-02
5.610570196493126494e-01 2.097987110173917102e+01 6.346660844497106213e-01
1.752033554615808342e-01 4.874923557539405294e+01 -6.615063998735609685e-01
1.205674406991280451e-01 5.209781015455229181e+01 9.990619983494245515e-01
9.573007917518561172e+00 5.616946998812944258e+01 -6.351940946976679658e-01
7.558958163570142830e+00 2.137491862515729224e+01 -5.151154395785272344e-01
3.652296286365424471e+00 3.339396839552101870e+00 9.184040440409816375e-01
2.202126836520683362e-01 8.131348872190159227e+01 3.123957029922198037e-01
2.068265078074412067e+00 1.832243806684339305e+01 7.147722111537573308e-01
6.577155618624324518e+00 7.194359102559883468e+01 2.817467409982461479e-01
3.620201951622987302e+00 7.503242143784062534e+01 9.662102363241305003e-01
1.292110559220195798e+00 4.773747700836010210e+01 -2.391314409565091156e-02
1.823342169354627229e+00 9.442276500571779252e+01 7.387213137132465635e-01
3.944798398702300535e+00 9.958606664154581267e+01 -6.212674837932017358e-01
3.691259700804571331e+00 8.568827229445847138e+01 9.918288103168106939e-01
9.852976982080740243e+00 7.210261336784805053e+01 -5.868381119474825880e-01
6.099088581756231697e+00 4.955578341757687610e+01 3.743356079063575592e-01
2.276114556844719417e+00 2.012538259797680595e+01 -5.914209062572510778e-01
3.570715238849845097e+00 4.421879816640847594e+01 8.694313951916060601e-01
4.455772240438551357e+00 2.589423841773432855e+01 -5.335884689384448043e-01
7.782923973186353095e-01 4.899411939887344403e+01 9.092522790479077299e-01
3.583175921095479222e+00 2.184016896907269967e+00 1.959227898891401365e-01
2.674924749150696002e+00 1.548793812320598384e+01 -9.910493469964275493e-01
2.657966563728160203e+00 1.255310287076077280e+01 -6.757147086280195225e-01
5.805525526764659716e+00 1.843378571508545605e+01 7.455423815463199100e-01
3.359206110737612327e+00 1.110294842940150062e+01 8.405062496452376797e-01
8.135250273631955409e+00 9.138550352749021499e+01 3.133204332719450626e-03
4.615917767014535045e+00 9.019588151504191842e+01 -1.010501796778948830e-01
2.672757018657287542e+00 5.234730814547515365e+01 1.576910463341562318e-01
9.161647613083708563e+00 4.749075665853533934e+01 3.877682354821587740e-01
1.034724352007439396e+00 7.484994921438784843e+01 3.955054307765697441e-01
3.336960583388539181e+00 5.400956302228991746e+01 -9.904991143005519305e-01
8.068037958004165233e+00 1.547644844676187503e+01 3.385889631138833678e-01
2.533361299683021262e+00 8.845736989540290551e+01 7.046689761702608079e-01
4.873681854265079494e+00 5.750254931897443100e+01 9.810847273892693288e-01
9.912241634732856355e+00 5.849236537127054270e+00 -3.759378080651035736e-01
2.182528780297670945e+00 6.240387214205920685e+01 -9.769434727373683680e-01
1.880655980803132898e+00 6.001365301886919212e+01 8.791101815240021100e-01
9.149826280956325775e+00 5.384728582101301697e+01 -4.872161077957335440e-01
8.163775458926535222e+00 4.284808547205710738e+01 9.576692936556235880e-01
2.002430003327086094e+00 4.238662431616736370e+01 -9.568703424203427454e-01
4.861941456522342442e+00 4.338603647060456581e+01 7.460102874157572561e-01
3.705993073062695320e+00 9.638766241025374271e+00 7.970765268744274545e-02
1.349097625701994208e+00 1.145094468847885949e+01 -9.682855808569934553e-01
1.762474061425074678e+00 4.123070607323225545e+01 1.119105350624982759e-01
4.077994922149644985e+00 1.956574935805938509e+01 -9.145413922532055206e-01
8.704725085737637258e+00 2.736964997401613431e+01 8.006969206036542719e-01
2.929975808530843828e+00 3.503926858627263385e+01 -6.587811459172081552e-01
4.107419574201475854e+00 7.672035003239916762e+01 9.937061854074096257e-01
6.810117101779001203e+00 6.377784774860928962e+01 -4.573414694774241007e-01
6.062717891816903126e+00 8.501516580061876027e+01 -9.982396900808121476e-01
9.517131041357598242e-01 7.692002491352084803e+01 -9.721632792812259227e-01
3.941127483560488143e-01 9.397511581172487638e+01 7.446075432192649224e-01
5.224608248268548527e-01 1.673207861916793604e+01 -7.268759518828424859e-01
8.033816259378157909e+00 4.590134797954705803e+00 7.131047693107516183e-01
9.616594544301387160e+00 3.340314511213347881e+00 5.599268249524705920e-01
4.302878587639800578e+00 3.675316148928101967e+01 9.813595467632005853e-01
2.506985507513494582e+00 8.628728557625530016e+01 -9.936308288798499921e-01
4.302170765326627233e+00 6.493398480355710944e+01 9.095712942688560787e-01
8.502567064051863355e+00 9.628824306358066565e+01 8.870271039361163901e-01
1.894668628799630605e+00 2.534896757683439006e+01 -1.457828304689079424e-01
8.977441372797159147e+00 1.830274313958244292e+01 -4.566798966727155240e-01
8.827327970554804892e+00 5.868135187229972161e+01 -9.534927770038765793e-01
1.081335514045749235e-01 1.712892418635076197e+01 -2.865589176040373998e-01
8.625507802213325803e+00 7.120468888829074672e+01 -7.839562669950640439e-01
2.584669793702522256e+00 4.719377795931075781e+01 -8.942713994699486024e-01
2.774922515251060595e+00 3.080181796782584058e+01 -2.364915622509890791e-01
6.505973617620794958e-01 3.496015142046960733e+01 -6.560816658226509279e-01
9.350656692756150079e+00 9.250615001345960309e+01 8.487798272198729954e-01
4.067942956635053342e+00 2.589024394554420994e+01 2.531127084575331976e-01
2.741906308488937682e+00 2.216539241138990235e+01 7.740108323838960740e-03
4.657252433198856956e+00 7.643166857471377362e+00 -7.315135263062826354e-01
1.861581499561965503e+00 9.862350890044960749e+01 7.135065712989172582e-01
4.063141461347359318e+00 2.587154788386163062e+01 -3.902205829983061425e-01
3.219410901939157910e+00 6.763808625014419817e+01 9.939988383165044850e-01
5.845909454408836581e+00 2.962264533933549870e+01 9.764267807722609716e-01
1.219983274650216387e+00 9.248262813560099005e+01 7.775123068369438339e-01
1.858284207882083150e+00 6.479468549169546066e+01 -8.363409799540727496e-01
5.082908342527516776e-01 7.529828804136360532e+01 9.910503950290102670e-01
3.971573943579664867e+00 3.414484971416904102e+01 1.231129290762786876e-01
1.591204700638484404e+00 4.587667007839112898e+01 -4.586939347085511320e-01
5.579511907065127119e+00 8.740491696149665302e+01 9.081979671079840610e-01
1.567818664352703673e+00 9.534020288106179919e+01 6.309538901043454384e-01
5.277903942356717337e+00 9.378316136807140424e+01 9.834545445809181885e-01
7.982737566144958663e+00 1.178928179104181950e+01 6.653963040412258501e-02
3.815064648530386293e+00 4.637782152664267699e+01 2.850952800908366710e-02
3.132851489634036479e+00 3.894873938476160191e+01 -9.617153027659169906e-01
4.904575562739743155e+00 9.104017727683063299e+01 -9.999360911140305896e-01
1.929275268559071499e+00 6.664225520226864319e+01 -9.923470621873196063e-01
7.554180924672330155e-01 5.881597107949052372e+01 8.764834712881830470e-01
8.666000384276619783e+00 8.522692997431485651e+01 -7.851724715051177084e-01
2.468795295115369992e+00 1.715323949635207867e+01 1.363263756043203156e-01
2.966932789882286148e+00 1.106472883637774984e+01 7.438383889570188146e-02
9.919078256641999047e+00 2.927417227105928887e+01 -8.453576489363680002e-01
5.862704574531269586e+00 9.291626755593082976e+01 -7.950079785974606406e-01
6.345185807268453715e+00 4.195090401683452086e+01 4.627798468166746670e-01
6.744743058869130614e+00 5.100735114628939471e+01 -9.863440044841584875e-01
4.188789861743148712e+00 4.633732497996321342e+01 9.257641905910078683e-02
3.076381920898290545e+00 3.613873944726855569e+01 6.862047603759184877e-01
3.023606890852594820e+00 8.626122516221897740e+01 6.566114633250115240e-01
9.853395311074391927e+00 5.019078693492140530e+01 -3.171750799483554206e-01
1.707125177922067527e+00 3.009175213978398933e+00 4.093494915173800930e-01
3.762120835383042650e+00 9.699633841397954370e+01 -8.776872776468473969e-01
3.458504402642778253e+00 2.587461182357343858e+01 7.311933747030002761e-01
2.008099219664507107e+00 4.289256010036399402e+01 2.743885987239398916e-01
7.973167495605440358e+00 4.119446017393887871e+01 5.310235531674952769e-01
3.528751596244227517e+00 7.584117795702502463e+01 3.172214360724183169e-01
4.339764021444984188e+00 7.911910879716327827e+01 9.973111241322611953e-01
9.247587615476293266e+00 8.595893156223696963e+01 3.572397908367323516e-01
7.368679775477701810e+00 3.086519075538092594e+01 1.990660131050691825e-02
3.772367723592605859e+00 2.735263680530057329e+01 -3.687490518660130889e-01
6.365902791842634301e+00 8.570791211633255102e+01 9.629197490702583462e-01
6.560767149090014350e+00 3.043922407685239051e+01 9.983804925699564237e-01
6.116767047183779837e+00 4.599517287444913194e+01 -9.850331902347494450e-01
2.557833192306939729e+00 7.760959182980298010e+01 -9.024772619558909525e-01
2.971646828860022183e+00 9.268686934434256841e+00 -6.068833138388308734e-01
1.758167170500456677e+00 3.790660728583321770e+01 -9.763290314191013231e-01
7.062227628251315004e+00 3.969098215074160407e+01 9.749535416945450672e-01
9.813162625475959189e+00 6.980535539523806676e+01 -2.022874236034895024e-01
3.480625288795887950e+00 1.641040373975918243e+01 9.990496706520484160e-01
3.374999467744341786e+00 8.128510666778939253e+01 9.817066458284374741e-01
4.297391788424015147e+00 5.770448371328771486e+01 -9.676032729105507046e-01
4.801032463730359190e+00 1.537544532120157514e+00 4.994145586702588568e-01
1.797392034489907253e+00 8.379851419983150151e+01 1.890607822679550576e-01
5.602053639839783550e+00 1.838804396274192499e+01 -5.863759976610309899e-01
5.426728953750381557e+00 1.368261365978640320e+01 9.786052995874381377e-01
3.820342473237682945e+00 7.767407280008254133e+01 4.689091642082248712e-01
8.434895946464447292e+00 4.011264621971496069e+01 -7.445980795727291657e-01
8.811881382363955240e+00 2.021515102919862983e+01 4.579291191675374795e-01
9.105569940967750853e+00 6.881319199515371565e+01 -8.925639097385245080e-01
6.155704100575800197e+00 5.452100063770022587e+01 4.455228262944881390e-01
3.102319219575728759e+00 4.342492063103473043e+01 -4.819507369796044993e-01
7.171920904387035556e+00 1.598184172676786119e+01 -7.325222908360988772e-01
7.503749325585213015e+00 3.947479015424678295e+01 -2.700125879041546106e-01
5.171749898421328595e+00 1.702605046218163665e+01 9.192385033078006584e-01
6.701003468873282465e+00 9.073405429738470218e+01 -9.692176368087100924e-01
4.496330563957585014e+00 2.870644076578239279e+01 9.199760339058477010e-01
7.846118688372512473e+00 6.983566463109870881e+01 -4.843408936912576013e-01
3.202441443498660334e+00 2.097286278952300620e+01 -9.856657699959447960e-01
8.927740008616442680e+00 3.865657727581007919e+01 4.087374324483792898e-01
6.963151204509363978e+00 7.676532502644090528e+01 1.003663697675488409e-01
1.376685714388349080e+00 5.403935977324661621e+01 -1.391913398740596552e-01
9.013862179327132296e+00 9.207021807352666087e+01 4.871678404497604697e-01
2.187160307456765818e+00 2.422605011108917239e+01 -5.577470070335864838e-01
4.975067238673115178e+00 8.192135614509244590e+01 6.972342851882004089e-01
5.899529455555605928e+00 9.274119430021791288e+01 3.852974009325339511e-01
2.587363277652265925e-01 1.288865668377010643e+01 -9.908336746880024304e-01
9.133297754751851016e+00 3.700001696987704491e+01 9.489562382556554487e-01
7.508470368183663979e+00 7.083807498109713663e+01 -2.123628814643618579e-01
5.110557303359679615e+00 1.148076238299067242e+01 -8.113122554716244439e-01
8.116838139374220606e-01 2.569085392598970685e+01 -2.577911500200132933e-01
5.407933146861241269e+00 1.428933524373728048e+01 -9.527991859895154070e-01
7.311049773113409422e+00 2.889001379271772763e+01 9.167510764045541105e-01
7.662084855969715669e+00 4.513920580818779626e+01 -6.273786238239760227e-01
9.591601790803862215e+00 3.375119034641057425e+01 -9.001696537006872445e-01
5.259278911036680881e+00 6.194625467977260058e+01 8.583209159349645123e-01
1.424082141021822734e+00 5.090210165829991240e+01 -9.719303753402174229e-01
2.673967871653389228e+00 9.527299575105551810e+01 9.870446335793930936e-01
3.215861761414596565e+00 3.812389719793432619e+01 -9.995945779501663742e-01
8.169595389074265412e+00 9.322420493670982466e+01 -1.148913895633733445e-01
9.381637801789612041e+00 7.448692858614677448e+01 7.367476399274497378e-01
7.825933009980241550e+00 2.462514545713977299e+01 -9.993489257189901442e-01
2.965784022940896936e+00 8.327038669496552359e+01 -7.435893197702849733e-01
8.430844276580112151e+00 7.951098358477226213e+01 -7.581638021252815607e-01
9.503406130368265536e+00 1.282669815890992382e+00 9.428999122753563000e-01
7.165026327381276872e+00 4.166097138040348824e+01 9.763224841487033734e-01
1.378766336203323783e+00 4.639133024393865412e+01 5.344822513429786648e-01
6.803621076123713252e+00 9.887003988994793247e+01 -5.657112782701508857e-01
7.017333461068226974e+00 7.231013401909021354e+01 7.552991262214765467e-01
2.453726602251160571e+00 8.775269440764057549e+01 9.575249720174948687e-01
2.170305248305714141e+00 1.977734470995615013e+01 7.328796805916035773e-01
8.249841100573835462e+00 7.999378731457157699e+01 -8.858721971589431643e-01
4.951026381500374995e+00 1.891764627129346721e+01 9.705188392141633758e-01
6.886070178789150731e+00 5.830126857520248507e+01 5.219623063651939177e-01
3.489831983841621632e+00 9.961715449283418877e+01 -4.796754101391695682e-03
3.500270244050495361e+00 1.340765502416750365e+01 -5.252883905473677562e-01
5.974073086684270617e-01 1.677881377367397508e+00 5.375701183514378645e-01
1.123834975247921752e+00 8.776289528221303726e+01 -4.710238226704379083e-01
1.142907584596819959e+00 9.139600939077395481e+01 7.973746598582667211e-01
8.032909045827928196e+00 3.543611097612457073e+00 -9.166915306109587602e-01
8.420205270425803690e+00 8.361467944753300685e+01 -3.540368628210894819e-01
1.416551373130854552e+00 5.010124912577762757e+01 -2.304070544486258310e-01
4.715817292219306900e+00 9.808724321640053745e+01 7.081125591561446830e-01
1.779923596825904619e+00 7.612923111399267384e+01 -1.459631704010439790e-01
3.622147716170824427e+00 5.556565723149894609e+01 1.995209967875162180e-02
3.528963435577110452e-01 2.822678833675749743e+01 -8.960538474201639181e-01
1.406344924008420039e+00 7.672844824695600607e+01 -1.823247336948743136e-01
7.092372202611292309e+00 9.695677322557682487e+01 -4.228513141092760663e-01
5.409825618881683340e+00 4.278670429888140347e+01 9.764040175683393885e-01
2.984994505439826362e+00 9.431716844462206950e+01 7.407083163413039628e-01
8.153914613992107263e+00 6.058764788984707650e+01 -9.861494239465980194e-02
8.712064768769078427e+00 4.782785199045983759e+00 -9.870697032299792506e-02
2.473090945044767341e+00 8.738188145864906176e+01 5.935294946786421333e-01
1.205125196024636525e+00 9.793992501677269047e+01 -6.333041628471531848e-01
7.453158573924796304e-01 4.468403129631717974e+01 -1.385285613106806146e-01
4.648315527519412349e+00 9.300320548585450098e+00 8.839663210729356013e-01
3.429594999184934156e+00 9.970243234266237664e+01 9.937986111554649726e-01
6.812087205306959881e+00 2.782059008705449532e+00 9.977038593083285001e-01
8.072163702323857493e+00 6.061442739342746933e+01 -3.543439617392426522e-01
5.085345288107806283e+00 8.530641835039203613e+01 -9.969037944714147503e-01
5.084124741624161281e+00 5.689047916183915987e+01 -9.601358500334502555e-01
3.083296251765899942e+00 7.837873347360448406e+01 -2.550332044080960148e-01
7.100367681035408829e-01 3.930241712954754263e+01 -7.809864718560443064e-01
5.030643761774791223e+00 2.362285457130378408e+00 6.570725520307213463e-01
4.468641426113741488e+00 2.365051558969128820e+01 9.940375896433977232e-01
4.038834564362979052e+00 7.123819690381766101e+00 -9.357112340329272193e-01
8.607737859898692889e+00 7.666941837070180554e+01 9.211755356871152989e-01
1.617726787199537775e+00 3.013764882356221264e+01 4.080852542280288264e-01
2.639371362620299699e+00 5.718296392864217381e+01 7.399542399750571597e-01
1.476346491770479608e+00 9.896341857398181219e+01 -7.838510301286554238e-01
1.478735938172814457e+00 7.374356907855153409e+00 -1.844998009278022919e-02
8.317934193159572942e+00 9.887089618017522241e+01 -5.927456899714559357e-01
9.530897115718024892e+00 7.596016382179494997e+01 -9.814220333752285974e-01
1.095751791125554764e+00 4.587753533866566613e+01 8.481413077676650536e-01
9.315123995637470955e+00 4.402879183079294734e+01 -9.054532413797902191e-01
7.403588068983729009e+00 8.861865271186266568e+01 2.650776948969327806e-01
5.735284580552861833e+00 2.713756045513032333e+01 8.510099272528229286e-02
9.924044853252187437e+00 1.154721894852939634e+01 -6.012505176361166992e-01
3.811737900156012326e+00 4.750200597588787588e+01 -8.214068821500253303e-01
9.397272909989093037e+00 3.551064853992217163e+00 -2.929023636700598399e-01
2.336428181788048786e+00 1.597102700786600771e+01 9.858436499886319426e-01
4.363163531281630370e+00 8.236295051917501553e+01 -3.223691308792402399e-01
4.464663397603603201e+00 2.157750321276508743e+01 -9.269180702428340135e-01
9.588447078086662856e+00 6.500504919555842775e+01 9.992199136848174401e-01
8.239511924812290999e+00 3.841513209503262516e+01 9.484857602089062922e-01
3.517484860211893771e+00 3.551628780135916230e+01 9.977088587999327629e-01
8.996912541585071921e+00 7.080985571095790476e+01 1.346166925963947769e-01
3.658245653751752702e+00 9.899708700256103100e+01 -9.876506954084541823e-01
7.121903635070398586e+00 3.054037050037753787e+01 8.084813003585542557e-01
1.471754101633579559e+00 3.812446541477000039e+01 6.323551646458280828e-01
5.116221131527929344e+00 1.289734870230203612e+00 9.106794764054224611e-01
8.110054254828829912e+00 1.425611511467844217e+01 -6.583664426727493524e-01
4.407639465825928804e-01 4.634481037419669214e+00 -4.608364071772810822e-01
2.902913070031563070e+00 1.817835966746272547e+01 -9.380304620622881284e-01
3.003179588100141295e+00 2.723745415095252653e+01 -4.286037271561174943e-03
8.446522967033674334e+00 9.425864147226374712e+01 8.234492292753703424e-01
9.126500540106281534e+00 8.704081733190913894e+01 9.972938206343351375e-01
1.200489670609090176e+00 7.236527489795302870e+01 4.596963943598139646e-02
7.516557815423970723e+00 2.474281664402510827e+01 9.999020879318700761e-01
2.681220036423021202e+00 1.306773175482096860e+01 -7.825878831400175928e-01
9.062872944974833089e+00 8.945468997770321096e+01 8.424428328566100355e-01
4.474765090086872732e+00 9.751442003936226399e+01 -5.015841081013787672e-01
2.197032841377175583e+00 2.532162813035991888e+01 5.904544406079494101e-02
3.227653884167952736e+00 7.339217274541204006e+01 -7.356506590792613043e-01
6.307834731769206726e+00 4.683056859176521414e+01 2.290300527118434848e-01
7.350242487830545457e+00 4.895210434657592202e+01 6.407620417443687932e-01
3.169145347983202576e+00 6.050107394010339590e+01 -8.552653877860513232e-01
5.300352126457394952e+00 1.993142151288965280e+01 9.161600516655484805e-01
9.238762774983012349e+00 1.868065452850479957e+01 -9.880587361703355720e-01
2.872160093350681453e+00 3.516451373500424182e+01 8.111092584101907699e-01
2.947368642966580410e+00 2.941288240195802928e+01 -9.976564634296701817e-01
3.708894629963220169e+00 6.476569534354899815e+01 -6.754674595872973697e-01
7.567480015217803668e+00 2.896873731680485875e+01 -3.196681922831697831e-01
7.775165509616506654e+00 6.819107173433593516e+00 -7.468509722545962903e-01
8.658266605758385026e+00 7.172015890465574728e+01 1.534899972999028139e-01
9.534711825713028333e+00 8.886917373398426889e+01 6.550338667771604673e-01
4.918003599367610335e+00 3.070265395658547547e+01 6.606339588427051490e-01
4.898363817759789463e+00 2.974814487977344513e+01 -1.369062868026965640e-01
8.918701262983750766e+00 5.578934155956251573e+01 3.960064397979459194e-01
3.619434061363983268e+00 5.545873416307868098e+01 -7.482800255330712691e-01
4.365787642341127928e+00 4.359982203864073824e+01 1.634972248174787757e-01
6.367176249986109760e+00 9.937114030611464699e+00 8.866797189855214478e-01
5.244204690345315889e+00 4.618630470771302043e+01 4.800651525778488193e-01
7.489357877178849598e+00 9.691044931286856468e+01 4.325457742702851771e-01
1.977169357594889654e+00 2.926492017254130218e+01 2.899936520064638756e-01
3.629143226755233709e+00 9.638769598644185521e+01 -4.590009747611752955e-01
6.538211247107768465e+00 7.741083890300581061e+01 7.786572817444253891e-01
4.241660997545209533e+00 2.172507768781288817e+01 -3.885123394255560747e-01
3.915704057420676509e+00 1.161813166057865843e+01 1.009314614432097607e-01
3.749733787705804566e+00 1.424584513151392962e+01 -5.789536468798781588e-01
3.678404623896219583e+00 6.972716384286570701e+01 -6.694048721848013805e-01
1.306159565265869960e+00 7.213149337183592991e+01 2.274265393761282228e-01
4.188577733487186094e+00 2.252853736989533928e+01 6.518431457397788620e-01
8.002666172299600644e-01 4.460185146943452850e+01 -6.801340765593533177e-01
6.687795321396535542e+00 5.988243526017402019e+01 -9.995851361581614691e-01
8.376884569685266513e+00 6.380183104298803443e+01 9.541170752898813223e-01
7.227319163612301089e+00 6.238107444954221137e+01 -7.655543011851610735e-02
1.381624433281840147e+00 8.926925207466547363e+01 1.436437296990984713e-01
4.599772136666478772e+00 2.029701631758456415e+01 -6.066071381731924506e-01
3.483222921193098731e+00 4.625221794045220491e+01 -2.122717125515667658e-01
4.630745656290335965e+00 5.167115257519511573e+01 9.999853416756427915e-01
4.428831515345834191e+00 7.122805522245705845e+01 5.310708633251843835e-01
4.828238653114520496e+00 1.791791686195012945e+00 -7.608104823160278807e-01
3.236796630364793703e+00 5.123425624576255899e+01 -5.739773101838557823e-01
3.484752275705193636e+00 6.939113574340471757e+01 -4.702185384040264982e-01
3.128007723560391362e+00 9.222100460273345846e+01 -6.528223260398395844e-01
7.263068164991691056e+00 8.122200885497481693e+01 9.937590805129591365e-01
9.065490089542027619e+00 4.199609803108796058e+01 -3.288250500782181618e-01
5.094681742834859861e+00 4.982478353512067315e+01 9.998406060687421437e-01
7.048555155939592254e+00 8.100832338816087486e+01 -4.867652129377428305e-01
4.281404581474919091e+00 7.048683147321997922e+01 8.402705186136912863e-01
3.095250667886213503e+00 8.762828914687077031e+01 -7.019363048489817292e-01
3.677938749820604425e+00 2.108729914881966394e+01 -8.162425378476368953e-01
4.484440908493953160e+00 9.334913025415136190e+01 2.552669244069489252e-01
5.309864254387487215e+00 4.830021473936528764e+01 -7.932192099352366466e-01
3.460489144008108031e+00 8.969942121414248959e+01 -9.605485246488345563e-01
1.720088699878552285e+00 2.050543863388250543e+01 -8.112267580075031015e-01
6.344544492192135010e+00 4.333044974674924532e+01 4.148351002758001727e-01
5.480741663040414657e+00 4.704766308673995212e+01 -4.853015738911040655e-01
5.194393409452550792e+00 9.618781187136274013e+01 8.440324398439685849e-01
6.587333592857780751e+00 8.829773451151031338e+01 1.652520723966411920e-01
7.634267739483824755e+00 1.257559284258078414e+01 -3.491910052353346394e-01
6.239397608390190086e+00 8.331574631410371978e+01 -7.318083082785122873e-01
2.893837140281332765e+00 4.901771997998687169e+01 -4.082079134744169835e-01
4.634623010940570609e+00 1.055040544670669789e+01 -5.847736752331366555e-02
4.601214450928580391e+00 5.490223031180899937e+01 -9.984352936628311248e-01
7.641949403263140539e+00 6.291550555735966554e+01 4.845706819406854771e-01
8.389014547192831017e+00 6.604420909601458334e+01 9.644554975032085808e-01
9.687907260617693694e+00 8.664558670374862714e+00 -9.943203201010218928e-01
3.984832976045918240e+00 1.897877480029547570e+01 8.836037563866147027e-01
4.473451778342171004e+00 1.578094869017846769e+01 -1.653347869821663874e-01
9.280648053038417444e+00 4.121687932337156468e+00 6.994669478544000008e-01
8.490139700087086183e+00 9.698542313572045259e+01 9.992904319355252474e-01
3.458131555077322172e+00 2.637528559348865098e+00 -9.584405701273934763e-01
6.953490983682558024e+00 3.163853142244998651e+01 9.254776474969277356e-01
7.207157044192666895e+00 7.873954778674290367e+01 -9.486413150228175661e-01
5.126044907753525059e+00 5.094028460391458424e+01 4.827052829514291155e-01
2.089110227794550578e+00 6.145285200385342961e+01 9.716217004609642993e-01
4.267404081410179018e+00 8.247558934895751293e+01 8.255151111529878127e-01
1.280191132982457791e+00 9.789444800591419948e+01 9.772312217674321566e-01
3.747533142141644014e+00 8.357953400104189257e+01 8.038424540051568590e-01
5.683986506792158000e-01 6.392193849858240462e+00 -9.000665921291294280e-01
8.871894285476402686e+00 7.391094367002061460e+01 -4.325365776939782969e-01
2.122215760475244295e+00 2.165125513359858189e+01 -8.433605239449049051e-01
1.057589330727540133e+00 6.676901275461707641e+00 7.491008837234832685e-01
2.230105444075380472e+00 9.850265822690363393e+01 -7.675625852284765349e-01
9.576266499859881876e+00 7.981261338789542492e+01 -3.384863405632874134e-01
4.222765208210703669e+00 7.214216844771110004e+01 6.032802400902537165e-01
5.615335324190343869e+00 4.643007973280614920e+01 -2.516385391659389272e-03
6.520493822455371014e-01 3.529452221455937178e+01 -7.426376901292677246e-01
7.588373042630647269e+00 1.228089508502883476e+01 5.605969856917144556e-01
3.569416395283271370e+00 2.634053156472388579e+01 3.043774803768203308e-01
6.047545312053594024e+00 9.139238661698388455e+01 9.249714195841832742e-01
2.925183405521557312e+00 5.009818268363417104e+01 -7.960387176897592010e-01
9.525671139883455041e+00 6.077871477952735191e+00 -2.025852735158073237e-01
6.812071081216804380e+00 7.679515511068609612e+01 9.774543018832505537e-01
6.571476551056492532e+00 5.301807536872849624e+01 4.862952379380409140e-01
3.855222738761049150e+00 1.029360980194550201e+01 -6.696392997355002930e-01
4.280170697586434869e+00 6.368172023708054041e+01 -7.797079579934129701e-01
2.576802180715313195e+00 6.485176823784820499e+01 -9.378770610484237213e-01
7.434531352004999372e-01 2.070265900127525072e+01 -9.977430497193147119e-01
4.342490708741820526e+00 4.528895578236100761e+01 -3.025773155505599443e-01
8.074912935971454431e+00 7.656796809648638202e+01 -3.546568972779609030e-01
7.867795560177066605e+00 2.990768422266580373e+01 8.225858171717580491e-01
2.136946686434594067e+00 9.620062057509495901e+01 -8.067137754252398096e-01
9.352275014116276708e+00 6.197171487158244929e+01 -2.903203981801117939e-01
7.324630322217458023e+00 1.514808014664166613e+01 3.910809223090869757e-01
4.680451970112684101e+00 5.399480006837340085e+01 -8.266511096950093229e-01
4.918820174902075237e+00 2.127018445719341955e+01 4.667547943173915304e-01
1.043965104502374563e+00 1.100980364368508191e+01 5.043764007720010767e-01
6.795680852484657031e+00 3.554638548416311750e+01 9.999465147980856061e-01
8.044588176624094089e+00 6.668043995005614022e+01 -2.798536158775352667e-01
1.107486716999398713e+00 3.536804222981198365e+01 -1.452946857735193387e-01
7.019903534815776780e+00 5.066911649593411227e+01 9.513081273248391589e-01
6.175608807607311235e+00 8.855749226659324336e+01 -1.728442179697028680e-01
5.291609824937754780e+00 8.270657112442485470e+01 -9.371063085567413742e-01
5.132663178531767123e+00 7.974886020276740339e+01 -3.674241784855123982e-01
1.912898982038343521e+00 3.198024123364721305e+01 -7.881466597488409054e-01
2.343432451364103886e-01 5.730439307625933054e+01 7.187113023585887106e-01
3.343528124953944136e+00 1.064360742076286037e+01 -6.063758390431209788e-01
8.135956519669109710e+00 2.692060394844352089e+01 7.748437196005318883e-01
2.552903507585359222e+00 6.910232839909858171e+01 6.222828764464464202e-01
1.467110074950810361e+00 9.269888848418803207e+01 -1.600785536960481481e-01
6.193403416986956067e+00 8.951520519967057510e+01 7.135977601988514607e-01
2.344851646945459667e+00 4.517362343631072363e+00 -3.635366847663981660e-01
1.600460010366862029e+00 3.168503654278761061e+01 9.765651134935062760e-01
8.288737338796494214e+00 2.595587232977107206e+01 3.502195624606156410e-01
8.648845710894045524e+00 9.436082400398532855e+01 -6.414040540428137538e-01
8.493325869429606101e+00 5.259563484643152975e+01 -3.450999077369962809e-01
6.628407754952776010e+00 2.193053477514710892e+01 7.856082142684621683e-01
9.885974526075612445e+00 2.131155369830569413e+00 -4.566438335374757296e-01
1.696987333686622357e+00 2.360071057720210774e+01 -4.847403878541708955e-01
3.990651922971074628e-01 1.912257795300263652e+01 2.790885755699786808e-01
3.166002091853129308e+00 2.426281840154076264e+01 2.929222772111191309e-01
8.317924003436949931e+00 4.679182444669956453e+01 -9.533176111172276812e-01
1.163888634664205224e-01 9.007618652192964248e+01 -4.592179447240686274e-01
2.175444219224381026e+00 9.325028855313981069e+01 -3.555224034507285524e-01
4.180979123651473728e+00 4.015927286664314266e+01 5.908098099731081687e-01
4.202334028264657739e+00 3.453297122403984076e+01 4.506692624260812408e-01
6.902076498442271557e+00 8.922600328185541230e+01 -9.821084786685905232e-01
3.577306489734298101e+00 6.818508220619084170e+01 -5.295393062427104086e-03
7.213137467894106258e+00 2.974748160443750677e+01 -9.995570215053981578e-01
2.612383408056988099e+00 2.880646240383720880e+01 7.290190565183740645e-01
6.058195127709086414e+00 2.230846482181442525e+01 -5.135821273826657318e-01
5.346600688529438372e+00 5.698146003882206045e+00 3.816904688994098849e-01
6.991203426946431598e+00 6.841653144456637747e+00 -8.247465552530919286e-01
5.108164202966395173e+00 1.191021971477269226e+01 3.856533582334280563e-01
1.469241297299843430e+00 8.267284187200387180e+01 9.534330527016854351e-01
5.659577536288773025e+00 5.175545098709388725e+01 9.285609390082903980e-01
2.667700149983746272e+00 4.452670063986530380e+01 6.313894170443805631e-01
6.821440315451770431e+00 6.658562302541753297e+01 9.507425952513141043e-01
3.640574849444965455e+00 5.548274867513819686e+01 -8.440493489968577956e-01
4.175322328289452933e+00 2.460637419763323663e+01 6.917917905568085057e-01
1.776233140322742932e+00 1.979388622113442509e+01 -9.996251446923225537e-01
6.340990254642433488e-01 9.054288541571641247e+01 8.758140300173159476e-01
1.983059916954948321e+00 6.573367654363812562e+01 4.816197017617954712e-01
9.785716862306472308e+00 4.176708169302079199e+01 4.827792858364247930e-02
3.047600982589977914e+00 9.487666289062660496e+01 4.282986706743307503e-01
1.441631893467703263e+00 3.706583191179493042e+01 -4.289306930091602021e-01
1.182594094507855020e-01 4.698253817824410206e+00 8.522768732103629397e-01
5.867248760059205814e+00 8.496510131463219295e+01 1.724513090321221076e-01
6.343548523552819063e+00 3.156353186254475673e+01 -1.051110886479870721e-01
5.912375926822962535e-01 7.931543943100460403e+00 -5.770705204322436679e-03
1.428704607359568834e-01 1.284704306554553099e+01 -2.907306579095054744e-01
1.372458905546814822e+00 8.410807206055504537e+01 8.757107366410069593e-01
4.226836806057266749e+00 1.332367890460269422e+01 8.054957676389633559e-01
3.782410028535200919e+00 5.609130231628731167e+01 -8.083556299442657966e-01
2.400713723606778149e+00 7.418283669726035612e+01 9.229332028483231420e-01
7.397707674619257823e+00 8.926332064619192863e+01 -4.370499583671019761e-01
8.433988195544134925e+00 1.259033737524527830e+01 9.716705009376502833e-01
8.190988410721338653e+00 4.764004987021461091e+01 2.387032702365263215e-01
4.489201135712300506e+00 6.649061231675536021e+01 -8.589188518533512617e-01
7.485968595979741735e+00 9.048122825974007810e+01 9.998074453938760042e-01
2.910608401762045716e+00 4.859614263421673286e+01 5.766785277530785958e-01
3.875944880822776106e+00 2.596949271984337315e+01 8.525620780488271100e-01
7.558304747161494141e+00 6.121967991466014780e+01 -6.471683059107369296e-01
9.913376966056283379e+00 3.543610868187935381e+01 3.382893423266745137e-01
8.702425231512565418e+00 6.970315966334453606e+01 9.548274200356692276e-01
6.701549445179153963e+00 2.270544159097408965e+01 1.379549963188509420e-01
9.179322767064117983e+00 7.679103358720804806e+01 -9.525096893681557209e-01
1.722938483493706485e+00 6.081696400238806177e+01 -9.929021041658614433e-01
3.049269541966754815e+00 3.197194591110429940e+01 1.228144747134523760e-03
1.796136205255949969e+00 9.553646562678460441e+01 8.862533462037264220e-01
3.727250275377663069e+00 9.342735116182676336e+01 7.559491944856242540e-01
9.747427522597115868e+00 6.435962023279918753e+01 -5.502759941987311887e-01
6.399086276354192471e+00 7.432876527910438824e+01 -9.826520592518449559e-01
6.955444144408658325e+00 3.377175936922760968e+01 -6.769593010146298662e-01
7.369596144850368624e+00 1.514907227778503795e+01 3.182998611817758894e-01
7.625794342266254411e+00 3.865707420321801813e+00 4.548102071454962481e-02
1.840442220818592656e+00 2.361777012206164628e+01 8.896374495193898335e-01
7.137956069496387279e+00 1.772660662063428205e+01 4.298338317720480917e-01
5.949422967216633218e+00 8.016377034208261421e+01 2.608946726947515837e-01
4.229988748724789360e+00 7.604834971163974444e+01 -9.121990295274796656e-01
5.222763454151874818e+00 5.652757774405485236e+01 -6.511174434814206435e-01
6.759135758862464538e-01 5.143973359887090169e+01 -9.845041006891792623e-01
6.893217207891519038e+00 4.006457645120896416e+01 -6.238873333318941672e-01
1.128505239413091665e+00 3.442935139330037586e+00 -6.716746410724410143e-01
1.385553081065307834e+00 3.969186485391686947e+00 6.694198812038155699e-01
6.426337275093683132e+00 6.427310401409918938e+01 -6.504202556173329652e-01
8.501581887723867581e+00 7.573754946016910239e+00 2.518831368361625356e-01
4.835270035965685942e+00 5.247690944644071465e+01 7.892927115398685745e-01
9.796155007663131187e+00 8.133977882780727953e+01 -9.999794529880959848e-01
1.703698775700120072e+00 9.802214292343188617e+01 9.595498101677948366e-01
5.451607986797998961e+00 6.541083288087959602e+01 9.823627780301534829e-01
4.419908958158429435e+00 3.274190155977669292e+01 7.179065924038339208e-01
9.799212845162161400e+00 4.760473004376775208e+01 -1.575508857798030571e-01
8.767321719016901937e+00 4.459728125945343891e+01 -7.395768109519083033e-01
9.963214565943674828e+00 4.242682055233352401e+01 2.082918273332782511e-01
3.302267689653302529e+00 7.599478198772956716e+01 3.857766631927396772e-01
6.875236516066074444e+00 8.696607139705037071e+01 -5.224318974850915287e-02
1.804479814453992859e+00 3.462188283857589255e+01 4.834006266595526347e-01
6.879816776415801804e+00 6.039048776963514342e+01 9.454686432155234854e-01
5.758812524586908177e-01 4.072582438413663652e+01 3.025750525426006143e-02
9.894181142590467104e+00 8.765301590132547460e+01 -9.113722369713000981e-01
8.864244306756003056e+00 1.501183959424734127e+01 2.864646551381459516e-01
4.902659500724912967e+00 5.576744211783152139e+01 -6.784612476642882806e-01
4.837691794707975390e+00 6.084961501297964048e+01 -6.035523175362893233e-02
9.958635814637741390e+00 2.605788193596770341e+01 7.569980407192847816e-01
9.680050806975547317e+00 1.692441300116824721e+01 -3.859725605661595838e-01
8.210734748253397441e+00 8.120739403864776307e+01 -1.787215133630701558e-01
4.569135460386136716e-01 4.759921990613170095e+01 -9.706775122365968178e-01
2.636151801942767658e+00 9.072853643552861058e+00 4.722888149974844851e-01
3.601563611816543720e+00 2.704854014101129067e+01 -9.893347436687179863e-01
2.369469008567071544e+00 2.110305317274474035e+01 9.931700755944042891e-01
5.206395224411764389e+00 3.900347879185080302e+01 9.764279664893222854e-01
9.644928485165299437e-01 6.670532672553829912e+01 -8.067725005467552002e-02
3.142974744948139332e+00 2.099636722604063621e+01 -5.421524344475606716e-01
8.603870507492193953e-01 8.626670484825883989e+01 9.060325764934298309e-01
7.628821444958569842e+00 7.498671550217019899e+01 4.601678611361845195e-01
8.698678480208952735e+00 2.459036238399541929e+01 -9.971367503758861162e-01
7.369451081312511143e+00 7.530867458998396557e+01 5.022631337204203072e-01
9.689913518795169267e+00 9.064456874537252418e+01 -5.113043495912005243e-01
5.130384446800826836e+00 4.105776580842393031e+01 -1.433176154908223365e-01
6.478615000951487346e+00 8.833983895822447607e+01 6.371620184128229392e-01
2.042671447961537989e+00 5.096332630335309943e+01 -9.485704828667641531e-01
3.331090136211578567e-01 7.884916701975532760e+01 6.693000551240364526e-01
2.336559882294517720e+00 4.157232899541934756e+00 -9.441907859001007486e-01
7.418908996094314645e+00 4.915175455484572353e+01 1.847563628292858973e-01
1.908371560686104029e+00 4.226218462783063501e+01 -4.482101394954694507e-01
2.094960605431169132e+00 8.105168419287727488e+01 6.695489864504114985e-01
7.111807818953609583e+00 2.259971024592096001e+01 1.589673464206736719e-01
6.870181295756486506e+00 8.523846931345890710e+01 8.458054768906936305e-01
8.611951681058144237e-01 9.478735856418863648e+01 9.906291205600317173e-01
1.971748401363269121e-01 7.371545395238587162e+01 -4.111411735004618651e-01
7.181248394664413226e+00 4.968783928496722524e+01 -2.213372379583313648e-02
8.628411488341567903e+00 4.911336061938082764e+01 9.999845870484512789e-01
9.217984462092377873e-01 8.085851414685923544e+01 3.367860755797256189e-01
3.713625484654437425e+00 2.895577223675855905e+01 9.976517609434873979e-01
2.097103718785190196e+00 4.449615469306952065e+00 -9.976854122559446481e-01
6.081619605694764452e+00 2.141684885168951524e+01 5.393703689194125905e-01
1.624249908638526474e+00 3.218604800658219744e+01 -5.251271747008136835e-03
8.890256503026042978e+00 7.493113059804272780e+01 -2.813981209431513641e-01
7.419840897622918874e+00 5.311090948581189508e+01 1.624029101615339643e-01
9.732515603541067151e+00 7.430247902222340883e+01 9.515861653459011249e-01
4.095285070039804687e+00 3.987309740582757911e+01 9.974412778390853163e-01
6.651428512002326876e+00 3.423929157693198988e+01 4.856691461558050316e-01
8.878263970385400938e+00 7.611561885876671596e+00 5.313856306972616350e-01
3.703104456639383812e+00 9.327362442536421838e+01 -8.673958071587801744e-01
5.648114387483618160e+00 2.188091838492568542e+01 6.169028896860009326e-01
4.070236943423394038e+00 8.210664757978632622e+01 -9.671214382413653166e-01
8.484078209659667635e+00 4.102337976410975529e+00 -9.711499583265359448e-01
1.008654550655997822e-01 2.913698347724482574e+01 -9.756872602501874825e-01
7.807310154959668402e+00 8.416207083204953676e+01 9.259281963594040432e-01
1.321873896257749648e+00 3.104603323688291283e+01 -9.819655014122903314e-01
5.885831932831237623e+00 2.402346181308498529e+01 -8.045668728406387693e-01
3.004390311837386918e+00 1.680189503385211935e+01 9.929361620414961509e-01
3.081508560048832113e+00 9.117798706071084780e+01 6.323232421205052800e-01
8.614581743162474936e+00 7.428918482273253687e+00 -2.317275020782103706e-02
3.941297433920777138e+00 2.715734490745251861e+01 8.477933891669853228e-01
4.176509847230348349e+00 2.082438572572977620e+01 9.994133488014773636e-01
8.172637393297144115e+00 5.148207439324075807e+01 -1.983336344224554126e-01
8.926899645270950145e+00 5.501931058692525767e+01 -1.933152487185198221e-01
2.251948000786776927e+00 3.025379494115849965e+01 -2.526382183377992030e-01
2.565218851105418807e+00 9.004823074980289732e+01 8.188963417145773693e-01
2.885805625624932702e+00 9.503364447297089512e+00 -7.126701296253703521e-01
9.608669797183921446e+00 5.191267791390391295e+01 -1.355388298478837350e-01
3.511775220123442232e+00 8.134797322081081461e+01 -9.996660595811028838e-01
3.021241254101589391e+00 5.109924616715008483e+01 2.016637077443707848e-01
5.186311661184213939e+00 7.510023374979120092e+01 -9.468925908145610082e-01
1.874023537784616167e+00 9.048911010215115880e+01 4.829445964172380812e-01
5.985821773834137716e+00 7.280648678613447089e+01 -1.711566014503659583e-01
3.695845059766948548e+00 1.057209553361945353e+01 4.650174745852734270e-01
3.516846587752652020e+00 5.969386344952134493e+01 -4.108366355941482362e-01
7.474700212232816554e+00 4.280564201358536280e+01 -8.253017728622966676e-01
8.841069743445229889e+00 9.288136690806364015e+01 1.004252987071462266e-01
8.846420518551221690e+00 6.479314651376395773e+01 5.948158742414588751e-01
3.091775306153801584e+00 2.899817570189117433e+01 -5.708571678950613570e-01
5.601047009037371183e+00 6.197569448743256970e+01 -8.994942533791420169e-01
9.181634767058570290e+00 6.149823083445195948e+01 8.025540857001144390e-01
3.282057361735933654e+00 6.848780460154834770e+01 -8.072952584559829337e-01
9.871862198154758516e+00 7.374799917239978697e+01 8.932959198313149551e-01
3.641960739906157762e+00 6.639297273620476858e+01 9.948593938925652802e-01
1.879218174428179955e+00 5.204022508910251332e+01 -5.446151073176681567e-01
4.059674734641034455e+00 2.861791463225313947e+01 -3.581266318428632522e-01
8.773479927584773463e+00 1.598487075223264497e+01 9.898823987519925760e-01
6.826718617510619147e+00 5.647417740952852228e+01 1.027672123429784062e-01
4.291537867815354845e-01 3.782140822559895810e+01 -8.692138057773133308e-01
2.997084101033584247e+00 3.140541213289128564e+01 -7.484697812148703548e-03
7.161378792631043488e+00 7.273795603328571246e+01 4.497276189351675502e-01
2.972306030849686920e+00 8.418313549410163432e+01 4.580545708417774753e-01
3.278413410642304626e+00 7.473875338714046279e+01 -9.997716946005922312e-01
8.520056635722913496e-01 6.339730712148370628e+01 -8.755291769319797357e-01
2.556670862313346060e-01 7.470801590972754980e+01 9.182734034619218777e-01
3.722957515695789699e+00 5.082228829913989188e+01 -9.004373414545424614e-01
5.522754007730171999e+00 9.673486240253646429e+01 -1.297685866925338272e-01
3.688219672416292561e+00 5.909546755336602075e+01 5.885020895296833032e-01
7.262561288994509923e+00 4.838809091654192684e+01 9.180948302623063162e-01
8.145803399981405235e+00 2.869793581379572700e+01 1.137651834301593723e-01
5.791571718810669900e+00 5.826562677233906129e+01 7.662726841368459052e-01
8.478108314668215684e+00 5.934625346188418860e+01 -9.912271895088047291e-01
2.834019358781859399e+00 3.665288048117982811e+01 -6.983472421124670149e-01
7.472358737334736212e+00 8.059457826972482053e+01 -4.064724553987589251e-01
1.714535913204142670e+00 8.483777980850993572e+01 9.849055666700076150e-01
4.411395670998270901e+00 1.459147801296250258e+01 -5.042809093557493183e-01
7.161979573183440806e+00 4.099614673032534995e+01 -9.504668468558069572e-01
8.760058847089284839e+00 6.229608174564770451e+00 1.118214873282363624e-02
9.022630588494152448e+00 7.695340041310931412e+00 4.906265758819469136e-01
2.388998238262939111e+00 2.877097128770889967e+01 9.970089533393646786e-01
1.772419773034858093e+00 4.767525498827797037e+01 -9.101676922845199913e-01
1.315182366290855498e+00 9.589828969679213344e+01 8.390204077927462256e-01
4.257189000412618718e+00 1.123269150348883372e+01 -6.016493696755904619e-01
1.122463361196563980e-01 1.654097089902658979e+01 -2.965937453646354527e-01
3.185669416219232275e+00 9.816620341487234214e+01 -3.765564233299321106e-01
2.635755208446638687e+00 3.121796621570245378e+01 7.257263117176955269e-01
7.365289316271724118e+00 1.461087793405332746e+01 9.999931351012938396e-01
3.566277690155885693e+00 9.719924698000680507e+01 -5.121996321282359377e-01
8.468138348212272959e+00 8.167125761176504284e+01 8.803010389858129114e-02
9.950409224407312792e+00 1.126317372762945190e+01 -4.840921401992868689e-01
5.659331197072472008e+00 3.436639559892852702e+01 -9.997386075268109851e-01
7.698258812327375189e+00 1.282980449652646193e+01 -6.280081770556948939e-01
7.716364596196186199e+00 6.006844900685879196e+01 -9.890425137558601643e-01
3.420870375389724494e+00 4.582167310938199734e+01 9.635579592911777680e-02
2.350671434303980512e+00 5.254828886479511141e+01 -1.309416362788687060e-01
5.787935878899049591e+00 9.087510514864968059e+01 -4.654032281921277603e-01
9.344025220780268981e+00 2.541851210642968439e+01 7.754386161090520702e-01
6.087483036226964295e+00 1.477700090565757485e+01 -5.072711646342041858e-01
7.098830944153967870e+00 4.059966326068200004e+01 2.675904820145025287e-01
8.727588457106495667e+00 8.957108168470981013e+01 9.935319435697645973e-01
5.708295631360821076e+00 9.664791533920093514e+01 8.360567860357579484e-01
1.589735391351654092e+00 5.400645010701329340e+01 -8.199573776228797906e-01
1.447711715444229164e+00 8.143628702525209206e+00 7.774498795349301661e-01
6.936162700240099177e+00 9.878591282143979413e+01 -8.952227035966584534e-01
9.659509512818688748e+00 3.768252843834584098e+01 5.862169538422278281e-01
7.265725686717287246e+00 2.253784430153556428e+01 9.957728367617918463e-01
7.000274185059626397e+00 1.665046871046835975e+01 9.763242492453612087e-01
5.944443143793879614e+00 2.693983744865882102e+01 -9.944044061424499592e-01
9.554533833483278116e+00 4.038731040877821954e+01 9.891737616485807294e-02
3.988156306166133369e+00 4.046499934180581448e+01 2.801480708134115871e-01
6.403903009116665324e+00 7.191673419594378913e+01 5.310628465984782443e-01
4.821259108665985949e+00 1.169505226173661327e+01 6.509270544312319995e-01
7.201573220689438948e+00 2.357084287329732675e+01 8.853896031990476923e-01
6.773525530723055077e+00 3.041554866197234475e+01 -3.007134071440493162e-01
9.519451804164871689e+00 6.790553843482233276e+01 -6.940785588559618136e-01
5.470910954023036510e+00 9.732315172692771910e+01 -8.069277718693961265e-01
6.861614666360503989e+00 4.856080284912877687e+01 4.082379273693660382e-01
7.481933359718440535e+00 8.580905146841858766e+01 9.138254930758445971e-01
8.448149034108503486e+00 6.744734664965939430e+01 5.765255671025671935e-01
2.758070668427115901e+00 7.266194346411857907e+01 -4.957670711761892335e-01
6.282883091365621731e+00 2.019226322855486799e+01 -5.899584004206803733e-01
9.942580370234392007e+00 1.599101647570041251e+01 -8.476733857653748760e-01
1.987618904984937540e+00 3.346707819873343936e+01 -3.509293648989135761e-01
9.671019906434313640e+00 1.588830255438355543e+01 2.523300033040727919e-01
7.976880302108603438e+00 8.650121809650146076e+01 -7.036242446512307458e-01
3.721576793947555029e+00 4.106108103149051836e+00 -9.258318072943352295e-01
6.732513080870634603e+00 9.153493976111973041e+01 -5.074303936374416901e-01
9.132584074784093175e+00 5.695244719965484137e+01 -9.154894111832982961e-01
3.587817612488588104e+00 9.950687691743307539e+01 9.053888902391887816e-01
1.814087781223365226e-01 3.107001157725675711e+01 8.694979247679751611e-01
5.551540930257162110e+00 4.780199781793806224e+00 1.927225411333538876e-02
2.276510629279694164e+00 6.989091380385690400e+01 -6.371954740557765895e-01
5.957070741138932313e-01 8.393288692986519095e+01 6.063989797419889749e-01
3.920686481809021462e+00 9.662450471611229830e+01 -3.388188051237504550e-01
9.230155275278278282e+00 5.209147682431586901e+01 -8.991121411684933618e-01
1.771810892430747686e-01 2.091408215820977290e+01 -8.551768280865865712e-01
3.527671957515145618e+00 1.498528732100139038e+01 -6.692665188985631453e-01
5.097588348119469259e+00 2.947438619646107227e+01 8.291897710482837303e-01
9.856200066918328062e+00 1.697103753955698835e+01 -3.653726621468795233e-01
8.091114522429583289e+00 3.871639400209598136e+01 -7.894295719599523364e-01
9.361158687556594415e+00 1.219315173485691162e+01 6.047585572989030295e-02
6.486516556914181386e+00 6.879231859782454706e+01 -3.501283525123175533e-01
8.722429430053900035e+00 8.197618403021122901e+01 8.558069126355435374e-01
5.981161309848086027e+00 7.967770875876918524e+01 -7.117477448154034825e-01
6.358893161498613722e+00 7.310739992785251218e+01 8.048774989989413431e-01
5.468792207703870645e+00 6.934591493184444744e+01 9.999544817868478708e-01
3.646650622557817911e+00 8.928570928728363754e+01 4.866231799759047072e-01
3.944308910843143945e+00 7.829411702379597671e+01 -1.383829152241795868e-01
4.247746004446288026e+00 8.561748137880736920e+01 -1.939637615838126772e-01
1.763188176438153842e+00 9.865206791584735413e+01 1.125515913152276837e-01
8.104609815382701754e+00 4.951587206397799434e+01 5.876990049790332682e-01
4.995955534678020449e+00 5.379926685311518497e+01 -3.725341441112884899e-01
1.459070773983387248e+00 5.202082964295958334e+01 5.941213312859496831e-01
8.823534590273380829e+00 5.460567951369397122e+01 2.305653218625147438e-01
5.632124259583839887e+00 6.528376253490455383e+01 -1.774518772614782636e-01
4.479378512744905727e+00 6.430945282495275528e+00 -9.950677050979294114e-01
4.076713509739618324e+00 2.367750748391264537e+01 -9.814584018777208207e-01
3.320530121885871822e+00 6.231137694990974296e+01 6.778055557537934206e-01
5.300624369976562278e+00 6.209538033898330411e+01 6.511898346304511032e-01
5.895893145479552899e+00 5.640611405517913113e+01 3.180818779801607987e-01
4.118858230318301672e+00 8.282523706200599634e+00 -6.368127369660062653e-01
9.908104518894196744e+00 2.837837834992471997e+01 7.843310692734382084e-01
2.705970332056509164e+00 7.329605095346988719e+01 3.623032553225354890e-01
1.919335210924155266e+00 3.186229396616650078e+01 8.645921012348543044e-01
3.209414595084966404e+00 8.971333575399390270e+01 2.324856183908746987e-01
2.500914442036072050e+00 7.261665562959129261e+01 -6.236114772534249173e-01
9.325083501362795957e+00 9.954483040146429573e+01 -8.956869557497683099e-01
4.114688529327523270e+00 4.601936141528214108e+01 -1.984661819170019104e-01
7.232240783210674095e+00 8.768999020273419376e+01 5.149143034533835150e-01
4.478180255572631552e+00 2.631117893501818017e+01 8.625361022909285857e-01
1.773970051030950845e+00 8.359465284830687892e+01 -9.732461982137441403e-01
5.692446507234032893e+00 7.218702205561362462e+01 9.922328363136850848e-01
7.877860012642597276e+00 9.968583261112081573e+01 -8.820893151081000694e-01
2.705091477191271299e+00 6.691381442164289695e+01 5.814096933632532105e-01
1.373559711546460615e+00 4.713826566102194704e+01 -2.612682069568906806e-01
7.653524134801321210e+00 4.280946257063263261e+01 -7.569325081370298358e-01
6.107844929266766698e+00 4.328040008430800611e+01 -9.987787641142972239e-01
7.515843037629513113e+00 8.473527820991274950e+01 -8.772996567200465057e-01
6.682102133371964570e+00 4.860831823420772935e+01 -9.977767106488885096e-01
9.189542250563233594e+00 1.639280625639237599e+01 3.588194490713286777e-01
9.774271444074368986e+00 7.875204478872194613e+01 -5.353679693288007080e-01
8.640502469742679992e+00 9.996835786390390410e+01 -9.404953123720490860e-01
7.416827533328490318e+00 9.979963061997344198e+01 -4.759288037099769220e-01
9.474790601186088068e+00 5.225341914489820994e+01 -9.737208333023342766e-01
2.443634635492582863e+00 4.503444803137720953e+01 4.740999166063754044e-01
5.499111456855071189e+00 1.828651027666271744e+01 9.308759461895643739e-01
4.529789752232900923e+00 3.140730690635671607e+01 -2.963100965009795584e-01
4.313506858030832447e+00 3.542618444395156274e+01 -3.322405768335940923e-01
3.564849198010546338e+00 2.061487678838263093e+01 -3.173332306232153344e-01
4.947018147489640860e+00 6.466777915064297133e+01 -7.596620661801831709e-01
6.398235068644668289e+00 6.763435064645585726e+01 -2.874732998592839928e-01
7.627135753661006268e-01 9.004406830249911309e+01 9.372186553170238632e-01
8.522814376236689249e-01 1.910688086529379603e+01 -8.129653606069831007e-01
3.257205097253281778e+00 6.966835419566616849e+01 -8.470062459794088783e-01
2.327149631114359352e+00 2.646567410153724609e+01 -9.841840325637812859e-01
6.544251872658761293e+00 2.074232758388341935e+01 -9.213572371732207111e-01
8.811261146917296116e+00 2.847876029463889225e+01 -5.682898548510452175e-01
9.907570698253529429e+00 6.470069022926958269e+01 9.960905799514256920e-01
6.323115055911189941e+00 3.965424752352951998e+01 6.200837807897455756e-01
5.171305866610688362e+00 9.747408352855978819e+01 9.500900025938665561e-01
8.488370778173569775e+00 7.588145044606571332e+01 6.416445595155252368e-01
2.129740105974956332e+00 6.236481944319896797e+01 -1.941658190915811766e-01
3.058462966206677569e-01 3.678134234766149291e+01 2.938420698567011380e-01
4.456243613534726755e+00 7.413147985069690549e+01 9.218684631163852616e-01
1.483583358134231256e+00 2.078809153241479990e+01 9.590171113215182341e-01
1.346491232792215387e+00 5.028000258901627717e+01 -9.776510308058825593e-01
6.293567041085698754e+00 5.025337857234731587e+01 -6.692341773887011680e-01
1.332958324505775893e+00 3.706408835721929762e+01 2.868091542285894358e-01
4.150226764305708471e+00 6.525767905995940055e+01 -7.075029611764397375e-01
4.790595012132782493e+00 1.362717676927629684e+00 9.785082332877389488e-01
8.465001114860539744e+00 5.265261074351638371e+01 6.857494056977130048e-02
1.714782093099649352e+00 7.383825051642405413e+01 6.558792707399212496e-01
1.093775731322482514e+00 1.082217925128790803e+01 7.159521151500587433e-01
3.159307678249224427e+00 5.230390439160956362e+00 -7.378237975121342274e-01
5.510686895033150456e+00 9.606317603286606754e+01 8.230003633170882571e-01
2.695377382152684298e+00 3.931098668622115611e+01 7.271130076338364612e-01
3.464413455040821876e+00 5.396377396189948428e+01 -9.617534460562726650e-01
6.508921494092541060e+00 6.037699694715524856e+01 -8.215360484789093753e-01
7.459654906852523304e+00 3.180963861652532287e+01 9.763040507525033718e-01
9.227482664362053555e+00 7.007063937224152994e+01 3.663015157920306297e-01
4.679904346028640028e+00 5.522923578681537293e+01 -9.851426493538220086e-01
2.888095217518729108e+00 3.284927385880814654e+01 9.226746471452400566e-01
7.622633875240397039e+00 3.291629093332329603e+01 -6.346239967354724287e-01
8.372140473528874027e-01 3.066583405190563028e+01 8.835644461715416176e-01
6.755326222505257938e+00 8.557479086906324994e+01 6.842487835851485123e-01
8.917456876237594088e+00 9.802211283991847779e+01 -9.056460065138490778e-01
8.240864491168325756e+00 2.447334043976206530e+01 8.399430015071481792e-01
9.263097032851715928e-01 4.350460791001518146e+01 -5.155819439438388274e-01
3.411977226417321596e+00 8.623469903367634970e+01 3.537346800412871639e-01
8.447847287134720995e-01 3.911331338703283933e+01 -9.776214106443444074e-02
1.889659397482326364e+00 5.913552650007129152e+00 2.929244620909414731e-01
7.407515657852245639e+00 3.773741303793757851e+01 8.378837245789179100e-01
6.566118565787887107e+00 7.771494021854827849e+01 -6.792433212268291776e-01
1.409173473474171212e+00 6.179185866132249316e+01 6.971220028290829873e-01
7.990085933928544604e-01 9.274091551761412688e+01 4.062068541425161716e-01
9.270388153087061767e+00 4.762859866076768256e+00 9.434313385673792629e-01
2.236366997979072568e+00 9.057910864323703493e+01 7.022720464355272085e-01
1.249151840415549497e+00 2.372250791775290324e+01 -5.044713705021193206e-01
4.859153627683684418e-01 5.374352800816422082e+00 -8.692034188907719061e-01
3.225713401218320842e-01 1.949989475738895095e+01 9.990730227812036901e-01
9.499516604048565682e+00 4.094601069114717973e+01 -8.240992403523103027e-01
4.794655022191681049e+00 5.151802396134002748e+01 -1.070570898921941322e-01
4.907012189590183482e+00 4.769194312927152168e+01 6.482799333340813486e-02
2.964800849394012561e-01 8.326788544360105959e+01 9.999999999997696287e-01
6.510354812183290818e+00 9.983150352454009635e+01 5.315479002140274245e-01
6.949662132971350381e+00 2.395554546475820246e+01 4.505736431393711494e-01
1.063822845956213792e+00 3.405366231297154656e+01 8.779561461574246772e-01
8.317061954729386031e+00 4.894763305245457730e+01 -9.197117987277452222e-01
5.788544511993429786e+00 8.942680865174045834e+01 -3.935067976567783732e-01
7.270717990086102311e+00 1.591521808025419382e+01 5.914051179864204810e-01
1.215929879552084314e+00 7.634462097131986980e+01 3.743888770244340192e-01
3.983830598918407517e-01 8.545239072369916755e+01 -7.960466037201125999e-01
7.948622464578792846e-01 4.728120403466886046e+01 9.046404963087963935e-01
3.906330414381775640e+00 1.701343407910561467e+01 -8.154538065760463805e-01
4.804714199109088923e+00 8.203409576160218819e+00 -3.698937493267982490e-01
3.518835458176754027e+00 4.198305868332488444e+01 6.039203561728854197e-01
7.014293799949089525e+00 6.265510148379643596e+01 -8.951106208824787247e-01
8.444495459424087969e+00 8.805400191341138338e+01 7.148355323793178506e-01
1.966994057640004678e+00 2.419887839779744532e+00 1.514927977702837103e-01
6.601846590806069059e+00 9.345451389903606909e+00 3.803502437817335435e-01
1.652352802780011842e+00 7.413259684284599871e+01 -6.058494212289879943e-01
5.345150381343884760e+00 3.129292885296269588e+01 6.274388641071389217e-02
5.218870150993418555e+00 3.787480799383216379e+01 -4.863623287758090386e-01
6.478119086936088067e+00 1.261561444101426233e+01 3.669394302528772300e-02
1.567663066200225108e+00 4.836395162460487995e+01 6.318530423026402776e-01
8.342950885366251512e+00 3.783637102335078595e+01 9.705866949284608358e-01
2.644172807755506227e+00 9.499050648460814728e+01 -9.336937013916638550e-01
7.801665371703758289e+00 3.719479434234396109e+01 5.524407391019670044e-01
9.820297826168763677e+00 1.782585361341268992e+01 6.803303732477763432e-01
8.002142210332022998e+00 1.368348841032725360e+01 2.152242289962919344e-02
3.386751073905961640e+00 6.622827723209499595e+01 -5.812293064428569050e-02
7.270065276104046958e+00 8.261207911893309586e+01 -3.081040410846191402e-01
6.803959083150227016e+00 5.653478980695472167e+00 9.074053632053034057e-01
3.671579744069497497e+00 5.836220988549230526e+01 6.440588370919826389e-01
1.815184427939515288e+00 7.923090348757496315e+01 8.767803557237906498e-01
1.621500553073069506e+00 6.452910470422131084e+01 -8.970936841146714968e-01
6.061926435698842042e+00 6.854954660331301852e+01 4.432488133135557562e-01
2.215601719466814501e+00 1.724472357056219707e+01 8.139867710413609680e-01
8.451542789676636858e+00 1.114473534189660775e+01 9.767017349570606966e-01
3.279952904543992798e+00 6.857942834557653100e+01 2.218089510949086407e-01
7.646822003607427476e+00 6.434212881264313921e+01 6.691191365164055327e-01
6.182015788999024153e+00 2.020841989406519801e+01 -5.049692084933123937e-01
3.086307656667083066e+00 1.072413088089178856e+01 -8.352556421808956522e-01
9.129565719303707194e-01 2.289050622904698429e+01 -4.852843128698692277e-01
8.566629483330816086e+00 9.966577127448807971e+01 8.188794115995454703e-01
7.447170485493757930e+00 5.335722854713143448e+01 -8.372195340903510960e-03
4.643701990853243089e+00 2.615336575962331622e+01 -7.454557205196052916e-01
1.825890575042867114e+00 4.916544649733977934e+01 4.694179194363999885e-01
1.610170794178004350e+00 7.891062487545126203e+01 8.197581264372608700e-01
7.346643708098550718e+00 7.666819890416003602e+01 -3.851017392885489055e-01
5.640125233708707775e+00 8.698605350909130607e+01 -6.516943333638971492e-01
2.122572833252130309e+00 5.131612653836052118e+01 7.720097605812719088e-01
3.318391014437772846e+00 1.368209396554211388e+01 2.364420494121899641e-01
9.779784443599760513e-01 8.641305611677432807e+01 -7.798171987053106324e-01
4.158156702334254717e+00 9.961703302380377067e+01 -9.999753080302979935e-01
4.327037006365171301e+00 6.616643443755233278e+00 -9.910220884946512321e-01
5.405376271520621501e+00 4.601311673522432244e+01 -9.946341774628031374e-01
9.010475699775062353e+00 9.465238878721689275e+01 -1.288758766466842065e-01
8.088907122750466527e+00 4.872462955909145421e+01 -8.581129690490023609e-01
8.455022041182747472e+00 5.998198159315836619e+01 -2.654368834566442903e-01
6.214226716560982133e+00 9.733507561157371413e+01 -9.637361166812988822e-01
5.199652453413832198e+00 8.647194839267665145e+01 4.455841828142255712e-01
6.175728507528313926e+00 4.276810423288696938e+01 -8.735661143402025930e-01
4.173276044739136381e+00 3.657405479581471042e+01 -9.953955524844644298e-01
3.102725608802884505e+00 3.924604286177222434e+01 5.346717528085498383e-01
4.298611394798916852e-01 2.452482136179042627e+01 -5.104307233640547059e-01
1.913062931913266818e+00 7.635205147828607153e+01 9.996431527680973428e-01
8.599926142670797802e+00 5.970733252359003984e+01 -8.937725944265993983e-01
4.270209687772485552e+00 5.324391055993736899e+01 -2.144744003577171362e-02
9.925919524655487436e+00 2.951533434846276194e+01 -6.519198065133988695e-01
2.807003836258654683e+00 8.291501165089330527e+01 9.440680881099318134e-01
8.343248121935380013e+00 4.917034522447481493e+01 4.959595626205154928e-01
9.120699482762276489e+00 4.670251555492099982e+01 -2.371728341364913728e-01
1.072510852299584982e+00 5.458458651957892727e+01 -9.696279417486610708e-01
8.082745596746891081e+00 4.921989805126004569e+01 -2.828203179879751339e-01
3.907287946322020922e+00 7.425138861041838823e+01 9.473392343505895319e-01
4.818160845789638103e+00 7.728192203375895986e+01 -9.970405721089888873e-01
5.927748539990188803e+00 3.701902384074465147e+01 -6.426515149409851579e-01
8.386152109505816910e+00 1.547987835486611097e+01 -9.942669713930109010e-01
7.006626973175176687e+00 1.791363973131890930e+01 -8.940273952919501610e-02
7.162888899512003249e+00 2.965631914128882229e+01 -9.883730713932679102e-01
4.288664181496817385e+00 3.100020789729049753e+01 8.372423015557297621e-01
7.662175915277360083e+00 2.147997815219843787e+01 -3.321110847552655176e-01
9.532993824959811846e+00 9.843421960839134499e+01 2.499046431378231514e-01
8.104628042379886210e+00 5.466054206795169534e+01 8.527948100332233272e-01
9.001231237286191345e+00 9.860297445323291754e+01 -2.753898903366409634e-01
8.237210090453958244e+00 5.425302408168710144e+01 -9.637594867648031638e-01
8.024421443016569455e+00 6.643832784202376729e+01 2.485585435130015231e-01
9.141908355477138315e+00 5.024301831861661327e+01 -7.322508806004373039e-01
2.985744050590198873e-01 5.831566604125180220e+01 2.329754407905997582e-01
7.659639055328497648e+00 3.184206715563853152e+01 7.666015550207195828e-01
1.504886761899635106e+00 9.825423950767411441e+01 -9.025590311000240007e-01
9.334549001130197254e+00 8.107429309894547487e+01 -3.216994712486771490e-01
6.836707821319660816e+00 2.860796638424499960e+01 -9.588990934354313378e-01
3.240166553692173768e+00 2.969607818979331526e+01 5.344039016979286183e-01
3.955065372655269140e+00 2.644453218440141029e+01 -9.457470452013359008e-01
6.226015932366271599e+00 4.927394783555706681e+01 -6.780642868873560693e-03
7.611607794910529634e+00 9.685307464133181554e+01 3.927495602818623088e-01
4.438633152481544997e+00 7.232109615853538287e+01 9.179139750927459707e-01
7.826870401644703268e-01 4.638484127185446937e+01 -1.023631391659640538e-01
9.135390211377835357e+00 4.313433275023687230e+01 1.844028981574399872e-01
7.545974117864122199e+00 1.729930063886066804e+01 -9.259331710164074858e-01
4.019606565791345787e+00 7.435105860034667558e+01 -1.593759157312954755e-01
5.408845426577363114e+00 7.343289555526733636e+01 -4.444332068873397407e-02
5.115733645135861707e+00 5.460638547894230044e+01 -4.350582074113412134e-01
8.955105305696745788e+00 5.842235231542141527e+00 -7.383125822654728054e-01
7.993874677861989575e-01 9.755948150723386902e+01 -3.722657316554032203e-01
1.094874544402844707e+00 2.489240686562328975e+01 -5.861368931218132738e-01
7.752652420763321395e+00 9.893383090967208204e+01 -9.227923459441055298e-01
4.900984746986422280e+00 6.479973144068095792e+01 5.418417182842403257e-01
3.404721497413334852e+00 7.269460260613840319e+01 -3.298427276717122436e-01
4.582474368272809961e+00 5.873274450984896333e+01 1.441262802701773205e-01
7.444816431630256304e+00 4.684265921995175574e+01 -2.292827760355753142e-01
7.561253660748954886e+00 5.848715455527241858e+01 3.079482658722310640e-01
6.307241741929153989e+00 8.808161276879752677e+01 -9.645257902900085112e-01
5.273992649102549279e+00 7.048719742282351319e+01 8.873953459238423935e-01
2.972002758936219013e+00 8.727681248563727934e+01 7.439028537585656853e-01
3.665679833430576906e+00 6.935625635433953562e+01 -9.988092639503594050e-01
8.046278657728995753e+00 4.791741477444166009e+01 -3.907947657710219569e-01
7.411873672328218809e+00 6.324290678438956093e+00 -9.169618592014162628e-01
3.579019600098780174e+00 4.665331462986526390e+01 -8.277585786939040124e-01
7.638061142037646967e+00 5.900181321452953398e+01 -7.770379677834765575e-01
1.827653729882555256e+00 2.817435380680456092e+01 8.795211021803163165e-01
5.265829849528822493e+00 6.093181172022450198e+01 7.316667026610091940e-01
2.467806216655688889e+00 2.480712849115928975e+01 3.877277070483140659e-02
3.734781456598288418e+00 6.265583012595135415e+01 1.161091397587212387e-01
5.491775544248999052e-01 7.189936948901187463e+01 1.565735035491743199e-01
3.117293549355242277e+00 2.139107929841486566e+01 -4.683488739073406459e-01
2.422984653432869173e+00 3.948787917542285086e+00 -9.987376688800435609e-01
8.418701272638934086e+00 7.218419461186539365e+01 2.698046116646884429e-01
1.419555635248582748e-01 2.237716755400511204e+01 -9.992649671654145749e-01
