2.234844670600278249e+00 9.820956170088403780e+01 nan
2.666650512034027809e+00 5.174072362919027768e+01 nan
5.324329762121799092e+00 1.311797327611587960e+01 nan
1.611752108222826108e+00 6.785765292837589868e+01 nan
4.555057670696953664e+00 6.023257811838763587e+01 nan
3.158941936427476449e+00 2.952910456839905606e+01 nan
6.308857184392160811e+00 7.220006156381731444e+01 nan
9.788843889237393014e+00 5.658134005285682555e+00 nan
7.420365870277965126e-01 4.382607010049702545e+00 nan
3.732184831166144967e+00 3.179878099040614003e+01 nan
2.187923080941096110e+00 2.562298657825895631e+01 nan
7.552084274366334782e+00 5.889538181479054657e+01 nan
6.924728567584907069e+00 5.532424463016970151e+01 nan
5.812118411572309462e+00 9.889052403552874182e+01 nan
1.018600016818587806e+00 7.347912632078150352e+01 nan
9.523108699129492649e+00 3.481102491480500305e+01 nan
7.663882736948229635e+00 5.875255676894657597e+01 nan
1.977751667583795170e+00 4.557882279674026194e+01 nan
8.510398124122760422e+00 4.827746627349832664e+01 nan
5.312770827933803730e+00 2.073598430460519282e+01 nan
1.318298489270430363e+00 2.630212120376464924e+01 nan
4.615378929835291189e+00 3.637340942320673065e+01 nan
4.065790044223400734e+00 8.070056245633548286e+00 nan
8.359073397799637206e+00 9.831361321504323314e+01 nan
4.818243107180509632e+00 3.594336246644164845e+01 nan
3.135389487409018905e+00 1.102633896375842859e+00 nan
3.809125996778292667e+00 6.198784193842166168e+00 nan
7.838635924004491162e-01 3.882793300955509785e+00 nan
1.885596808692965309e+00 8.444648279537449298e+01 nan
6.756764697064908676e-01 1.737413840654632935e+01 nan
7.436719698401457634e+00 7.210508997648483387e+01 nan
1.279260354264595279e+00 5.137425524232516949e+01 nan
8.451449544102025868e+00 7.985358536856507783e+01 nan
7.942025933604776711e+00 9.116019639154063725e+01 nan
6.571021817808074594e+00 4.250911190097667713e+01 nan
6.949067513444536104e+00 8.571966633624386134e+01 nan
1.041000296919788903e+00 6.762885991918550133e+01 nan
5.260200823508530910e+00 8.419561199491046466e+01 nan
1.997340782506890289e+00 9.710259502882299998e+00 nan
4.143383203847850638e+00 1.180584436785321678e+01 nan
4.228175258044351459e+00 7.837159605272258034e+01 nan
4.348638117126476743e+00 4.264360441503842480e+01 nan
7.497059272064084290e+00 5.317553894650254875e+01 nan
3.948320472463226594e+00 4.747381942642677899e+01 nan
7.573803855314937827e+00 6.798139518924602953e+01 nan
1.177383988032850493e+00 9.177011856159418812e+01 nan
3.961820084569916300e+00 1.518710232204886523e+01 nan
6.504016988597522975e+00 1.026132328674395566e+01 nan
4.497281688999132498e+00 9.509154639353275229e+01 nan
6.511401305220973157e+00 4.724113134606457010e+01 nan
4.728164519432370483e+00 4.986537078823729985e+01 nan
1.543708792390411810e+00 7.093515115544235528e+01 nan
2.099608971437123550e+00 4.647928685934770954e+01 nan
3.307826583892997885e+00 3.871020383543621080e+01 nan
8.034485523952559660e+00 8.275278877287181700e+00 nan
7.460852231997598949e+00 5.398882701427000086e+01 nan
4.306266208918297700e+00 3.602216863289567073e+01 nan
4.893985628159026824e+00 9.159798432890580600e+00 nan
3.911731042494665189e+00 8.020299334485423515e+01 nan
6.028239824666086655e+00 9.369637703751988056e+01 nan
8.469978701395234566e+00 9.410102275776540637e+01 nan
6.776218932596639100e+00 4.305079467818834615e+01 nan
1.094796568502603429e-01 4.784640685860998843e+01 nan
5.894130705722008479e+00 5.896008812319200132e+01 nan
3.938654715698786557e+00 6.816673127784358144e+01 nan
7.559747122633152516e-01 1.074376803784770473e+01 nan
3.620597488637519401e+00 7.198723520778128204e+01 nan
4.472495757891726598e+00 1.957554350090014950e+01 nan
2.351083397845396217e+00 1.964453172187682739e+01 nan
6.062888585472267167e+00 4.985366185029890573e+01 nan
9.875985505418023891e+00 1.215313366609697887e+01 nan
5.468067609666150020e+00 9.739792378388268901e+01 nan
1.037670365853630816e+00 8.345585043828454275e+01 nan
5.381144517152390172e+00 7.612101496054744132e+01 nan
7.671255993844390275e+00 6.710906065073177729e+01 nan
2.382784861021701950e+00 9.969933727955064739e+01 nan
3.995852878697292443e+00 8.100554874324544130e+01 nan
3.738026753264478419e+00 6.011771017724323229e+01 nan
1.550756770994790923e+00 5.752532694809364244e+01 nan
2.025292560731726255e+00 3.027263272926926874e+01 nan
1.792718311756415606e+00 6.023105050338781297e+01 nan
8.386548137975569972e+00 9.564614016953856890e+01 nan
6.740371779508675942e+00 4.242845917792799781e+01 nan
1.840403588094911669e+00 9.394884410429669686e+01 nan
7.182540329555615166e+00 5.997188913435447688e+01 nan
1.694326271085542013e+00 1.223080179276362855e+01 nan
4.820152488248181655e+00 4.674853251773460272e+01 nan
9.519022477017540229e-01 3.856866682657899759e+01 nan
9.167585717725968308e+00 5.767186452707265687e+01 nan
7.287097116462673441e+00 2.087404289922401190e+01 nan
1.226422021370782600e+00 7.135484959981236841e+01 nan
9.899465950616608723e+00 2.591637031508319211e+01 nan
9.932218343289163087e+00 3.917501196790356488e+01 nan
1.450667652838631083e+00 8.509806788324290494e+01 nan
4.195438512513036677e+00 5.424052247678857697e+01 nan
5.938421834467394689e+00 1.352093439269274722e+00 nan
4.469755503196763513e+00 3.313596784234461268e+01 nan
4.045429203235615390e+00 8.331143842030080293e+01 nan
1.457836916386770598e+00 8.109464915504643656e+00 nan
9.612615512196422074e+00 4.501649142397995718e+01 nan
6.851176491697239967e+00 9.091984459512289618e+01 nan
9.143010060741170619e+00 5.071306272349887934e+01 nan
1.337008112831572282e+00 4.638160405608751802e+01 nan
4.793090768342752384e+00 3.265268326979569924e+00 nan
9.046958891895798160e+00 9.922843603448413319e+01 nan
1.153205260372208940e+00 6.827801765551180324e+01 nan
3.281423670782567026e+00 8.105132170156659299e+01 nan
1.283722406168594510e-01 1.417943752188035766e+01 nan
6.839701386178767883e+00 9.919083161281072591e+01 nan
1.201665151906735396e+00 2.811735825011858481e+01 nan
8.623688324161461471e-01 8.065377917842883448e+01 nan
7.895245859250556109e+00 9.881385904451474289e+01 nan
6.202475697985896375e+00 9.871812422662230802e+01 nan
8.815322987772077568e+00 6.417106817266508756e+01 nan
2.323180149265736461e+00 4.008973898222542687e+01 nan
4.436892126610344711e+00 5.527492356437728915e+01 nan
8.657118439436597868e+00 1.112294966585351208e+00 nan
6.161939243141916656e+00 7.629540393048378633e+01 nan
2.768433901008334974e+00 8.411650637116984797e+00 nan
3.053762660801022211e+00 6.168426565326983280e+01 nan
9.405438059087137814e-01 8.714236033565907746e+01 nan
2.611049836954911552e+00 9.898098118537485846e+01 nan
4.453668771488864309e+00 9.434912617025764447e+00 nan
2.460618425521284625e+00 6.537421396835145515e+01 nan
1.936744853078425921e-01 7.698869795516145587e+01 nan
4.139030278388060147e+00 5.663230199512006635e+01 nan
9.788823574142991646e+00 8.532152666131933927e+01 nan
5.284701101320746552e+00 7.603796184945382208e+01 nan
8.037603239882530559e+00 2.415864695897576908e+00 nan
4.723490546158342518e+00 4.874160481841525439e+01 nan
9.553668386627125031e+00 4.728612343270497576e+01 nan
4.543034538085861662e-01 5.139803971167786756e+01 nan
4.647158456821764538e+00 7.536158928217730590e+01 nan
4.832114585222416991e+00 1.250146107965010067e+01 nan
5.002368416955270014e+00 8.909204134283480414e+01 nan
7.235061834754463739e+00 1.512175140502528770e+00 nan
3.544276245973288386e+00 2.753406181828372823e+01 nan
8.523144528299701150e+00 6.059901743134475538e+01 nan
8.367845857205567839e+00 1.523658832960876985e+01 nan
1.226486784847951927e+00 6.510042889063203120e+01 nan
1.377890037157620595e+00 3.755147158970592614e+01 nan
7.344465123749959190e+00 9.015946102308640775e+01 nan
2.588220425541261083e-01 5.421500052296573813e+01 nan
7.262314238374934838e+00 8.100747289657743977e+01 nan
4.102648838449463042e+00 2.827325624523186676e+01 nan
1.481811220926976258e+00 2.421552481413909064e+01 nan
2.420920512429702409e+00 2.032600118575310688e+01 nan
6.535279272908364412e+00 6.903992393410464956e+01 nan
4.673365681080055012e+00 8.976214506230324730e+01 nan
3.976615916289421016e+00 9.897416836400635987e+01 nan
5.329639163345190056e+00 9.835292465257676042e+01 nan
3.807990082385320552e+00 3.568918736807403747e+01 nan
2.381148863546592942e+00 7.481493433241573143e+01 nan
3.226594668970816926e-01 1.291403478805212757e+01 nan
4.581823090287151068e+00 4.899501185072023901e+01 nan
2.188388209630085068e+00 5.632719206614998342e+01 nan
2.495553744426078691e+00 5.899336424451256278e+01 nan
7.770071545233109944e+00 3.093391871841423324e+01 nan
1.255770032361413602e+00 9.390000907393090301e+01 nan
3.927975955929976504e+00 3.244693524092976133e+01 nan
5.600420785005738367e+00 5.796372044796695633e+01 nan
4.935504163281466461e+00 9.215692034020676715e+01 nan
3.583878754416078838e+00 3.170640485115180240e+01 nan
4.212415274524671460e+00 3.210172901157507397e+01 nan
7.887427905708956466e+00 1.481682177639890341e+01 nan
9.472742655784211152e+00 7.201981223655012343e+01 nan
5.843561291704564731e+00 9.714900664905056260e+01 nan
2.616402366592166739e+00 9.411389045708712331e+01 nan
3.370733640324708347e+00 2.206083352792321151e+01 nan
9.373525149906914322e+00 7.080695621057728317e+01 nan
8.114970367647408978e+00 4.517597527721634521e+01 nan
1.552286255581755703e-01 8.944292045552866455e+01 nan
7.002153717298932989e+00 2.761953754195475952e+01 nan
2.613527957176700500e+00 9.905267426027253919e+01 nan
9.042494206369095622e+00 5.964055118543208778e+01 nan
3.181830641690647443e+00 7.627541726858257221e+01 nan
2.906482216792606099e+00 6.924432860894918917e+01 nan
2.740800486550683868e+00 2.739159704871190826e+01 nan
4.062710630037513759e+00 1.616236175179435719e+01 nan
9.637288226075897413e+00 4.556613078560751973e+01 nan
2.235194207854245552e-01 7.345585306971089778e+01 nan
8.744435640129957221e+00 5.000283304772328741e+00 nan
9.423330904961755294e+00 6.790232235190320864e+01 nan
2.094257180486835512e+00 5.332462500164933061e+01 nan
5.640636704133163093e+00 3.528215861612962811e+01 nan
8.829780299915142905e+00 4.277082136805708501e+01 nan
9.312528361839175872e+00 6.669391472823092215e+01 nan
4.045397299342288200e-01 5.287991724572304975e+01 nan
2.623928078699302890e+00 9.532790075881028713e+01 nan
6.363210326389996396e+00 3.539995156878762828e+01 nan
7.004789030397789773e+00 2.850070496200431691e+01 nan
3.539429893087743029e+00 9.354375035753502488e+00 nan
8.917631273973224637e+00 5.926089118098519037e+01 nan
4.778494445676134461e+00 3.485034970909743901e+00 nan
7.000976511342720698e+00 4.597917070829768704e+01 nan
3.422921157404259951e+00 9.252668221646904101e+01 nan
8.283808869001380026e-01 3.885430655227408181e+01 nan
1.669225998061365068e+00 5.320090527928460489e+01 nan
7.908565226442119567e+00 7.651035237941461276e+01 nan
5.835767641701218977e+00 5.049883992721468928e+01 nan
4.449308895051619750e+00 4.756052105329877655e+00 nan
9.000940979537801923e+00 3.349157055858194809e+01 nan
1.570773547578299567e+00 5.557029988105372098e+01 nan
2.609791361010549426e+00 8.986834844420211255e+01 nan
5.947685940898929324e+00 5.257333513934516844e+01 nan
2.069716211051834787e+00 4.401434085623014880e+01 nan
7.227738093135120501e+00 2.343507150631856106e+01 nan
3.641926610637882256e+00 7.770748040257623757e+01 nan
1.105090708237415759e-01 6.659501652287934803e+01 nan
2.457681582745495419e+00 1.213608938515391067e+01 nan
6.120418778259550940e+00 1.906269730078174618e+01 nan
9.123528835342302301e+00 7.495202556465320853e+00 nan
3.692959467479056457e+00 5.351019979913226976e+00 nan
3.283412713106566461e+00 1.720290168814971654e+00 nan
3.212005400327442306e+00 7.927755212194233536e+01 nan
7.037764691651537063e+00 7.604041128961981144e+01 nan
7.310339848483597969e+00 2.119417281829651856e+01 nan
2.038827648338111587e+00 7.137625529149374870e+01 nan
1.497193081073690646e+00 8.008439519201455425e+01 nan
5.802917753319877470e+00 2.853230433827171453e+01 nan
3.813776680835151422e-01 5.866163273704746217e+01 nan
6.104579425348575228e+00 9.050062019113143208e+01 nan
2.171262364109491916e+00 2.056271858384538120e+01 nan
4.734335334123055183e+00 8.137561465866311039e+01 nan
4.808657284241840024e+00 8.416988187882978423e+01 nan
9.101572834956085600e+00 4.671268420803837529e+01 nan
3.824613077092410940e+00 4.722957628922105044e+01 nan
1.664015005293248306e+00 9.165811530598597301e+01 nan
1.013601791896593829e+00 1.356814160106834777e+01 nan
2.364760034001391453e+00 4.157433242816114927e+01 nan
7.778844488290207693e+00 1.185816623199901798e+01 nan
9.375237593595590724e+00 4.652800616359516539e+01 nan
7.655531163943873452e+00 6.763142456965907101e+00 nan
6.871085109502959476e+00 6.194340559466359863e+00 nan
8.848946679169418239e-01 8.076695616516867915e+01 nan
3.566526091485646699e+00 3.703306223294842425e+01 nan
5.776445260101012558e+00 3.700986952712931100e+01 nan
6.846426452034175547e+00 4.284906722885455821e+00 nan
5.225656722547753041e+00 6.956918426364707386e+01 nan
7.642705674553837980e+00 3.079773431732476041e+01 nan
5.069814996051650979e+00 2.397146186922212152e+01 nan
5.756394051883627405e+00 4.674984488529406690e+01 nan
3.884809091509831891e+00 1.307456222382094957e+01 nan
7.763925341560178772e+00 4.938684951058886696e+01 nan
1.172994982668270403e+00 4.782598687680763305e+01 nan
2.356195541926292325e+00 6.057822574571705587e+01 nan
2.783769835961137584e+00 1.839157171010401726e+01 nan
6.808874329441571227e+00 6.410942538775748289e+01 nan
8.795845350649566186e+00 1.687800318014229362e+01 nan
7.636365068464366246e+00 5.955158183759947832e+01 nan
2.502132896728174849e+00 3.785124218769353632e+01 nan
7.557591052997151948e+00 3.840656267430273374e+01 nan
5.379008352411322136e+00 9.572263626655814051e+01 nan
8.530027157202681565e+00 9.372816280009472223e+01 nan
4.763395891209570188e+00 8.409502962109085900e+01 nan
4.791993430589990943e+00 2.721386309626774391e+01 nan
4.260835160140060474e+00 4.538711744073035703e+01 nan
3.346401034691014242e+00 2.985258127122754956e+01 nan
7.821965909407079032e+00 9.292129160470678073e+01 nan
8.209486675102258602e+00 7.269936604802498437e+01 nan
2.153491843902536562e+00 3.909919150600593696e+01 nan
7.978072902591698323e+00 4.427078150985328620e+01 nan
5.900918954459334564e+00 7.053287445216214735e+01 nan
8.903576807536831339e+00 9.434294971741610425e+01 nan
6.114917966144780337e+00 5.397463305241257103e+01 nan
9.807067914773756057e-01 6.157491775877799967e+01 nan
8.291609250577456791e+00 5.566767503915487936e+01 nan
6.234814210707770421e+00 1.509473894073519418e+01 nan
6.704435029953185854e+00 7.135496429122699169e+01 nan
5.488294984740276661e+00 8.899382902983467147e+01 nan
2.465850808287436635e+00 2.713180259885006507e+01 nan
6.598695814200998377e+00 4.584799912514503362e+00 nan
4.145225970912650437e-01 6.610059807664904952e+01 nan
1.793276065942938757e+00 3.715573663958208073e+01 nan
4.392718328003623718e+00 4.331798560343271021e+01 nan
6.740846381896385964e+00 4.626017980831343834e+01 nan
7.354967776026713366e+00 1.574930174233928426e+01 nan
7.906821742308685508e+00 9.387627332594115614e+01 nan
8.904218452659021565e+00 7.783448864449327687e+01 nan
2.092068101855022899e+00 9.737635296354972070e+01 nan
3.460325688303516944e+00 5.257984687083103736e+00 nan
8.097897381089918412e+00 5.645875434286035954e+01 nan
7.584838171967692722e-01 6.128960412430953397e+01 nan
9.461354205908808268e+00 3.271868668953428738e+01 nan
5.063831521271666691e-01 7.301140895916108775e+01 nan
7.697253111212326360e+00 4.011657940061829919e+01 nan
6.287327218707008392e+00 6.559789199003405713e+01 nan
4.014401650513530484e+00 8.047793181650810368e+01 nan
6.424686808807833494e+00 3.507533324455732071e+01 nan
3.244681877180421559e+00 2.356398611331362858e+00 nan
8.937957359115225486e+00 3.169693271519738786e+01 nan
9.441176590166943328e+00 8.712093269153882602e+01 nan
7.303108499518789820e+00 8.754932501041245985e+01 nan
8.551457444258092622e+00 7.955675117983021494e+01 nan
3.381242922832746745e-01 5.568260744289488429e+01 nan
3.583418891378828075e+00 4.912532090819561148e+01 nan
8.591036546206876068e+00 6.658297856639237011e+01 nan
2.452724692719427058e+00 9.224568441499862104e+01 nan
9.125489580895100872e+00 1.011836003554170738e+01 nan
1.150099734179776290e+00 9.727493388700824539e+01 nan
2.221887431311751815e+00 4.925235338379660277e+01 nan
9.344110630306122545e+00 9.300233893814966279e+01 nan
8.658402085681554894e+00 5.142672798879459606e+01 nan
3.993881307573299733e+00 4.950328276669754501e+01 nan
8.450194195174044465e-01 2.538963039937394583e+01 nan
3.446312026108127924e+00 5.120268291120137150e+00 nan
6.519642011406165061e+00 6.545564686057436177e+01 nan
6.904726605576162690e+00 7.179736556652744639e+01 nan
1.226611049577403190e+00 3.145811413001659318e+01 nan
2.618581196315017401e+00 5.913944040526640578e+01 nan
3.598845481315620987e+00 2.086353870526787091e+01 nan
6.215143371612065870e+00 1.689593235717422459e+01 nan
8.516704021759167631e+00 6.421559555149401888e+01 nan
2.490683840602399890e+00 6.795156630674951259e+01 nan
1.448265294737576536e-01 7.305748192005803787e+01 nan
3.643299865689347605e+00 6.450820943246843342e+01 nan
8.707373985931152305e+00 3.088664930351646376e+01 nan
6.659920624160974079e+00 4.003096783881228049e+01 nan
7.332815384160451089e+00 1.984564341715276470e+01 nan
4.293208015918807519e+00 8.477725382359601269e+01 nan
5.772858012337813705e+00 2.538087517492351353e+01 nan
4.309480692625962561e+00 8.121005260168440998e+01 nan
5.262816777899620435e-01 6.147933073611243060e+01 nan
5.693315833512738067e+00 6.018722403988060421e+01 nan
1.271732978031628658e+00 4.954277048566528663e+01 nan
1.457958558270421312e+00 6.084005849613217976e+01 nan
9.224070185689544843e+00 7.230616287915211160e+01 nan
3.345348328024054130e+00 8.544980670283409552e+01 nan
3.768814794130330270e+00 2.163029751101516851e+01 nan
7.354360595348315321e+00 3.114642399721264709e+01 nan
3.766417381426225841e+00 5.559508068108541323e+01 nan
2.627311013957369656e+00 3.945141308602914165e+01 nan
6.877219519420948224e+00 6.884986782398340210e+01 nan
3.765260459661129433e-01 5.305712680373403600e+00 nan
8.580774915189881114e+00 9.453252034074876065e+01 nan
1.857021467794072844e+00 8.881235036029423213e+01 nan
3.410524997663898272e+00 4.383908989515142629e+00 nan
6.025261835443632918e+00 8.679105320733286533e+01 nan
4.866783401782845075e+00 5.265339982577758349e+01 nan
2.169171066517795232e+00 1.051748648886854731e+01 nan
3.260124248352375353e+00 8.750226271975972736e+01 nan
7.543471173745211367e+00 2.864997696355127133e+01 nan
1.159255524719982944e+00 3.541727511134556750e+01 nan
5.889254467295165441e+00 5.696915470393883396e+01 nan
1.779518334500543419e+00 6.766919990844300514e+01 nan
2.878337478106945957e-01 6.721703575884504289e+01 nan
7.550826249600130602e+00 3.495807865355122601e+01 nan
2.619786461867958494e+00 7.270468186203947880e+01 nan
1.238620437280587572e+00 3.229552701180305352e+00 nan
4.483741672875290796e+00 2.919088492762489828e+00 nan
2.077229193765456117e+00 9.879371994666533396e+01 nan
6.302383371880323715e+00 8.283193141907617019e+01 nan
9.393615627231541865e+00 3.993118306395859207e+01 nan
5.550666902982213102e+00 7.642284785131278291e+00 nan
1.397804640440557522e+00 5.854573236984222717e+01 nan
4.940503514516473293e-01 3.930533279424771109e+01 nan
3.453281864385826072e+00 6.558836533522477907e+01 nan
6.650769209840883711e+00 9.438297590071467624e+00 nan
7.904796482707495464e+00 5.645847719829355071e+00 nan
8.532810961712241848e+00 5.016050353557915287e+01 nan
6.641212581318308494e+00 7.647578129071897024e+01 nan
8.581197294269752973e+00 7.928841421689222102e+01 nan
4.333284167927256014e+00 5.138544381133737460e+00 nan
6.438049097204326721e+00 8.187289933725857338e+01 nan
2.528337293980792211e+00 4.340427785917768944e+01 nan
3.747653190612250551e+00 8.253191670081942277e+01 nan
5.157492324880740497e+00 5.373043699913083060e+01 nan
7.366619343015504029e+00 8.059656991210349020e+01 nan
5.024382451611616673e+00 5.914259648265645808e+01 nan
9.075927858924494274e+00 7.951317455858891492e+01 nan
8.412779694631517202e+00 6.277856176924176168e+01 nan
9.090378954620843999e+00 9.483403095580868580e+01 nan
5.727674730596069352e+00 6.911206994999876230e+00 nan
4.732940137425328153e+00 5.066024250834567511e+01 nan
4.844426134351448532e+00 8.094858874035313079e+01 nan
8.163323446365609470e+00 8.400078137630225683e+01 nan
5.138362640320514707e+00 3.787321614186831198e+01 nan
7.683526541929474263e+00 9.861397468440812020e+01 nan
1.811597516728643553e-01 8.381854004486677923e+01 nan
2.624833670135942043e-01 7.403533846977745725e+01 nan
5.221803579999376943e+00 2.721759825936787891e+01 nan
6.924178370019904882e+00 2.495263307287718035e+01 nan
4.463997013295731620e+00 8.416882939118629281e+00 nan
5.547714374264143267e+00 2.386009805913142756e+01 nan
6.203974265770007435e+00 7.207391094051752134e+01 nan
7.469206858980980357e+00 9.755338391855741520e+01 nan
2.345902456039518302e+00 5.165991124128751721e+00 nan
7.799196880073782978e+00 9.032185318416431130e+01 nan
8.923173492162142395e+00 9.475648289681919323e+01 nan
9.544989546212556686e-01 8.756556345739863900e+01 nan
6.694095539945170259e+00 8.417257295303488718e+01 nan
8.659062180138514364e+00 9.909065627139445098e+01 nan
3.053061615870722001e+00 4.092863000941490981e+01 nan
4.751272878272440714e+00 3.911705409423070989e+01 nan
1.983985689250110207e+00 3.326982717487170760e+01 nan
6.456267529371400471e+00 9.323183155392227661e+01 nan
1.313967891735961402e+00 3.855078653739116845e+01 nan
8.836873831395388734e+00 4.399691663418178678e+01 nan
1.254803851105723012e-01 3.715241272722240495e+01 nan
5.149738872781339794e+00 6.539445732958523649e+01 nan
9.430264056626176838e+00 4.382029396766770191e+01 nan
3.047086504654036077e+00 7.494201699429326879e+01 nan
3.383313951682759058e+00 4.723726341981560495e+00 nan
4.873371989293277196e+00 9.343471343362789128e+01 nan
1.142467038824426684e+00 1.238955152390660785e+01 nan
3.862294501985926054e+00 7.393103346188631519e+01 nan
8.851966033591418537e+00 2.033952345614559576e+01 nan
5.819867493635512368e+00 5.581102286595162099e+01 nan
2.661575988557068673e+00 2.465498169041614673e+01 nan
1.753853121628678569e+00 8.573108420776463845e+00 nan
5.588306660813734617e+00 5.686965381874733794e+01 nan
2.473465464121756607e+00 9.522391260715541250e+01 nan
9.934879681266099993e+00 2.728091593710268370e+01 nan
9.035694037129289313e+00 1.507948685635550490e+01 nan
2.716409569876928387e+00 8.593726528251235663e+01 nan
8.144157267108896647e+00 6.660106814039893663e+01 nan
4.398962373723196428e+00 4.024408933795250931e+01 nan
8.072995671350954083e+00 4.838174086175635935e+00 nan
1.592306804172727075e+00 5.257672445690649710e+01 nan
6.187858733919779475e+00 2.361204342500685982e+01 nan
8.672310772222676434e+00 4.252002305284313621e+01 nan
1.750861991984640431e+00 7.453853339455022819e+00 nan
2.692188506836853401e-01 9.664339165012965793e+01 nan
2.659037055125095250e+00 7.054267074374295987e+01 nan
3.960671297122487777e-01 7.615863587946526536e+01 nan
4.558661846944281670e+00 1.972644393544130281e+01 nan
9.396873846991590895e+00 9.411573775344290027e+01 nan
1.589891412723277997e-01 4.502574789091146101e+01 nan
6.719097599573659707e+00 9.873581202032079318e+01 nan
4.020886108913980017e+00 8.141230760788772614e+01 nan
1.962374875454199641e+00 1.210643295532084629e+01 nan
3.730981283105808011e+00 3.963599467427339818e+01 nan
8.840998797925117003e+00 5.564565107447338477e+01 nan
2.979774685871081630e+00 9.880791600095426475e+01 nan
1.008850070378305652e+00 5.812840583343123768e+01 nan
1.513908514482924295e+00 7.019904673761504910e+01 nan
4.060040295874179250e+00 2.911389703848899391e+00 nan
1.538954584515780821e+00 4.883351577263965737e+01 nan
3.049600939528748889e+00 4.968360349788629549e+01 nan
7.211572634951335381e+00 7.562199793811926440e+01 nan
5.074639687450039460e+00 2.253295232835789363e+01 nan
3.391199317014155223e-01 3.345995333995672638e+01 nan
5.752099580028666281e+00 7.738266495072402051e+01 nan
8.770951522453888316e+00 7.013652726282494143e+01 nan
1.539110124237325961e+00 6.707023944845639107e+01 nan
1.485257452447279469e+00 4.576456559289311343e+01 nan
5.431822033543924455e+00 6.954307435900207679e+01 nan
1.985747458161944312e+00 4.113368547484785864e+01 nan
5.003570313453095331e+00 5.366818218024120313e+01 nan
3.671324552018225607e+00 3.533200818214527317e+01 nan
7.376405292476239772e+00 2.637104025561310650e+01 nan
3.428213502832590520e-01 8.137567437427345851e+01 nan
4.501510877910239294e+00 9.025000672360557985e+01 nan
8.885868717123731386e+00 3.924048870722269555e+01 nan
8.110845335111148691e-01 3.276082488564112793e+01 nan
4.154485118367615470e+00 1.102898187247559925e+01 nan
7.934290598778233949e+00 4.254592695108183165e+01 nan
9.888457070107754987e+00 7.947288523805046623e+01 nan
7.820093247272861703e+00 1.541643508565554654e+01 nan
7.745181679836195876e+00 9.367474805519624681e+01 nan
9.009586930865555843e+00 2.779267556578035325e+01 nan
9.194058998065031574e+00 7.579224670756389060e+01 nan
9.789488657384515236e+00 1.767311991474170441e+01 nan
2.047250851147866424e+00 5.958260749639606502e+01 nan
6.158262981683489734e+00 4.302606953746893481e+01 nan
5.653666468770201625e+00 9.029763810341037811e+01 nan
7.570796403987904100e+00 3.569147439181615056e+01 nan
9.154523752663637381e+00 7.171771889218113927e+01 nan
5.974218880715389979e+00 1.318525035623172803e+00 nan
7.972777691373686970e+00 8.912386866944856934e+00 nan
8.653553087682821499e+00 4.768340187020091037e+01 nan
5.051029531515642823e+00 5.922770793426587943e+01 nan
7.801586549861085018e+00 6.217631310203075401e+01 nan
9.569109479150846198e+00 4.835820613743230467e+01 nan
7.884426709969292624e+00 9.372922800968252943e+01 nan
8.410053421323913980e+00 2.059141461215823199e+01 nan
2.563608392193616137e+00 5.640530551285831962e+01 nan
4.619663080413611844e+00 4.598309933709573727e+01 nan
1.895921015929462383e+00 9.297780676405341183e+01 nan
3.552788153686311734e+00 3.821756452884556410e+01 nan
1.785262817872997676e+00 4.314117107469613899e+01 nan
9.301583659628571255e+00 3.712022017384978056e+00 nan
5.898991510402129990e+00 5.323499758427699291e+00 nan
4.113972081194135377e+00 7.380596341409862760e+01 nan
4.853695951332516856e+00 4.623566252236594565e+00 nan
1.012566803276936156e+00 5.439445374978991055e+00 nan
3.598087809121221614e+00 9.941958131644398122e+01 nan
7.416271610525759783e+00 4.744680076874261943e+01 nan
8.554468464256052229e+00 2.131093174561360115e+01 nan
2.438151075097565901e+00 2.915418249761439995e+01 nan
6.315756987677042744e+00 7.729475326383510492e+01 nan
8.616849321843698561e+00 8.280084054294346174e+01 nan
3.934079394615571434e+00 5.479150919608763814e+01 nan
1.186358766776444695e-01 6.537557653283502646e+01 nan
2.828815700270867151e+00 6.682656945480553645e+01 nan
6.053618227333969593e+00 7.742636898758402708e+01 nan
1.837680070320214076e+00 6.546826799321425483e+01 nan
1.774903092030543528e+00 1.430991959044093420e+01 nan
3.673956285672544730e+00 6.083681067772693751e+01 nan
8.485111193855416900e+00 3.629734170549893690e+01 nan
3.849558905830145150e+00 1.812675255007194508e+01 nan
8.685834498452109642e+00 8.510992634920222599e+01 nan
7.287886112782255843e+00 1.116379739833699247e+01 nan
3.032997490856219613e+00 8.375079264395371581e+01 nan
6.885600513391788802e+00 1.730570638639786996e+00 nan
6.955801548875562901e+00 1.626217313178366908e+01 nan
8.250797525602164839e+00 6.720400120794566590e+01 nan
1.164509830085009634e+00 6.508216122471147003e+01 nan
9.011766766494025305e+00 8.483983236391591731e+01 nan
3.167812213120652753e+00 6.219977662124269813e+01 nan
4.033972826508438914e+00 2.258229575805286160e+01 nan
7.702399105284964520e+00 9.374944830043897070e+01 nan
3.930810119515629530e+00 1.266029205106028144e+01 nan
7.513487400983143161e+00 3.025469280424819729e+01 nan
5.508046751625736093e+00 6.823172123607915296e+01 nan
7.137430539119179684e+00 2.534652579093261338e+01 nan
6.406147757641559082e+00 6.145648908778081676e+01 nan
8.520185800466036241e+00 6.887346902806429227e+01 nan
5.856651985073256128e+00 1.946052085991077973e+01 nan
2.385014968341927943e+00 2.669964539910703039e+01 nan
2.517864935785850466e+00 6.290301073942595167e+01 nan
9.190351278563266391e+00 9.704941637085718753e+01 nan
9.419517118497921615e+00 9.596538436685897011e+01 nan
8.415119043882908656e+00 5.556319957576310742e+01 nan
7.220489482523086089e+00 2.083290477844850130e+01 nan
4.859212770510359380e-01 3.372462524854435539e+00 nan
8.195117780913194760e-01 9.398350407703733822e+01 nan
3.775046294542359071e+00 8.208197967641528692e+01 nan
8.461680591299575838e+00 9.361671058704668269e+01 nan
8.159122636079789714e+00 8.259913292394531936e+01 nan
6.729229891623387694e+00 7.798281593405695844e+01 nan
3.556999343217638110e+00 5.398664995718733906e+01 nan
8.388056168469134377e+00 5.902607469025142706e+01 nan
5.282779941805788582e+00 8.266090650692596853e+00 nan
3.644535301004617533e+00 2.025685834224040960e+01 nan
7.766706662187575105e+00 7.439143484372597470e+01 nan
5.411706906517235183e+00 6.633061241699213184e+00 nan
6.509169186711081245e+00 1.583599747275832570e+01 nan
5.989314891588345624e+00 9.955414437115931037e+01 nan
7.584435766909341403e+00 7.580282299726546569e+01 nan
2.636916621235634750e+00 6.942872236789136231e+00 nan
7.445980818500615328e+00 2.296746492021007313e+01 nan
4.551360334310313505e+00 7.207367409496103505e+01 nan
4.745284200428406152e+00 4.652545141118595851e+00 nan
3.045821328272138029e+00 1.793287392921373069e+01 nan
1.950841492736932858e+00 2.084619755752600945e+00 nan
1.633086193186580770e+00 9.560926489465067846e+01 nan
8.114288321010306504e+00 4.452293273068682566e+01 nan
6.037069022758261738e+00 4.352792149743221017e+01 nan
8.354270605281124418e+00 1.379316948875480975e+01 nan
9.223909235353499048e-01 5.771401458171904153e+01 nan
1.251239159951054392e+00 9.661196324516282630e+00 nan
3.136377763427609988e+00 3.149191171686065971e+01 nan
3.857675932292599530e+00 7.777991377905834725e+01 nan
1.483331460822929548e+00 5.771958262308793763e+01 nan
4.693931820944189148e+00 2.875976031049720660e+01 nan
3.290283187693393563e-01 8.976592776515829541e+01 nan
4.983473352018258140e+00 1.143330113570771633e+00 nan
1.039008006911251503e+00 9.038680200696880718e+01 nan
1.571804683039796702e+00 4.046446375019534258e+01 nan
8.483671541354311785e+00 7.180392253912992828e+01 nan
4.324416174194499085e+00 7.216435913420670545e+01 nan
9.960955940063723757e-01 2.657448212028516821e+01 nan
3.971550094274388432e+00 7.915367819162358387e+01 nan
9.331321945937784079e+00 7.044714630997420102e+01 nan
8.599306678548490623e-01 8.570137083574775261e+01 nan
9.057822371818311069e+00 8.890437573864299736e+01 nan
5.882725441811267331e+00 7.412958212649954248e+00 nan
1.901149899958119116e+00 8.971227740730547850e+01 nan
5.158314717378273073e+00 8.717990048050687335e+01 nan
2.489715699963005235e+00 9.010834039027260545e+00 nan
2.039045406454985887e+00 6.871898598756953191e+00 nan
5.531445481592649926e+00 5.397498410654538503e+01 nan
9.413805440676222602e+00 3.968603302089594820e+01 nan
9.434944509819114700e+00 2.241465890175465248e+01 nan
5.721712010166551288e+00 7.165797123564708215e+01 nan
7.781787037856432221e+00 1.407114049740456174e+01 nan
7.201441112242108034e+00 7.195015140911149842e+01 nan
7.445079804162670456e+00 3.726393221908382003e+01 nan
5.540379334119362120e+00 9.306927220075401408e+01 nan
7.975760750368213081e+00 1.068075867024484893e+01 nan
4.724872249339916230e+00 4.822698662547919213e+01 nan
6.765781073855750449e+00 4.471654606275242827e+01 nan
8.489087879533519398e+00 2.867065668339798279e+01 nan
8.320077372150368689e+00 4.930012399669220713e+01 nan
3.747910138267027680e+00 9.779179507414836792e+01 nan
4.010958251945375252e+00 6.383807681639287246e+00 nan
3.841206865676479509e+00 3.739035846286022480e+00 nan
6.217779169454400900e+00 5.127474328125392589e+01 nan
1.331128905547185548e+00 5.767704528283956478e+01 nan
6.346923935731336286e+00 5.098023164009183716e+01 nan
9.765368550369149858e+00 2.410319586891269239e+01 nan
6.773316617411345497e+00 9.671714871056467189e+01 nan
1.601556414993830835e+00 3.284697694551149283e+01 nan
3.190971305042753503e+00 1.987008461278148985e+01 nan
3.491212865537691723e-01 7.576143756519029715e+00 nan
9.945671161326913534e+00 6.234942938872634954e+01 nan
8.487856196911302220e+00 3.185472493678877726e+01 nan
8.677795909703624133e+00 1.284217122813787881e+01 nan
7.673240423372928554e+00 7.499826842126947213e+01 nan
4.855782108950098319e+00 6.082511720188479742e+00 nan
7.359794771266721547e+00 4.856794712836470040e+01 nan
8.615377858595939742e+00 6.871388121062564380e+01 nan
3.296780338753491524e+00 3.590793979807288139e+01 nan
8.849562681424165689e+00 8.136431320405495882e+00 nan
3.640548134351786924e+00 9.321253929276895178e+01 nan
4.115249469200301213e+00 1.513380766260311461e+01 nan
4.543973768379958589e-01 8.726098392318345986e+01 nan
6.590161661100389923e-01 7.532685174262763894e+01 nan
2.489452273384964442e+00 8.736452594783420977e+01 nan
8.117252652341093722e+00 6.487904209276501888e+01 nan
6.717574640385230111e+00 5.385230420678574603e+00 nan
5.975484263297016874e+00 9.651908027985105321e+01 nan
7.271155159888192721e+00 2.424988934787979744e+01 nan
5.171647364527248492e+00 7.134342635893608531e+01 nan
1.183876445471483185e+00 8.372027958016172988e+01 nan
4.728614975805091269e+00 7.884960328565063037e+01 nan
8.150503368245894720e+00 4.800900689384638653e+00 nan
9.465078400803651704e+00 6.516603028768940931e+01 nan
1.305603090884253525e+00 6.952598239195745577e+01 nan
3.508606677127149798e+00 8.823311285038479923e+01 nan
5.692764462879329912e+00 7.319011583783287733e+01 nan
5.441166447853819754e+00 6.938193903216979663e+01 nan
4.643520340303770588e+00 4.682488738227431924e+01 nan
8.268630228013613248e+00 1.221091242240010821e+01 nan
9.312537522934192680e+00 1.044800531799343624e+01 nan
8.591251257352343629e+00 8.910175749469446771e+01 nan
3.045646866359426941e+00 9.042256706278308798e+00 nan
9.071727260476514232e-01 2.446811579342642773e+01 nan
5.070918515606021693e+00 3.937111734682601139e+01 nan
3.609003377066001494e+00 7.773069532560568007e+01 nan
3.251181338783545094e+00 1.953758963464827580e+00 nan
3.825274519948404173e+00 1.586730523965417383e+01 nan
7.120222165330971187e+00 2.781452842994432473e+01 nan
9.191148685376287375e+00 3.568438675544945227e+01 nan
4.710777045242101835e+00 5.161813698325408950e+01 nan
3.778766313166768587e+00 9.142419530696262342e+00 nan
6.001582154357770094e+00 1.531365686222494915e+01 nan
4.799814477391746159e+00 2.671043975173416385e+01 nan
7.030413894769186101e+00 8.156274143412343847e+01 nan
2.422406740903454203e+00 5.527826580664096667e+01 nan
2.085960804333208962e+00 6.076094910937540305e+01 nan
3.396593733581313224e+00 7.572535313001399970e+01 nan
4.134332579096485993e+00 8.577419871763046899e+01 nan
1.578154670295518702e+00 1.087456541098354457e+01 nan
2.875802906067707720e+00 9.098361298289486143e+00 nan
6.301024299653469996e+00 8.792087760469583202e+01 nan
4.589859981074289053e+00 1.369897722100942161e+01 nan
3.545563706941510240e-01 4.706997264601685060e+01 nan
8.496850582659467577e-01 9.688286417156079722e+01 nan
2.666209270738531867e+00 6.439091436083192832e+01 nan
8.159632887940750479e+00 4.700922352307316743e+01 nan
1.559184013792775492e+00 4.935115804177161891e+01 nan
7.107977800425712367e+00 6.711411929431899459e+00 nan
5.911317564676775049e+00 5.242954032090237604e+01 nan
5.133112099364260494e+00 8.351205528250605425e+01 nan
9.987919097865370688e+00 2.585619716757804198e+01 nan
9.404717053506777447e+00 8.149474754833391899e+00 nan
5.103457494167522590e+00 1.111789661166036858e+01 nan
7.118179357496153159e+00 4.030281945619677231e+01 nan
6.509206836076509184e+00 3.113992764552495629e+01 nan
8.406426537354455775e+00 6.548014279779417279e+01 nan
1.259214532683683219e+00 8.772511257171670707e+01 nan
6.383044099818516948e+00 4.712024130681935219e+01 nan
1.032890711201848832e+00 4.782323958005923004e+01 nan
9.186583540676576121e-01 7.308743273468235202e+01 nan
2.325057128139365492e+00 9.662334234040615399e+01 nan
1.996288727124813311e+00 5.630246327458178257e+01 nan
3.590506157749055127e+00 6.327679152013912045e+01 nan
5.048615159578636380e+00 7.483395468808588191e+01 nan
3.220528300966028823e+00 8.686811989451348381e+01 nan
8.803292060612632142e+00 4.893309253176118290e+01 nan
6.847402668195065045e-01 5.272934989001577577e+01 nan
6.820923033911094002e+00 7.853549734028408125e+01 nan
6.048315860819554857e+00 7.283045664619511683e+01 nan
7.818294438605270180e+00 3.587781770876651422e+01 nan
5.805949603203226062e+00 7.512596972565167164e+01 nan
5.045046397369511659e+00 5.597238957958459338e+01 nan
4.913765161017160210e+00 6.209993484241441486e+00 nan
3.170569450869059835e+00 7.521730478191639691e+01 nan
3.544196442852825868e+00 8.357894552802177657e+01 nan
8.204678230426770469e+00 6.901767357842713579e+01 nan
8.428905262227138095e+00 5.202429707315225471e+01 nan
6.428652133355407194e+00 8.034446051558732904e+01 nan
8.058354613750161377e+00 9.667463450372375178e+01 nan
8.733534785374297726e+00 8.146502424183530877e+01 nan
9.433758462451280025e+00 4.121882118883879542e+01 nan
9.837129500840230634e+00 9.677075629438694193e+01 nan
2.555949976809122060e+00 9.970697319493882560e+01 nan
1.402124691792969724e+00 2.959719910114285923e+01 nan
8.253142813889772000e+00 2.163539550988976856e+01 nan
4.133739017427735085e+00 7.173551504386124122e+01 nan
8.659691458040818191e+00 7.325667712585878633e+01 nan
8.210491005846659363e+00 4.890749979196123576e+01 nan
9.373237719002277757e+00 6.403823485722879738e+00 nan
2.832038919751269646e-01 4.128947532443395119e+01 nan
3.935971065377433131e+00 9.104155988239507735e+01 nan
9.957947331872185615e+00 3.953668181487486066e+01 nan
7.132359912755731557e+00 9.547093001387830213e+01 nan
6.040517011907711620e+00 9.747311617332323408e+01 nan
4.148261044387407281e+00 5.020730708586295776e+01 nan
9.118519545092889089e+00 5.189565277604141436e+00 nan
6.728528417612748669e+00 5.906479803765277126e+01 nan
6.836767027433269917e+00 6.530592653598637298e+01 nan
9.610733751787425838e-01 3.470474662237314600e+00 nan
1.721450621399348124e+00 4.871790138015551008e+01 nan
3.089840556689976037e+00 9.188801972850725974e+01 nan
8.655344583857150553e+00 9.510633831091533352e+01 nan
6.649566629292394282e+00 6.970684304574791668e+01 nan
2.099523793190580356e+00 6.559118665793177172e+01 nan
3.339479242252357594e+00 1.760649546709808178e+01 nan
8.752625366439929167e+00 5.738810528615883300e+01 nan
3.388522644259517325e-01 8.960872933249622463e+01 nan
3.997359912532086224e+00 5.157017893884295034e+01 nan
5.445323283522931490e-01 5.803299510403473249e+01 nan
1.615341778459578270e+00 4.069082767108547927e+01 nan
7.707742202754277017e+00 2.231646508644989879e+01 nan
2.634640915603240430e+00 3.985699337580579993e+01 nan
8.023906541912916524e+00 5.727115020909300824e+01 nan
9.443811319424490591e+00 7.289701488374005578e+01 nan
2.844216737467844425e+00 2.017831078180945070e+01 nan
4.811963903806757870e+00 7.601281714173495629e+01 nan
3.621676206680900734e+00 6.330822934288260484e+01 nan
3.652132666332508215e+00 9.608354227503348000e+01 nan
3.055271205141542712e+00 8.453536268278797650e+01 nan
7.660633109111677719e+00 7.958428676282677827e+01 nan
4.707116546888097552e+00 4.939633426786613057e+01 nan
3.806200825929330733e+00 7.371946395904382143e+01 nan
2.476662320015857954e+00 9.792551230898498105e+00 nan
7.121800043435969840e+00 4.498637838176140491e+01 nan
3.825738529383936992e+00 1.069541753118111593e+01 nan
1.023930154087255628e+00 3.191714945218328126e+01 nan
6.935545784013663173e+00 4.131659573839012012e+01 nan
9.734889687960928129e+00 7.173704681050224963e+01 nan
4.151082321607453274e+00 1.607939372346245221e+01 nan
4.980392057911190440e-01 3.892706843682358908e+01 nan
4.941925098290782969e+00 2.392733807012902503e+01 nan
2.359572756150005723e+00 2.874111143300217464e+01 nan
6.157527922585429359e+00 8.777666560894594738e+00 nan
7.249490165216033510e+00 7.801698069597764018e+00 nan
6.936230208012910126e+00 7.425519587315192460e+00 nan
4.492260445276466285e+00 8.067105271532430777e+01 nan
2.678499980874467834e+00 8.339976868205140192e+01 nan
6.324987770641633311e+00 3.598386868886323864e+00 nan
3.366496690429679362e+00 7.200423795617781764e+01 nan
4.791222079648347787e+00 6.438297983422650361e+01 nan
3.859771544627586870e+00 9.016844302030982305e+01 nan
2.572359340863494381e+00 7.376489524280982835e+01 nan
3.208178373924702065e+00 7.437632907450802122e+01 nan
6.810564271972250339e+00 2.993103102551059536e+01 nan
9.037173648281260796e+00 3.540397093646201654e+01 nan
2.076644984192671517e-01 1.373464226792136955e+01 nan
7.017018325537698331e+00 8.574407772650465631e+01 nan
3.017946333774086387e+00 5.079483166447919729e+01 nan
1.370137641459651556e+00 2.944278774250826203e+01 nan
8.364825528802873222e+00 4.023582011312050355e+01 nan
4.126458122064649459e+00 8.434042059638754552e+01 nan
4.986068299214458932e+00 7.210510104454257885e+01 nan
1.242793207870058536e+00 8.300127516822404061e+01 nan
6.046535546569081987e+00 1.290453149994887561e+01 nan
9.919074491748514077e+00 3.719957734462435184e+01 nan
1.318271012668190134e-01 3.406636829494107133e+01 nan
3.337425665028399546e+00 7.888536984578351507e+01 nan
6.138766297682842321e+00 9.451353364018339676e+01 nan
2.874182618749428375e+00 7.109500860932166688e+01 nan
1.964185528248892698e+00 3.152129413351268283e+01 nan
7.670732795053047504e+00 5.981860151952943028e+01 nan
6.244949358401360451e-01 7.400584167182719852e+01 nan
8.635337068345824818e+00 2.825877164031289723e+01 nan
3.744391500181471599e+00 1.677569069462885309e+01 nan
7.779875950770818172e+00 2.981616500102497014e+01 nan
8.969007636707866382e+00 7.615933941844945210e+00 nan
3.288325176051213883e-01 4.649052037615657440e+00 nan
7.926519947452408843e+00 2.431530809707596319e+01 nan
4.875036244324524759e+00 9.411007073077475127e+01 nan
6.094562513420028083e+00 5.731177809641068421e+01 nan
3.904739675468555049e+00 8.220045496899224702e+01 nan
1.015616736312158208e+00 9.436657047932519049e+01 nan
3.929976247156049540e-01 6.847862048637229293e+01 nan
5.452519467501080186e+00 3.652279857853954326e+01 nan
6.579316871239225151e+00 2.726569174963139730e+01 nan
8.595954546234527704e-01 4.775435515347951565e+01 nan
8.389049710197159726e+00 9.568793526370440361e+01 nan
7.117910493545331008e+00 2.183692833746223627e+01 nan
9.435278664322952480e+00 6.145879573521872885e+01 nan
7.536765870127378975e+00 5.899616641558437635e+01 nan
2.762818908556115449e+00 1.409502792100439805e+01 nan
1.169080100878175710e+00 8.692213233929631144e+01 nan
7.482035233503881999e-01 9.817322693703677317e+01 nan
7.716149987900775997e+00 8.905345996722172686e+01 nan
4.865059234348512174e-01 2.400893556611048041e+01 nan
4.247496487914220964e+00 3.632034708768122755e+01 nan
7.303528001928972557e+00 6.152425150411990273e+01 nan
7.717792754536742628e+00 5.316875253339238583e+01 nan
9.686742610899669259e+00 6.670772295258794315e+01 nan
5.933411703955211891e+00 4.959500208011416333e+00 nan
5.656141345801499298e+00 6.850663058997233179e+01 nan
7.460422239027736602e+00 4.244589016680348692e+01 nan
5.434547151639485207e+00 8.084894210932748138e+01 nan
7.185279197534966578e+00 6.149298239442527603e+01 nan
3.324025456765447473e+00 1.688754252533501798e+01 nan
7.258203331404997627e+00 8.243115929041310608e+01 nan
4.191089952717371503e+00 4.698947941215726587e+01 nan
1.025465153722135009e-01 4.186309492212102867e+01 nan
3.037172923440548011e+00 9.212870107556517496e+01 nan
1.128313396127869517e+00 4.459948567279842990e+01 nan
8.389489157687384235e+00 5.318483122209493530e+01 nan
9.830023260808074426e+00 2.410141706498094294e+01 nan
9.410046302574453847e+00 2.351892533524555162e+01 nan
1.881815081470945561e+00 2.233483829669017240e+01 nan
3.403235947471759726e+00 8.440712317188112479e+01 nan
7.213410788365662185e+00 6.433901616874300089e+01 nan
3.565093706472523660e+00 9.294332912009322101e+00 nan
7.870891405753823733e+00 5.112830303377133134e+01 nan
2.517138101603662026e+00 8.147401066682572690e+00 nan
1.965400043205640213e+00 3.080154480829119734e+01 nan
1.009051888604368896e+00 7.170507724767544744e+01 nan
1.036947219872945247e+00 8.606695214193453580e+01 nan
4.758132069186343793e-01 4.848312558116643345e+01 nan
7.387716775634372013e+00 2.522083426792686112e+01 nan
7.300485707056107998e+00 4.109199709310280468e+01 nan
3.539237705159280267e+00 9.754526141904942449e+01 nan
1.421748089292264261e+00 1.096743227868953507e+00 nan
9.980160410697538342e-01 1.716644159426554594e+01 nan
6.358628151362448300e+00 6.576736267410250747e+00 nan
3.385821067902190062e+00 2.223019785171939944e+01 nan
4.827033254970596765e+00 9.639558237221521608e+01 nan
8.918790903212792998e+00 9.386550071831704756e+00 nan
8.483847132474631181e+00 7.071037628805865438e+01 nan
3.870912386554348217e+00 8.119895999573380152e+01 nan
6.646010159777624438e+00 8.333529503580363951e+01 nan
8.958701997389493243e+00 9.721189604067591006e+01 nan
1.576192716488473144e-01 6.215467757581103569e+01 nan
2.078574567208033574e+00 4.931092199435937573e+00 nan
9.740395635917156625e+00 6.651634439275085242e+01 nan
1.960863179588470784e+00 1.882709277159988659e+01 nan
2.143153034931663647e+00 5.974417400856393101e+01 nan
6.669869031376961743e+00 8.501689609251356217e+01 nan
3.997649020074009574e+00 5.230903511721485444e+01 nan
4.607371923842313421e+00 4.092191551206149569e+01 nan
1.737915992689334388e+00 6.572317556970662622e+01 nan
4.665722644939419794e+00 6.288005636278808197e+01 nan
4.831429187853827578e+00 8.803052342926291374e+01 nan
9.862652288190682626e+00 2.041522440135145189e+01 nan
9.675498229346407797e+00 5.911351020338749152e+01 nan
8.502079020385734154e+00 3.731820214320215001e+01 nan
1.444091675270920083e+00 6.305117440935084261e+01 nan
9.563044899298297485e-01 6.445176937823441676e+01 nan
9.584927202241786404e+00 3.038497844232040990e+01 nan
6.776261154346217452e+00 6.490656449984809839e+00 nan
9.604774487565181929e-01 8.205787360517402362e+01 nan
2.586330587302029915e+00 2.868881815550078329e+01 nan
4.461227738803463794e+00 5.108632119808446959e+01 nan
8.709083765342272798e+00 7.151949682770376171e+01 nan
3.406098084931639569e+00 9.398236159656680400e+01 nan
5.343915592254314895e+00 7.598951587247756834e+01 nan
7.296739513975773583e+00 4.694768464160992494e+01 nan
8.943578417866286046e+00 3.563577473117325667e+01 nan
3.738897782974493822e+00 5.692893091046059340e+00 nan
8.477483023810483687e+00 1.464339436987539855e+01 nan
7.312939733441679913e+00 3.598440915117540584e+01 nan
6.254606472985614118e+00 6.418808702172752589e+01 nan
1.516401650215015273e+00 9.180289992394349952e+01 nan
3.935122870628198655e+00 8.249017707637906938e+01 nan
8.681308234754427033e+00 8.138174841328597608e+01 nan
1.645600955597115167e+00 7.457611615608306010e+01 nan
5.715099594752619083e+00 2.970913200245920649e+01 nan
3.628829993872284110e+00 7.294992053291055356e+01 nan
4.102424623687310756e+00 6.034135456072385040e+01 nan
6.332366758722939082e+00 3.104441412780920828e+01 nan
1.359055482919771629e+00 4.235297492516355788e+01 nan
1.367239508155508876e-01 8.396022280261965420e+01 nan
9.811193300367989423e+00 7.000327876303693131e+01 nan
7.717228763804393488e+00 9.113195793716175785e+01 nan
8.422901534765914633e+00 9.922758202030104258e+01 nan
2.815082447403510990e+00 2.566952985767862216e+01 nan
4.963097463298907996e+00 9.133480318855793811e+00 nan
3.014310797785171303e+00 9.358083837151583850e+01 nan
9.228740140300676131e+00 9.017368475650368964e+01 nan
5.794176866079450150e+00 4.670241711329998680e+01 nan
3.730903022616208986e+00 5.546657919703397255e+01 nan
1.940622325165744844e+00 4.415546137694445150e+01 nan
5.271558127722562936e+00 5.228724313369446719e+01 nan
2.248678477026117672e+00 6.320377314036353056e+01 nan
5.085494131398130335e+00 8.924348773878557495e+01 nan
1.051251581186719575e+00 2.956858839292099361e+00 nan
9.001123261319150970e+00 8.504981244389568928e+01 nan
4.152219176902616660e+00 7.718586866938696289e+01 nan
9.154715083629458405e+00 3.245946438431711556e+01 nan
3.073138270315473708e+00 6.386305814131700487e+01 nan
4.289058670272852147e+00 8.708706568245123236e+00 nan
5.442244547229391216e+00 7.786790928855126026e+01 nan
4.902896718609875748e+00 3.964827472502321370e+01 nan
8.175058190734768360e+00 3.675090767493704647e+01 nan
2.972465688762823799e+00 1.241109184924929743e+01 nan
6.492152090105698825e+00 3.209857296679942351e+01 nan
3.918316350350336652e+00 8.878040679975673299e+01 nan
7.595646764705534792e-01 7.009614017716977230e+01 nan
9.097472074771063788e+00 9.820724621476779603e+00 nan
7.661450024674012482e+00 1.012955959592587618e+01 nan
2.354514060682189935e+00 9.813389457779848613e+00 nan
3.835429504619422225e+00 5.485912400195292093e+01 nan
2.839495278136765943e+00 8.901387393537169146e+01 nan
1.641724587371570454e+00 2.113238495179762566e+01 nan
1.705501046618544292e+00 2.629165292161880885e+01 nan
4.455300892837736448e+00 8.010534770154163198e+01 nan
7.138225434690559368e+00 7.553369060404106961e+01 nan
8.283165264835966823e+00 7.199185075054892025e+01 nan
4.796739827348484475e+00 7.718115742391734102e+01 nan
8.227943569342141217e+00 5.833893218871798680e+00 nan
7.188560994544324956e+00 6.887345970692952335e+01 nan
1.949714426149595781e+00 7.928859044084693153e+01 nan
9.983225602237654428e+00 9.966255646329805984e+01 nan
3.512911666243177855e+00 7.151911708618459329e+01 nan
1.568667444199599803e+00 4.817031647782258830e+01 nan
4.184115017522559654e+00 6.082653910606553893e+01 nan
2.173555059055189087e+00 8.872078771048077073e+00 nan
8.013271163519736007e+00 7.469577091669485469e+01 nan
8.573062589412324686e-01 3.880987247616923952e+01 nan
7.584843103783800444e+00 4.516756941799219049e+01 nan
3.374035739617084584e+00 8.378752523341566416e+01 nan
1.555662036124920711e+00 6.141793306331099700e+01 nan
5.938274184553168134e+00 5.917926375734475641e+01 nan
3.835046488934420683e+00 3.182593521081124521e+01 nan
5.451181853387956799e+00 4.615460590571860422e+01 nan
5.492087054795519840e+00 8.678801699283505400e+01 nan
5.073606174305662186e+00 8.638940378152508970e+01 nan
7.029387349723820400e+00 4.683851366589374265e+01 nan
7.858719074963050666e+00 1.808880846657944730e+01 nan
1.046764300386104907e-01 2.060950907082892769e+01 nan
2.293913845147031338e+00 5.708733836619727242e+01 nan
1.001652871561560909e+00 7.798233838443952948e+01 nan
6.679705797300434789e-01 9.807455233538338746e+01 nan
1.727753001841569214e+00 1.894402819725899434e+01 nan
9.445923880132641060e+00 7.321947736737730850e+01 nan
2.109845463680072031e-01 9.859038937216409693e+01 nan
6.930982458592266360e-01 5.355794295011470041e+01 nan
1.232074472118115382e+00 2.976295523679111454e+01 nan
8.587062097231672908e+00 2.989977218656738955e+01 nan
2.207007420321431823e+00 2.303923127295134776e+01 nan
9.848068561025517198e+00 5.209080810958671037e+01 nan
7.718864286149030640e+00 6.283247134345872453e+00 nan
1.055663923572249807e+00 6.664407988637327662e+01 nan
6.659463320628959515e+00 8.656611460126651991e+01 nan
6.769767327672791879e+00 6.358471416419548206e+01 nan
2.118453871720169079e+00 5.133740180482211457e+01 nan
3.099199996022857118e+00 4.023206832731857752e+00 nan
2.231486257282741636e+00 4.066476786720328107e+01 nan
8.793960958471751965e+00 6.327257149739319075e+00 nan
1.759806649298413517e-01 6.860279642378735332e+01 nan
2.044467998691601007e+00 6.872773742813326692e+01 nan
7.952134127969168631e+00 9.228225706677388018e+01 nan
9.640139053127533941e+00 6.388281471253841204e+01 nan
3.694340789907789802e+00 4.582100075042579768e+00 nan
3.369517165534853476e+00 3.376569005293782766e+01 nan
8.503142296943398293e+00 4.049472920031350043e+01 nan
4.422828733306011229e-01 6.042125341906015024e+01 nan
2.486084870217148080e+00 4.611167953249542251e+01 nan
3.636744433542665078e+00 8.856593676703317897e+01 nan
3.472178119415898934e+00 9.753622093426660911e+01 nan
3.330442887507039096e+00 5.979603896749159020e+01 nan
1.252581781979470676e+00 6.105014649347357647e+01 nan
5.316915722377783204e+00 8.130289120993104746e+00 nan
3.497104217504533263e+00 4.639458297550505961e+01 nan
7.682512576606347565e+00 1.465035798894151853e+01 nan
4.377946486443081042e+00 5.529692568723092450e+01 nan
1.199762623148686425e+00 9.999130641441297485e+01 nan
3.457286948883062205e+00 5.013477359000639666e+01 nan
8.246088447432137203e-01 6.738300690353432287e+01 nan
9.409167378092316625e+00 8.886495468670653963e+01 nan
9.418871745047606714e-01 3.227982048573741025e+01 nan
9.526930771746474846e+00 2.100002707123818091e+00 nan
8.784461996504171921e+00 7.279534702359229925e+01 nan
9.041788579931539616e+00 4.805953546525839926e+01 nan
1.382115108658522606e-01 9.279341539722148013e+01 nan
6.222070157816469660e+00 1.703860094102888567e+01 nan
6.828344699597471035e+00 5.440736909142030697e+01 nan
6.852165827083857685e+00 7.090534929872723069e+01 nan
9.561318204760226536e+00 5.612989694084451742e+01 nan
6.795961317516043820e+00 5.330416006785425509e+01 nan
2.983330074900540030e+00 9.602610409045431084e+01 nan
8.891652802847817227e+00 3.293463227923064096e+01 nan
8.436630648052229731e+00 4.107037009575322628e+01 nan
8.089404591612900930e+00 4.358667932653924737e+01 nan
1.611114660458315140e-01 4.850327196218047732e+01 nan
7.009640326747206274e+00 8.091519188406702767e+01 nan
7.485165850595490333e+00 4.554748276198353807e+01 nan
9.531789477593990867e+00 9.129014734213899374e+01 nan
8.806096631463635305e+00 8.761369062754883430e+01 nan
3.829548514459328423e+00 2.314857880754846420e+01 nan
9.995052395106636567e+00 5.620494778678713743e+01 nan
4.156036921923220717e+00 3.580127615833711729e+01 nan
2.723475438787491765e+00 6.233872764857827065e+01 nan
2.643734418135551323e+00 9.836720793628447268e+01 nan
8.821122607876320743e+00 8.048303586233360818e+01 nan
8.827929491388120553e+00 1.880785608604649539e+01 nan
8.498165221482400611e+00 8.213086279575283299e+01 nan
1.171252034813855314e+00 3.694799810760384418e+01 nan
4.691796987697512300e+00 1.299541626878902001e+01 nan
7.288051663741452302e+00 8.331871497097177226e+00 nan
7.147795023405509873e+00 8.069233108210097782e+01 nan
3.888444591096078540e+00 8.895407121571086861e+01 nan
1.110684110639764466e+00 5.297575782493139940e+01 nan
3.151326401858385751e+00 8.285333092173364378e+01 nan
3.560598767006283305e-01 5.338101798692168387e+01 nan
1.596077599517763401e+00 1.871300138571855243e+01 nan
9.210734300083082360e+00 1.677052024211051062e+01 nan
2.701461514605543623e+00 4.416969965535297860e+01 nan
8.019976194437989037e+00 8.656610970744934264e+01 nan
5.303119440728872647e+00 5.982439419719158025e+01 nan
4.873589057968327865e+00 9.456978319051229676e+01 nan
4.979002049546212838e+00 5.285367254923776237e+00 nan
1.727679027123049771e+00 8.406845687005717593e+01 nan
2.857465730714332963e+00 5.567454683317758679e+01 nan
2.656718115947915404e+00 7.813901755200143384e+01 nan
6.049596691342568278e+00 8.417771347224535816e+01 nan
3.816285146295617103e-01 5.506822603143496586e+00 nan
4.135515234322470590e+00 7.465886234264527843e+01 nan
2.150603329485943238e+00 9.235006964259450513e+01 nan
8.304878219543423867e+00 7.705727899076629228e+01 nan
5.074633193253943020e+00 3.999543217192915989e+01 nan
7.419474283961575267e+00 3.990800899273068580e+01 nan
3.750950323892046079e+00 9.149636511732649069e+01 nan
5.644864324845449310e+00 6.251855895623324244e+01 nan
6.279166255885535008e+00 7.642745493668988388e+01 nan
4.442340157418230184e+00 3.356828409153997939e+01 nan
7.669008681451103371e+00 7.320573427638183261e+01 nan
9.934314357093288805e+00 9.459945837543295966e+01 nan
1.286283594181450773e+00 1.499725413847131428e+01 nan
6.073834588233941290e+00 4.421048187304179322e+01 nan
7.265592420940001794e+00 3.704983775336761198e+01 nan
5.590172640294635009e+00 9.929267112182616017e+01 nan
9.246461329983782562e+00 5.125454915758729157e+01 nan
4.265087961849956422e+00 3.737052482617659876e+01 nan
5.135967017345857144e+00 6.554380358703127740e+01 nan
1.491355227684877605e+00 8.325721808601163332e+01 nan
9.058582684385733330e+00 7.138913839126159644e+01 nan
1.431055723625989762e+00 6.345549901137856352e+01 nan
5.115778234564629656e+00 2.853768746652346522e+01 nan
1.173871850271511974e+00 4.574078505784869009e+01 nan
1.192566265950065540e+00 3.833031207705485599e+01 nan
2.473304727538669479e+00 2.343048022382093265e+01 nan
2.457015645443671459e-01 8.933672466820107161e+01 nan
3.892227331334496387e+00 8.696507775813725516e+01 nan
4.278779930325574909e+00 1.940179586604542550e+01 nan
8.399990196465234149e+00 8.382832429690758147e+01 nan
6.450666555707275762e+00 6.734110216014032346e+01 nan
2.013182577171841015e+00 3.912143714128076510e+01 nan
8.378531745235523687e+00 6.579997151275367173e+01 nan
6.331104228509984111e+00 7.016309403415415602e+01 nan
7.346419243206483429e+00 7.612622863559529662e+01 nan
2.231882149018086459e+00 2.739518220891532252e+01 nan
8.231692554596746092e+00 8.867718630762121279e+01 nan
5.352241546144132833e+00 3.854776038559300133e+01 nan
8.981953324673385808e+00 1.004721662877139998e+01 nan
9.677221027820502641e+00 2.112507138415631047e+01 nan
4.836502893908966705e+00 4.073892959261638680e+01 nan
4.969463115458899516e+00 9.343439723224187787e+01 nan
4.190380871618739178e+00 6.765106816386327715e+00 nan
9.144894028193111257e-01 8.825771657212423804e+01 nan
9.745444971105127863e+00 9.006363437728070664e+01 nan
6.538856350085920255e+00 2.104398694750764420e+01 nan
4.451839658016366386e+00 5.150832366052699030e+01 nan
4.843754037749575581e+00 8.087690770446724287e+01 nan
5.046680122414241687e+00 8.724230045022476077e+01 nan
4.116594986905170117e+00 7.031862520579991838e+01 nan
8.545122958677371372e+00 3.031832885045194104e+01 nan
6.218682283855180515e+00 3.929551268130949637e+01 nan
6.171434322620813484e-01 2.634511760073527142e+01 nan
2.547791742824463856e+00 3.620065568618663576e+01 nan
5.264670026996122409e+00 8.980136832064836483e+01 nan
7.341308091591693064e+00 7.501894291330239639e+01 nan
5.912797072513782837e+00 3.798390529184128184e+01 nan
3.804008236256127606e+00 9.052990939064815734e+01 nan
2.822417567960663121e+00 7.698606020618025525e+01 nan
9.466822297285183652e+00 9.543511672300256521e+01 nan
6.053119277864389858e+00 9.412901791311830380e+01 nan
2.603283953263904493e+00 2.087668754239764723e+01 nan
9.708245516607497905e+00 8.017715291732804417e+01 nan
2.646545378576643515e+00 4.483212325795963693e+01 nan
9.575036573042911670e+00 6.484826082499220945e+01 nan
2.529243184503247921e+00 6.130384949551121565e+00 nan
1.350780255443350786e+00 9.457615184799767860e+01 nan
9.298010511792391242e+00 3.734260409029188565e+01 nan
5.130337339375644845e+00 4.831533263618386087e+01 nan
8.661265904579215302e+00 3.596194459993018455e+01 nan
5.297625641980038935e+00 7.738851748242740136e+00 nan
9.570300959835757126e+00 5.651141407738018785e+01 nan
9.016837198257443120e+00 8.767475438111623021e+01 nan
1.538049877765689022e+00 6.036327995423347659e+01 nan
1.815794431194382108e+00 1.290143803600790662e+01 nan
5.518391153228219714e+00 2.042181406974336966e+01 nan
7.579582038118690690e+00 4.437903900041942507e+01 nan
5.998920528124505935e+00 6.233654931183622239e+00 nan
9.322980702444969126e+00 9.526029446892391661e+01 nan
8.941619453322802613e+00 2.467715996577102899e+01 nan
2.819937728022917423e+00 6.218448541625366488e+01 nan
6.201262936779976975e+00 8.609944808640859648e+00 nan
8.577152748960244821e+00 9.659664184650651464e+01 nan
6.196591725680902663e+00 4.214982250925680063e+01 nan
7.634270486753573337e+00 7.165788535286533545e+01 nan
3.562942988427895141e-01 3.670986751003777471e+01 nan
2.779633167348423584e+00 9.464208869755947262e+01 nan
1.837401145729855578e-01 5.725501387962848554e+01 nan
4.669725387560755614e+00 1.325539738075785756e+01 nan
8.606150416625855115e-01 1.266036445158152546e+01 nan
2.209433376735318699e+00 6.858634324505379709e+01 nan
4.317858091666604281e+00 2.548814484457750495e+01 nan
3.933740891208193258e+00 4.610936782513745413e+01 nan
8.338495622696306953e+00 1.530533791456736914e+01 nan
3.058116151975666330e+00 9.724884768304374916e+01 nan
1.491661173382261785e+00 1.995027712992224878e+01 nan
5.572141818198297791e+00 8.963161883682873565e+01 nan
8.379309469238174657e+00 7.217545628927743451e+01 nan
9.964365731933847670e+00 7.570806429181023134e+01 nan
5.911039127036169738e+00 8.223612883648742411e+01 nan
4.951490106726054385e+00 9.179427887437545053e+01 nan
8.699455025192484925e+00 3.857311311218524708e+01 nan
3.137026289756193798e+00 6.921808026582745299e+01 nan
5.318845746556649878e+00 4.078608086767429342e+01 nan
7.837629285528660006e-01 9.213300244024846108e+01 nan
5.500351980523581652e+00 8.815120636996360304e+01 nan
4.871239137817583220e+00 7.639580665324433539e+01 nan
4.832835009811272009e+00 4.527356756214270206e+01 nan
1.506611745249857970e+00 8.560167831376826086e+01 nan
2.301792142038864064e+00 9.812498906253178177e+01 nan
9.542614506786456730e+00 4.985239104139385091e+01 nan
4.242270017923003955e+00 6.099845762371185742e+01 nan
7.193720520451330813e+00 3.673749633268298709e+01 nan
6.630890897381599425e-01 4.974365482191605992e+01 nan
8.444151956585438157e+00 1.636474021501906861e+01 nan
2.249948968454932530e+00 5.451488990596703843e+01 nan
8.960744335155700568e+00 1.659621278047337611e+00 nan
3.546193310285034261e+00 2.203329837413906134e+01 nan
7.815767526169365098e+00 8.421146226258360912e+01 nan
7.864834963482153718e+00 3.016076907052939760e+01 nan
3.059719006325407054e-01 7.039846684628528806e+01 nan
9.405043473993375258e+00 4.150217696172450133e+01 nan
2.049519044755734765e+00 8.657602069664609701e+01 nan
6.029290976297465576e+00 9.490070085826700108e+01 nan
1.773775243288932879e+00 3.200341814685950936e+01 nan
1.083269751425673277e+00 7.542865262466674103e+00 nan
9.089613923153351038e+00 2.713581731021910315e+01 nan
8.576081035391556640e+00 8.704790028484943321e+01 nan
8.339515857063317661e-01 4.700028241032569554e+01 nan
5.326203994139592224e-01 1.080926146563112056e+01 nan
5.259065092438248712e+00 2.199230323359955719e+00 nan
5.234324632198841254e-01 5.393744695581129633e+01 nan
6.709430920055768688e+00 4.237616142289400756e+01 nan
1.133032585245234758e+00 4.479079811815158507e+01 nan
1.335913063795453048e+00 7.199928699956556954e+01 nan
3.340571370614696001e+00 4.013476294468553363e+00 nan
1.321334091637706543e+00 8.984350125315800994e+01 nan
3.989787050799645129e+00 5.555076822350910959e+01 nan
6.799720962709189465e+00 8.146806810281586309e+01 nan
1.154386847045213216e+00 4.228542579257010914e+01 nan
6.274912552850869574e+00 8.004403096699981290e+01 nan
3.245008580567082523e-01 3.357813045189489998e+01 nan
3.153818910300436151e+00 7.181499896998444399e+01 nan
3.404382436299474346e+00 7.830635179291222414e+01 nan
3.929467203428512523e+00 5.612702850701867874e+01 nan
7.918136145582506114e-01 7.519443231848853770e+01 nan
1.564127444491318908e+00 2.671041198554425478e+01 nan
9.611832397032220143e+00 5.522358726282623564e+01 nan
1.796996430404778522e+00 4.711683482285781110e+01 nan
3.076372307908081249e-01 4.687329657292208651e+01 nan
3.832827396282983745e+00 6.902336923969277116e+00 nan
3.118051787555879972e+00 8.504132043658708540e+01 nan
9.173771939539669518e+00 3.148304720704791393e+00 nan
5.919889353553133837e+00 5.666598518884957691e+00 nan
8.463786653747449762e+00 9.727141213479217186e+01 nan
4.420792085262612581e+00 2.478244856056264211e+01 nan
9.559123420631909340e+00 6.639832316877925678e+01 nan
6.910997080094625211e+00 9.767898450775518882e+01 nan
5.585346983155590195e+00 4.436183584882468267e+01 nan
7.402446456727845181e+00 9.645842978018383462e+01 nan
4.531099691967989784e+00 6.593071328434060518e+00 nan
4.312472224494412032e+00 7.549848868803593405e+01 nan
8.502611277020665881e+00 3.703053903809047398e+01 nan
5.407169180194484337e-01 9.561990465153013474e+01 nan
3.218064594777538256e-01 8.210263083043238908e+01 nan
9.717463039933820212e+00 8.824367450724238893e+01 nan
4.747097359604289579e+00 3.986098918251982148e+00 nan
4.396009244698868557e+00 9.176898315373017567e+01 nan
3.459170940567488639e+00 7.881302371807809948e+01 nan
1.735957743135082554e-01 3.046360242008670127e+01 nan
9.537183451116854060e-01 9.977094823079757191e+01 nan
9.992178962922732666e+00 3.642480952619781220e+01 nan
7.973533659372749938e+00 7.376660698918277603e+01 nan
9.872985319482811661e+00 3.566866025453629874e+01 nan
4.725955479947909765e+00 6.664677199022403897e+01 nan
7.156218384524485110e+00 1.458603439905565402e+01 nan
8.978694281754821205e+00 3.486032783668309776e+01 nan
7.450257565735979526e+00 8.947085493168712844e+01 nan
3.202686242457933319e-01 7.747408414853940428e+01 nan
4.374594567022842995e+00 5.630550002946588961e+01 nan
5.157755384207390215e+00 8.089166129072690126e+01 nan
2.686861751316976132e+00 3.957622048313228191e+01 nan
3.913987932408788950e-01 2.203605765608092781e+01 nan
9.237929917969779581e+00 6.506169691637661856e+01 nan
8.410117019438988706e+00 7.136154472001813964e+00 nan
1.482086191848655865e+00 8.744202037366260072e+01 nan
2.090987029991298485e+00 1.190306327836358946e+01 nan
9.447880845928290583e+00 1.518032564741897694e+01 nan
5.854377866065562763e+00 3.048863784909659103e+01 nan
9.334498279481048044e+00 9.183152425118579743e+01 nan
4.987865059244743549e+00 2.908644469789079778e+01 nan
8.519237750947585397e+00 4.694793093317153421e+01 nan
1.422591658286620930e+00 7.949515776172063397e+01 nan
2.279618886800262589e-01 8.708919829692565884e+01 nan
8.153636096837711733e+00 8.953387254078216984e+01 nan
9.973892385506230696e+00 6.537176956970033359e+01 nan
7.785469518995960847e+00 4.279968234201417232e+01 nan
7.251612374677439909e+00 5.220144517118777827e+01 nan
8.538770346747424966e+00 1.314281043667268456e+01 nan
8.333905514856507324e+00 7.527411962728091055e+01 nan
1.620792154749996383e+00 1.437185860040731100e+01 nan
3.643260940378616475e+00 5.066398257612397593e+00 nan
5.825288746374076787e+00 8.817759582811908103e+01 nan
9.679492740392205974e+00 1.201967302628887424e+01 nan
1.521271591909587162e+00 5.339333419653365809e+01 nan
8.503701038029928938e+00 7.790168928232405676e+01 nan
9.017688696245146573e+00 5.058036549885942179e+01 nan
8.018838250022970016e+00 2.008441442886072892e+01 nan
2.774090083708382615e+00 7.873543298696364445e+01 nan
5.269091563255640764e+00 4.567584881956346976e+01 nan
8.674392538957748755e+00 6.398385125433668996e+00 nan
2.650328648662309217e+00 2.066901034936980608e+01 nan
5.962576059844438836e-01 7.490466800346598575e+01 nan
7.886222830535048800e+00 2.657411722372017948e+01 nan
4.062665672293313435e+00 1.126278644701824305e+01 nan
2.228905215712367216e+00 4.072507135030076597e+01 nan
3.681008579634558409e+00 1.587852932593837707e+01 nan
5.751327200265341943e+00 7.324272259154675169e+01 nan
3.546005723800768283e+00 6.208919659387536427e+01 nan
6.817843238188642019e+00 8.164124158199491887e+00 nan
5.192488143367597786e+00 9.056240543688579692e+01 nan
1.275037112468488387e-01 8.978860419872825105e+01 nan
9.557409299626060672e+00 6.562692700324220141e+01 nan
4.226789197827414135e+00 5.611854202121558899e+01 nan
5.948679397069702723e+00 5.595564589756018847e+01 nan
4.652970473582779043e+00 7.070152038596256716e+01 nan
7.935109384923176634e+00 5.362610445577406182e+01 nan
8.209029163770050763e-01 4.568411335309093602e+01 nan
5.995079459441075009e+00 9.926328954336736388e+01 nan
9.524810427966764692e+00 9.851891847216920439e+01 nan
4.465714713034277139e+00 4.536394486040254037e+01 nan
7.804323568117610854e+00 4.046022551400946554e+01 nan
3.658272908456319250e+00 6.811247251952244675e+00 nan
3.636340077973716944e+00 1.426889179687237430e+01 nan
7.303366135494363753e+00 6.264648461727363582e+01 nan
5.379283940365104044e+00 1.414418619081306616e+01 nan
4.729685876767437236e+00 1.444635983624332098e+01 nan
2.019308426759927944e+00 6.357530502047355014e+01 nan
4.299682081353006780e+00 3.068171033661057123e+01 nan
2.710406288494921601e+00 3.793420277642614025e+01 nan
1.891548283486822912e+00 5.043660460916736099e+01 nan
5.861413116933631429e+00 5.365119384800055968e+01 nan
3.980437454334661229e+00 6.672641975684875604e+01 nan
9.057122222624716557e+00 4.785588792213092546e+01 nan
6.387659857190555179e+00 9.501738083798544210e+01 nan
6.755903145474299265e+00 9.364472089490681128e+01 nan
6.208185962933358226e+00 4.292957983925908216e+00 nan
4.501787373263120173e+00 7.037914024577101202e+01 nan
3.761452728125438849e+00 5.316421475084577963e+01 nan
1.016237068291816925e+00 5.390193846146611634e+01 nan
8.118707188186174761e+00 1.760906066160599082e+01 nan
7.727211454790734457e+00 6.661299317908755313e+01 nan
5.959925788456996720e+00 4.439645369479426051e+01 nan
8.783291900962717946e+00 4.386173522477908904e+01 nan
8.488125380489705663e+00 5.977558387195589518e+01 nan
2.894086336437193374e+00 4.157593055743062394e+01 nan
8.240989884387213138e+00 9.739115757001243878e+01 nan
4.001661001910898463e+00 3.049415101755225876e+01 nan
9.918351256992975706e+00 1.397666668082169927e+01 nan
5.043710336430721419e+00 1.690316422668001550e+01 nan
4.057059151092133220e+00 6.819926224391875280e+01 nan
8.434599159952140823e+00 6.688243237239485950e+01 nan
2.204212619535423467e+00 9.879588127442174539e+01 nan
4.825508073227687156e+00 4.893178524250541983e+01 nan
2.329402271503711486e+00 1.509032195546246236e+01 nan
8.962058602146651509e+00 8.890431046770570944e+00 nan
7.751050951559476765e+00 3.212354520288057813e+01 nan
5.079344820567778918e+00 2.372385836931287884e+01 nan
7.147993251572905216e+00 6.893307122632798212e+01 nan
5.090586480031695338e+00 7.896448511291328742e+00 nan
8.976958840870278067e+00 6.828717639644058579e+01 nan
3.974729837761703521e-01 6.748835026570735351e+01 nan
7.806227882327836376e+00 6.787983403986966380e+01 nan
6.350884971144519220e+00 6.598926730295616494e+01 nan
1.332031389779498587e-01 8.418970442270851606e+01 nan
7.580469512396894594e+00 3.148665412405369324e+01 nan
3.274501162652534880e+00 2.893693425173350775e+01 nan
5.159297853052161820e+00 9.619124085839683858e+01 nan
1.422020136852677696e+00 5.378200927109782725e+01 nan
3.544236603905590588e+00 1.419387125006372763e+01 nan
3.449498180005153181e+00 8.702211062790497920e+01 nan
2.089221601894243552e+00 8.488170882339692014e+01 nan
5.475725911459604411e+00 6.317042061707994094e+01 nan
6.024478483019087172e+00 7.480072477825976307e+01 nan
5.897825098365170327e+00 2.264217619687964422e+00 nan
8.541021870875782795e+00 8.474532088502810723e+01 nan
8.369306291390296693e+00 2.079991703629151800e+01 nan
6.144987977384682054e+00 4.805857219337960373e+01 nan
6.290142938302315301e+00 8.280232170044882878e+01 nan
1.318765171819353155e+00 7.853212785832816678e+01 nan
5.526783400379572164e+00 5.387187964716397914e+01 nan
5.883614681457448592e-01 1.720953116858813559e+01 nan
1.153379051663881993e+00 4.895130683094283341e+01 nan
4.233223856481412861e-01 6.492020418561878614e+01 nan
8.595642034245205565e+00 2.761847073174933342e+01 nan
6.166689692541728718e+00 9.352255127633452503e+01 nan
5.990184291362625757e+00 8.482616445273865935e+00 nan
2.202852419189059718e-01 9.196311233028909271e+01 nan
9.237231875864598152e+00 9.038715194460638713e+01 nan
7.219550156228302207e+00 2.979517997356764880e+01 nan
8.181847832741249604e+00 5.764546811080120570e+00 nan
7.164970266481848427e+00 8.482596262321733604e+01 nan
6.607863470234773828e+00 6.000934693893661631e+01 nan
4.503330515423647817e+00 3.447371563067775213e+01 nan
2.291376465105015470e+00 4.357134574121285908e+01 nan
4.901884360443079736e+00 2.740400472304366630e+01 nan
5.996689540817421893e+00 5.188043295305928382e+01 nan
9.344211099176414237e+00 9.697173815711975919e+01 nan
5.448140516590840754e+00 6.880521825928612145e+01 nan
7.226806109485853113e+00 8.254825192696422675e+01 nan
8.389331153561522925e+00 9.701778780114371159e+01 nan
5.271845412178846502e+00 6.323644905234728242e+01 nan
5.951041570563469385e+00 1.159372539283100068e+01 nan
7.556505129843455570e+00 1.793695172904699575e+01 nan
1.351378168969338933e+00 5.238122149050510501e+01 nan
3.244312056276844825e+00 1.771386344086913311e+01 nan
4.738992428909551080e+00 8.970866534585020702e+01 nan
9.502628619116167741e+00 3.550089141085602762e+01 nan
1.408290257680965718e+00 3.628598251532599051e+01 nan
6.658016316852086725e+00 2.208307655050167284e+01 nan
1.123915698514211137e+00 8.543012997734989256e+01 nan
1.499564325986358693e+00 7.420797966278105662e+01 nan
1.316270763320679826e+00 4.905112323663259843e+01 nan
3.811766459764671655e-01 2.463115837274606790e+01 nan
3.609357849637164772e+00 2.364975009160104946e+01 nan
7.065713125690010976e+00 8.682829350765885579e+00 nan
2.558795743391512723e+00 1.201417557738328412e+01 nan
4.909707162619546317e+00 1.460081068552493910e+01 nan
8.848903699564607095e+00 3.995228451644878476e+01 nan
8.348423252109897774e+00 9.968987204413703296e+01 nan
4.219285910483957736e+00 6.760417320429830568e+01 nan
4.671276416250276675e+00 9.129505047943152363e+01 nan
3.725371026108728501e+00 1.380899207266328510e+01 nan
7.740888646442203758e+00 6.848998821026046357e+01 nan
1.342764721718662513e-01 1.242595258474765263e+00 1.685408517444095255e-01
9.851723861447403863e+00 7.004706606437071059e+01 nan
8.152446820558944651e+00 2.611396949489514796e+01 nan
1.047167873223289636e+00 5.488084728296010439e+01 nan
5.905419495746212277e+00 2.073591156870725172e+01 nan
3.259286461157283821e+00 3.544563262030804651e+01 nan
1.040997903063612062e+00 9.051985792416778054e+01 nan
7.467424281519015494e+00 3.532296302567512924e+01 nan
1.586472633428389845e+00 6.323094720360312948e+01 nan
3.838542373550053899e+00 3.116967690675494751e+01 nan
4.561062460988150491e+00 5.005921427320579653e+01 nan
8.128902416982267676e-01 1.697958480063283915e+01 nan
5.488623222637891708e+00 6.663274392074998786e+01 nan
7.878880083598832407e+00 2.931979539422115622e+01 nan
4.909836884502324139e+00 5.936255107789475716e+01 nan
9.164063861956954327e+00 1.597950494481048977e+01 nan
3.681968430531663117e+00 4.587054710951411352e+01 nan
7.502848475925103955e+00 8.181836182020003179e+00 nan
4.851253991050028525e+00 1.019111650952414294e+01 nan
8.501071581928966836e+00 5.825162145503919930e+01 nan
2.549299809812843431e+00 5.747115626788975362e+01 nan
7.496699937852891793e+00 6.353172787254395359e+01 nan
4.891513174003773834e+00 3.954300454164024092e+00 nan
8.682991048777529031e+00 1.687412997997949304e+01 nan
6.655211686401737659e+00 8.955987215275568758e+01 nan
1.459788537227498573e+00 6.599679505310072614e+01 nan
7.151499171765880014e+00 6.679551987074024311e+00 nan
8.098938192212791876e+00 5.858203840119772110e+01 nan
1.960096899112376834e+00 2.533550423686369157e+01 nan
9.569833823043586207e+00 6.854148967478171528e+01 nan
4.410804960437288536e+00 1.296365262248412442e+01 nan
3.939988658187360659e+00 8.045687748482838231e+01 nan
2.703066485464609148e+00 7.281910072911236398e+01 nan
4.363041606626850921e+00 5.885161147152509642e+01 nan
9.576837438616401244e+00 1.689085200304592149e+01 nan
4.351926331260647096e+00 5.992260107768284172e+01 nan
6.947476953440622438e+00 9.566005039898990958e+01 nan
6.285625750102817655e+00 8.539929088825687131e+00 nan
4.011241316601456219e+00 7.321801952691589577e+01 nan
8.385156833408268895e+00 9.027348088795764625e+01 nan
4.644450600529045126e+00 6.455468943273771742e+01 nan
7.148527145633410740e+00 6.488169096050884832e+01 nan
9.297309056329460475e+00 6.745424602081831722e+01 nan
5.595809590108735243e+00 1.339423765326754356e+01 nan
8.588891835611381254e+00 3.801217204925286808e+01 nan
3.074723119096278268e+00 6.426583651214256676e+00 nan
9.034172396534078331e+00 5.295196036585112154e+01 nan
7.925181101319956234e+00 2.928279591836620099e+01 nan
6.104544524314464482e+00 9.875476980835341578e+01 nan
4.506849839963485316e+00 4.731799985638885886e+01 nan
7.920026360945602306e+00 3.288785215706210607e+01 nan
9.960944802587876623e+00 3.333894659115414072e+01 nan
6.129160150761351566e+00 1.388240706853955153e+01 nan
4.985230266101468466e+00 7.521371503942772563e+01 nan
4.846827432876866126e+00 7.403787257022817414e+01 nan
2.928176929376734350e+00 7.885415573651040688e+01 nan
8.172792144679011273e+00 3.037947775536199657e+01 nan
5.561821250436505437e+00 8.536075994161822678e+01 nan
1.276206130241913206e+00 9.629822291877501073e+01 nan
2.943153626751741747e+00 4.206303785235689929e+01 nan
9.189017557097752587e+00 3.792749517106200585e+01 nan
1.985918295953559731e+00 7.214088169610218415e+01 nan
6.906125064507256717e+00 4.870449541197165644e+01 nan
9.571614445825689543e+00 3.632857520470373913e+01 nan
4.757104904580534921e+00 5.887480348282022646e+01 nan
3.976193314086655217e+00 5.221943443013648434e+00 nan
9.931390659430311629e+00 9.475163467607745815e+01 nan
5.036873498801712756e+00 9.321805563219594148e+01 nan
7.560652611389749866e-01 8.389293736017614833e+01 nan
5.200733565987901708e-01 5.444897192772976524e+01 nan
5.359116547485335502e+00 4.310710194557846542e+00 nan
2.479311527407260130e+00 3.101112562816805962e+01 nan
4.692135855181117421e+00 1.410256435146194320e+01 nan
4.153108257887994093e+00 5.493202385362525320e+01 nan
1.128867147816088101e+00 8.682376375639906030e+01 nan
2.260976834432397720e+00 2.949699470893799713e+01 nan
6.148121443207087644e+00 8.985494700544141722e+01 nan
5.138610305032499603e+00 2.309402592512990893e+01 nan
7.420742437174769002e+00 3.323465386451011483e+01 nan
7.391381793201142747e-01 8.393812003598603155e+01 nan
1.246268993065684949e+00 3.622392793025611013e+01 nan
5.259533322263075128e+00 5.535664230001525254e+01 nan
4.330031489832738778e+00 8.105434849472740666e+01 nan
3.568681952844961813e+00 3.772241964898269018e+00 nan
4.896960943385486154e+00 2.662986879485001879e+01 nan
6.933099372722483222e-01 4.518203980059379887e+01 nan
1.001422956463513980e+00 3.859633789402657555e+01 nan
7.343167573743810017e+00 6.657479584597818700e+01 nan
1.810469393229989121e+00 8.175201787893886518e+00 nan
4.291461471014871520e+00 4.158525844906621671e+01 nan
1.537951081558934119e+00 7.240313347491189688e+01 nan
4.378875190805186612e+00 3.377742695913752158e+01 nan
7.558031327329513438e+00 9.830666481821755553e+01 nan
1.973660388667661136e+00 4.547620336551565146e+01 nan
5.528719987438191374e+00 8.361620143543491679e+01 nan
8.494926512075529956e+00 4.081662356890840471e+01 nan
3.816552927769220060e-01 8.206982669824068921e+01 nan
6.266720687828820635e-01 8.190222875967791083e+01 nan
1.091340213629446998e+00 8.654037517712185945e+01 nan
9.185047006456287022e+00 9.988438051644584448e+01 nan
7.860219754925265256e+00 5.047798726854890106e+01 nan
8.968528477624696293e+00 6.200989708944488399e+01 nan
5.309205291410816763e+00 4.246041826096621286e+00 nan
6.654019621737571555e+00 7.238701435476069435e+01 nan
8.637028018551774267e+00 8.049823435024160290e+01 nan
2.598761702900648451e+00 5.324075017447895419e+01 nan
1.015760004220298329e+00 6.451828053310958921e+01 nan
4.317359669785988174e+00 1.810013631302250303e+01 nan
1.875410147765104840e+00 2.511934375318945811e+01 nan
2.644010123481211227e+00 7.436000907606978672e+01 nan
5.010305462098510354e+00 4.741188761497488713e+01 nan
9.933762678679267655e-01 2.885453390369342941e+01 nan
3.435360608896758539e+00 2.362218510177983077e+01 nan
1.828133974221269220e+00 9.138440660104978974e+01 nan
2.875772397574036798e+00 9.905287203507513993e+01 nan
3.867161460178065280e+00 7.742523886575156666e+01 nan
3.456789595009232219e+00 7.705005373265863966e+01 nan
6.502704625146556339e+00 3.112392533059339783e+01 nan
6.623815256631333526e+00 1.850155206151380582e+01 nan
7.794444605469888820e+00 8.567198452539639675e+01 nan
4.768920502043440202e+00 5.858829390028914474e+01 nan
1.821943604717916720e+00 8.036691323724438973e+01 nan
4.735006584584262157e+00 1.154082161804239703e+01 nan
5.734559666832494074e+00 7.357765780977173264e+00 nan
7.687437193749997455e+00 7.076815814683736505e+01 nan
8.004406051248640352e+00 6.224379490000427495e+01 nan
3.147051441569157948e+00 2.622965268076723788e+01 nan
5.415549381906306969e+00 9.264240563621889635e+01 nan
2.591475162475893601e+00 8.601075150703699990e+01 nan
4.716359077954638046e+00 6.642721489796454648e+01 nan
1.361511232163186147e+00 3.368315485884238569e+00 nan
6.194001609460157987e+00 5.703947794737807442e+01 nan
8.762407158649107686e+00 7.970035178049489843e+01 nan
2.186488156069136490e+00 8.394723586649566016e+01 nan
1.949863521474241024e-01 5.480068801183190175e+01 nan
1.095990914320263965e+00 4.881632500052170087e+01 nan
4.431799309313354529e-01 7.640373498104779060e+01 nan
4.553768442452267529e+00 2.078388184616756895e+00 nan
1.083382009344344699e-01 3.210992482636611101e+01 nan
7.395674302802832223e+00 8.621969685360188151e+00 nan
5.642533874926689563e+00 7.631220808845426973e+01 nan
2.504326148704322907e+00 5.399938756240449322e+01 nan
4.353268137942161609e+00 8.106213435442504078e+01 nan
1.739263906424582506e+00 2.850941167984022684e+01 nan
2.081581083035652924e+00 9.700828863693485005e+01 nan
9.510893941539082519e+00 9.060275683332973529e+01 nan
9.181126121804771500e+00 9.245492880337133457e+00 nan
2.777908352014414994e+00 7.617964380234346855e+00 nan
2.980028919231536566e+00 4.339149924521603197e+00 nan
4.845804492011275499e+00 8.500003931247682942e+00 nan
9.296944403519209477e-01 2.862755857864386400e+01 nan
1.749634552436079904e+00 9.389701019258474446e+00 nan
7.011867431996609668e+00 6.483201909721671541e+01 nan
3.225371111530478618e+00 8.348769857571909370e+01 nan
6.176731235289141253e+00 3.820710930016799978e+01 nan
6.031084436849865504e+00 4.628475916159310799e+01 nan
6.874676274782722807e+00 2.482997646988319929e+01 nan
5.569637413894846789e-01 8.062172652591057442e+01 nan
7.610012337602460875e+00 5.283823938337234694e+01 nan
2.579466661791713467e+00 3.322548915440991379e+01 nan
7.803659768683094633e+00 2.044903499459875462e+01 nan
9.634514322722283808e+00 3.344630442919924462e+01 nan
2.060741434341090805e+00 9.659968385565194637e+01 nan
1.405252199067856589e+00 9.866794665976550505e+01 nan
2.572462766900259989e+00 9.796795721156928494e+01 nan
5.807302285432173861e+00 6.775433047778106754e+01 nan
3.406476772390114593e+00 6.634752593197457315e+01 nan
9.846393255073270012e+00 9.868791646849837207e+01 nan
1.641315864851039974e+00 6.198156075093296380e+01 nan
2.371768993987859897e+00 4.689887435229593393e+01 nan
2.902049515568753346e+00 5.178879644264831938e+01 nan
5.759492711851912361e+00 5.827779941340399716e+01 nan
7.905753710194779238e+00 4.136611908412319849e+01 nan
3.625366966518290379e+00 6.248319120794277381e+01 nan
2.783932596289302897e+00 6.612112141002477017e+01 nan
6.725049810371525716e+00 1.871904965395243181e+01 nan
9.637878045379562053e+00 1.344313268064043498e+01 nan
6.612455980315668391e+00 2.975802810293012968e+01 nan
6.666047893216501485e+00 2.522476945770749523e+01 nan
9.282851846639223581e+00 3.422087380895009545e+01 nan
3.282034777935075809e+00 5.411982941858844498e+01 nan
4.761879431265667151e+00 2.554508617162112216e+01 nan
3.553887151873975192e+00 8.921294077804580525e+01 nan
4.212331908522584989e+00 7.065388374913254665e+01 nan
4.184981715252645174e+00 1.140070026383750879e+01 nan
1.871941442976485570e+00 2.574507669376463781e+01 nan
5.313904905810692192e+00 1.877974724330170631e+01 nan
6.075467160368380526e+00 1.660304943780446862e+01 nan
5.726509446315654728e+00 3.650680209597994974e+01 nan
7.938139302225246219e+00 8.672561937941656751e+00 nan
1.480190846014334261e+00 1.737463629373907992e+01 nan
4.163972710396974364e+00 6.197982012620549597e+01 nan
2.866953357082118625e+00 5.495679142397620787e+00 nan
8.497082040139039449e+00 1.583451972150466602e+01 nan
5.206850272427438142e+00 6.210163508368415464e+00 nan
6.945012569933138202e+00 5.623660278258632417e+01 nan
5.786455639530637463e+00 2.440572355864165388e+01 nan
9.458699129850341336e+00 1.456928553242818225e+01 nan
4.901315006010209530e+00 8.779838177535430077e+01 nan
8.115443299091946727e+00 2.329252284650454641e+01 nan
2.914730462609853134e+00 8.105282596935536787e+01 nan
5.323654480268408484e+00 4.848621786656109123e+01 nan
8.163993455877308625e-01 7.274146979406802416e+01 nan
8.244235766619391725e+00 6.016731818573566670e+01 nan
1.494595412355512076e+00 6.710487840945835103e+01 nan
8.351980852680979339e+00 5.181944707871905820e+01 nan
3.536008209100461652e+00 9.123969640107870305e+01 nan
3.708822429490355344e+00 8.229024063303833714e+01 nan
1.795627651464448915e+00 7.762303897983898082e+01 nan
9.295849602167159276e+00 9.352852279970400673e+01 nan
9.543416461194535572e+00 8.313999446399959581e+00 nan
5.473664546984871038e+00 9.757924500832417891e+01 nan
8.353159776325471242e+00 7.900861978691970933e+01 nan
1.311517013498151751e+00 7.971372722864772697e+01 nan
9.669084419331156255e+00 3.535596957223109627e+01 nan
8.560690812739334632e+00 8.923287504281152849e+01 nan
5.711357242268488399e+00 4.156368277291797853e+01 nan
3.380450460528404033e+00 8.859768534110581584e+01 nan
6.042811612846278990e+00 6.520930569702720447e+01 nan
7.217207326560991731e+00 2.202376763034386187e+01 nan
1.951487961780725700e+00 7.932943830434417976e+00 nan
1.494273092809513592e+00 5.977410821808692987e+01 nan
5.129440907638381120e+00 8.375407781361924719e+01 nan
9.611513256127681259e+00 9.499193312918737320e+01 nan
3.882719460218081675e+00 9.738719815764946475e+01 nan
8.032519851718099346e+00 2.525286839142511841e+00 nan
7.403202666763172957e+00 5.495756676403736662e+01 nan
1.903325950117617238e-01 6.749396919435459274e+00 nan
6.577111949000311597e+00 3.171511316558685323e+01 nan
4.511989056780515206e+00 3.603578220597746906e+01 nan
4.782160943940849673e-01 1.752568461818333034e+01 nan
3.770048045147019522e+00 9.329872285707185142e+01 nan
6.316464531528435344e+00 6.763542905927155857e+01 nan
7.389358428828950665e+00 6.404537697771243643e+01 nan
7.187834314771066602e+00 2.329947949909720961e+01 nan
1.773361163401738494e-01 9.301096532044329024e+01 nan
3.450847263067553961e+00 6.262165109267876950e+00 nan
1.029096938059247401e+00 8.973841131965252771e+01 nan
7.741502335731182072e+00 6.728406469717506866e+01 nan
8.992668614231630997e+00 8.560772744988173599e+01 nan
3.682288881218796384e+00 3.493906366658900708e+01 nan
1.415574066573369150e+00 3.689077708272001388e+01 nan
8.862813342918939297e-01 6.266215866913741905e+01 nan
5.077103762671653087e+00 1.654233375119988381e+01 nan
2.381744906538854067e+00 4.761195911866364128e+01 nan
2.235138982315132417e+00 8.628044760600865004e+01 nan
3.262232023109576051e+00 9.017027022781691414e+01 nan
9.793310330000558395e+00 6.566560120462283123e+01 nan
9.417404531704601567e+00 2.474596329929005734e+01 nan
9.309895514023558860e+00 4.751626198797731604e+01 nan
8.338622229972230571e+00 7.680035730201971944e+01 nan
3.556038102365598474e-01 9.704522405394081375e+01 nan
2.518347823035480992e+00 8.897783579547504473e+01 nan
1.386681656061719448e+00 1.343199990415576472e+01 nan
4.274605292851420657e+00 6.873615683595635062e+01 nan
5.161474240078017139e+00 5.394812694650241269e+01 nan
7.835891014701292789e+00 7.840997739555287183e+01 nan
9.105108772670289952e+00 1.044868144077043937e+01 nan
5.958319230265521682e+00 6.497278220069321719e+01 nan
6.022597589547894259e+00 2.587542363400822776e+00 nan
1.628605261927333681e+00 7.686007233564242824e+01 nan
8.594721667829121614e-01 9.712304848203683605e+01 nan
3.613104451373871928e-01 4.066699516799000236e+01 nan
6.191731932110680958e+00 9.940300688140471408e+00 nan
5.120970305303317538e+00 5.747339090768108605e+01 nan
4.505802595162043289e+00 1.357556170386326500e+01 nan
9.937253143485788698e+00 3.191223517523547670e+01 nan
6.001082034210459604e+00 7.863509375447631555e+01 nan
2.457980714271163603e+00 3.950937292218567620e+01 nan
4.114101088876738643e+00 7.142804519722004386e+01 nan
8.230573621413330709e-01 7.491286671178868062e+01 nan
2.371700385996918126e+00 2.594610675772486985e+01 nan
2.312260251337016737e+00 4.501076333747003844e+01 nan
3.281754857062639363e+00 4.020366410596954765e+00 nan
7.453745045951214010e+00 6.351395310904658942e+01 nan
5.970820825717527924e+00 7.389736712924339201e+01 nan
9.333699026065659154e+00 7.184372202838967603e+00 nan
1.093924859578479514e-01 7.874195557669861500e+01 nan
8.763942539359508288e+00 1.392151206622606985e+01 nan
1.852305020754540232e-01 9.652022522763574841e+01 nan
4.701672602457491301e+00 1.176803318629153416e+01 nan
5.401313967781220526e+00 8.464022594955932277e+01 nan
4.595454057824099436e+00 3.665112621577799956e+01 nan
5.714595589862727643e+00 9.243789684457021849e+01 nan
4.069632562800151732e+00 4.926323556469005638e+01 nan
3.412760176757663189e+00 6.303375926933078688e+01 nan
4.198447523277975435e+00 8.264790249631627717e+01 nan
7.226390428984711178e+00 5.037659658215956426e+01 nan
6.663023649040629159e+00 7.586947217088680873e+01 nan
7.489648346891258690e+00 3.702978397755597229e+01 nan
3.107644165567863048e+00 1.146712170719901991e+01 nan
3.230074762617912043e+00 6.783163943661797646e+01 nan
3.919323225691402790e+00 8.687089534184133299e+01 nan
7.734042547132903289e-01 5.894346601536792463e+01 nan
7.952045023776245891e+00 8.192995289379799928e+00 nan
1.220974254311038232e+00 2.595400539813769214e+01 nan
6.381184518175056830e+00 3.412950250720616907e+01 nan
8.146033603776199783e+00 5.927511342442259235e+01 nan
2.042263542245096097e+00 4.782687105822937923e+01 nan
2.652507644630469841e+00 6.678097271384167755e+01 nan
2.747634443951459282e+00 5.308264663932448002e+00 nan
4.071883920162249204e+00 9.090700738589687546e+01 nan
2.811888941038779510e+00 3.221974084182539855e+01 nan
3.101730850967123754e+00 6.815635327733605209e+01 nan
8.014548056766502171e+00 6.822358843012223417e+01 nan
2.935823654747047762e+00 2.334829322032191712e+01 nan
4.414053495062652210e+00 6.434409085117457039e+01 nan
1.597784208526455085e+00 7.346584266289535492e+01 nan
4.827396404735210034e+00 5.880595017763302934e+01 nan
7.625619652217722866e+00 7.391623044514357588e+00 nan
1.563507988169416718e+00 1.419363625811251861e+00 nan
3.850585903984236502e+00 4.099769397396407555e+01 nan
2.195118846412416502e+00 4.142971349789336699e+01 nan
2.091052475173353908e+00 3.938818631207554688e+01 nan
6.526600099852275960e+00 7.953890338863200782e+01 nan
6.135524090058365188e-01 8.485881631687836091e+01 nan
9.392399018597339833e+00 8.749999589258521837e+01 nan
2.109462482688420959e+00 7.774383749938924382e+01 nan
3.973853845100328019e+00 9.817964673786299556e+01 nan
1.838687526781259018e+00 5.493871758428414864e+01 nan
1.261939850731959689e+00 6.150553877664250990e+01 nan
9.099384984247775421e+00 9.399552464730903978e+01 nan
3.322776250488949312e+00 9.309194225702003678e+01 nan
5.149902247623191265e+00 3.403243349133136064e+01 nan
6.484062124855353382e+00 8.864925274391464427e+01 nan
9.123974962176774284e+00 9.286714344899128548e+01 nan
6.817181979626480981e+00 2.459061156313610752e+01 nan
1.112878716853650918e+00 5.456857296209667396e+01 nan
4.181774364134072108e+00 9.955138908494309646e+01 nan
1.494204586566385551e+00 3.979418189753164370e+01 nan
2.009278286529581958e+00 4.493119249133576432e+01 nan
8.226140897534323315e+00 8.871258392208740418e+01 nan
2.238940789578879098e+00 5.710512209191151811e+01 nan
7.600361945704656286e+00 3.621839225774502324e+01 nan
3.134093183721330167e+00 5.483646787371738895e+01 nan
7.004808814073880008e+00 2.436243061828728429e+01 nan
3.658117342055470900e+00 4.819913405997399991e+01 nan
7.575444904050961270e+00 7.058846245695373511e+01 nan
7.039552560629981137e+00 7.673428493457568322e+01 nan
3.009618895569709629e+00 1.354963041871408791e+01 nan
4.493989804327132909e+00 1.642414454733131635e+01 nan
5.060700834872582377e+00 1.126926929991699922e+01 nan
1.380554859673038148e+00 3.677686954341020709e+01 nan
4.987143416321920597e+00 3.623055876127593677e+01 nan
9.322317496984668495e+00 3.284358109390322511e+01 nan
9.337617326980679477e-01 1.081299976864527679e+01 nan
9.559104553345001420e+00 3.708697107689696537e+01 nan
1.254611743856641759e+00 1.827201733329961542e+01 nan
6.269644502208175929e+00 6.569750631788286555e+00 nan
2.170821532688210986e+00 4.011789970233952829e+01 nan
2.169321375182001965e+00 5.731697434381278811e+01 nan
6.878561144533065885e+00 9.667029817800656843e+00 nan
2.050502314044839736e+00 2.031184468427876411e+01 nan
9.147264229095139143e+00 2.756855633795558802e+01 nan
3.830723973136914484e+00 8.450086821960138650e+01 nan
1.401705572066984873e+00 2.667568484447589761e+00 nan
5.998553217065741849e-01 8.540496415458666490e+01 nan
2.402291384249225281e+00 4.583206823106522165e+01 nan
4.657119690588060745e-01 8.810908271326995589e+01 nan
6.153660636334931766e+00 1.647748821055774471e+01 nan
6.036930254620709313e+00 5.739943044270717998e+00 nan
7.704969231557760700e+00 1.257046331034666409e+01 nan
4.706282930115562202e+00 6.020816211546915042e+01 nan
2.485365792830699583e+00 5.032670178590358034e+01 nan
7.497678198478286760e+00 4.737549311341475544e+01 nan
6.239325157099042229e+00 1.698274607752184195e+01 nan
5.595486284059434379e-01 1.668539738722215304e+01 nan
3.536227256093027904e+00 9.085374513057902846e+01 nan
5.577455458771777286e-01 3.975753855287360494e+01 nan
1.796526311158537448e+00 9.563185125724827174e+01 nan
9.505615492396966459e+00 5.407346789878027948e+01 nan
3.788940841891919931e+00 3.287714436897888959e+01 nan
6.078295045568868460e+00 8.621167723726672705e+01 nan
5.368415383559485221e+00 7.751954426746186755e+01 nan
8.057515916752775453e+00 9.417983794978719914e+01 nan
8.215007013591288043e+00 7.408644553582712433e+01 nan
9.778413519945816645e+00 8.908827541259957172e+01 nan
1.941436879987162856e+00 3.660363440024705994e+01 nan
5.632040068399518873e+00 3.358585193901677535e+00 nan
6.735472634293692806e+00 8.171597238570008415e+01 nan
5.566111466692443166e+00 9.024853543501228614e+01 nan
3.718744493034470189e+00 8.131780274961504063e+01 nan
9.175521750118171838e+00 9.237379308381265730e+01 nan
8.728173102185252219e+00 6.954345783256300706e+01 nan
1.086132933897323571e+00 4.682911866347986063e+01 nan
5.114457062316371427e+00 2.191898732367200786e+00 nan
1.635099582784798944e+00 3.835810816623853725e+01 nan
8.527404887781202092e+00 7.537985425372380632e+01 nan
9.157165157368947206e+00 8.193485371392844741e+01 nan
6.556395997373464013e+00 7.812414552099205878e+01 nan
6.913458819489700424e+00 3.567668023626266915e+01 nan
3.868217562608626370e+00 6.991112376894822944e+01 nan
3.504900050226150698e-01 8.901416135456071288e+01 nan
9.934556194208154167e+00 3.296215603131265937e+01 nan
6.563041815496776898e+00 5.929825879698002211e+01 nan
9.134931520229674362e+00 5.270755812410575913e+01 nan
9.835568748802362649e+00 1.576057968519057262e+01 nan
5.049783196286520948e+00 6.173031978543626508e+01 nan
3.481340804180384829e+00 9.683012873310825341e+01 nan
2.246682831397221580e+00 9.262804361765525130e+01 nan
2.956982241271469025e+00 4.264759060985029038e+01 nan
3.383391214058588670e+00 3.806455303797039846e+01 nan
3.668673812105768040e+00 7.879827114363074259e+01 nan
7.139181327479954264e-01 6.085822543983696598e+00 nan
9.005563116226248610e+00 5.408414306125590088e+01 nan
9.825997970999353015e+00 3.715081992317139736e+01 nan
4.135224581192839644e+00 6.706739292357839588e+01 nan
7.549906450034402638e-01 6.449724874994799961e+01 nan
5.195517163949122441e+00 7.846184702359718699e+01 nan
5.384696193571349987e+00 3.442888029361594704e+01 nan
4.838818936311356289e+00 4.144743243075009786e+01 nan
2.634735898367494222e+00 3.518302672594817437e+01 nan
7.483901341388912165e+00 6.134329895769155172e+01 nan
9.943032717013911892e+00 4.945372055089713115e+01 nan
8.906562787639886736e+00 6.029019206012334564e+01 nan
2.719123073965455273e+00 5.741681543741633220e+01 nan
3.277641340478726351e-01 2.852737819350810966e+01 nan
7.384147860077682424e+00 6.679008858854737163e+00 nan
4.940277435252542482e+00 6.341584927251508930e+01 nan
7.557913974647292754e+00 5.203227986214617573e+01 nan
5.823536028678362619e+00 6.204337356661321223e+01 nan
6.985697904510663747e-01 1.958099472496592952e+01 nan
5.191304997985054293e+00 7.173724587260919350e+01 nan
6.557870528754712325e+00 9.691350350355574506e+01 nan
5.610478097255393592e+00 5.726314540460377245e+00 nan
3.398700960308107089e+00 1.666946710388923236e+01 nan
5.805046302581312823e+00 5.637442161179385636e+01 nan
2.394629475103985161e+00 6.279844173146390318e+00 nan
5.091574287209465588e+00 8.395128911009926753e+01 nan
1.815790836035445999e+00 5.487161573081068155e+01 nan
5.509786970723701494e+00 3.501686246287877680e+01 nan
6.163981833196126026e+00 4.484919232603760264e+01 nan
7.584818163220307774e+00 3.039241982532653807e+01 nan
4.284639877407545150e+00 5.382594246046611630e+01 nan
2.698602075151005586e+00 8.849883860839649685e+01 nan
7.408851110969342235e-01 5.933834385465840633e+00 nan
4.634761964514641619e+00 6.337578011080083229e+00 nan
4.449620684456242259e+00 8.569917555002319887e+01 nan
1.793835739622175351e+00 9.374593928239266916e+01 nan
5.063487986240602368e+00 3.129148235715980775e+01 nan
9.618422209444875692e-01 6.267736197451392854e+01 nan
7.657761846572721964e+00 6.731905619160998810e+01 nan
8.188887101437394733e+00 8.048902951695446006e+01 nan
9.914690533855635479e+00 3.193404133103618037e+01 nan
6.637293047935257206e+00 7.960294729315640438e+01 nan
9.210039098699386528e+00 1.383606599222527223e+01 nan
5.359953076948950290e+00 1.735187006559199219e+01 nan
4.692040359619685574e+00 5.179229273900601527e+01 nan
9.643382017085022184e+00 7.115801146180209003e+01 nan
9.984548069160991801e+00 9.297680092917272532e+01 nan
1.860165553494580681e+00 7.894530678026681514e+00 nan
4.556606532099705120e-01 2.252139335185768942e+01 nan
4.195909155182506289e+00 2.324572303705814846e+01 nan
7.181944306749739049e+00 8.851953766758406061e+01 nan
8.263053395076894958e+00 5.862774699635371434e+01 nan
6.111030343713159674e+00 7.739399262369740029e+01 nan
7.203411872552969442e+00 6.525276213711269691e+01 nan
3.294228325207464447e-01 4.625660558215231788e+01 nan
6.366950738884531447e+00 4.737835199352181093e+01 nan
9.586235403624973728e+00 2.582407715785150160e+01 nan
7.475082874461948634e+00 4.076633896359634690e+01 nan
1.561646150899582697e+00 6.413506789096948069e+01 nan
5.564943098358865470e+00 7.850220896285772199e+01 nan
3.241874787797314195e+00 9.770705605582111275e+01 nan
4.059498122012702659e+00 8.160366583276189800e+00 nan
9.904921864341229565e+00 9.312007079608130766e+01 nan
5.948872074731896831e+00 7.963431788445772952e+01 nan
3.023788695963446127e+00 6.111566945727545175e+01 nan
2.402449885455518186e-01 2.833228985910916720e+01 nan
4.893232443127971676e-01 1.303207525499878905e+01 nan
6.244601539048530547e+00 8.860983312203617857e+01 nan
4.241233963339777979e+00 9.202049319964547891e+00 nan
2.782437005899351945e+00 8.193683965481997689e+01 nan
2.280738643834811175e+00 2.032879530879037944e+01 nan
1.218628135184819827e+00 7.454149339497684323e+00 nan
1.326606989420850091e+00 3.280217386799647272e+01 nan
3.810628395500089916e+00 6.464036248679336438e+01 nan
9.813672934752730725e+00 2.390962179177942559e+01 nan
5.965979957597544292e+00 6.718802016597567928e+00 nan
5.327509793848922648e+00 1.631458577352692174e+01 nan
1.792236338441313137e+00 5.204103155198779262e+01 nan
4.098228692148278896e+00 6.339143874810415724e+01 nan
6.308057157332371823e+00 5.479689869581055461e+01 nan
3.296072498281183538e+00 8.587316652440128451e+01 nan
3.858589547240947049e+00 3.441134477832174099e+01 nan
4.696786898985559233e+00 9.390160897485559133e+01 nan
5.570244959222822700e+00 6.933440340299211080e+00 nan
5.165728744827246643e+00 5.481886808348320983e+01 nan
7.479094308436994964e+00 6.397147989289774017e+01 nan
5.089837168632612041e+00 2.033515719071082728e+01 nan
8.470899183799213361e+00 7.443705321539746933e+01 nan
9.725497487729638735e+00 5.286792215334224920e+01 nan
6.068313791378495914e+00 3.037206354228971961e+01 nan
3.211460162457962397e+00 8.317976011402113556e+01 nan
9.358444543933941873e+00 1.080426998483499546e+01 nan
9.997488555621670159e+00 7.172833007573436248e+01 nan
1.860601171691346867e+00 9.337204287719995932e+01 nan
6.569576855150137007e+00 3.494784047949407579e+01 nan
6.702967350481501718e+00 8.593058609194149255e+01 nan
1.125169476807265534e+00 5.802400121154110302e+00 nan
4.790214550824633655e+00 3.131368659583161218e+01 nan
5.469055653106506654e+00 1.212513668505635778e+01 nan
7.101419363799021056e+00 8.874866464674150279e+01 nan
9.799176022161363520e+00 7.898864104476456305e+01 nan
7.111109738860198703e+00 2.983317579023077482e+00 nan
2.507405146467598822e+00 5.043911497121563059e+01 nan
5.084231706451534549e+00 9.743756267752694100e+01 nan
6.675291506377804218e+00 5.547501444588341712e+01 nan
2.843205475852274233e+00 1.778993124662051883e+01 nan
8.959649524324047043e-01 8.728439673704981772e+01 nan
1.020408147810439647e+00 9.022252874865372974e+01 nan
4.449208333444340191e+00 5.780942241131572956e+01 nan
5.256953589956375517e+00 8.166565870727424681e+01 nan
4.003811172795048279e+00 6.459924117035663471e+01 nan
6.902200509901435410e+00 6.649744101569044119e+01 nan
8.728856777257544053e+00 4.025807112148826405e+01 nan
2.467151662611513974e+00 5.295720383020238842e+01 nan
6.647601210402572569e+00 3.248372066402861691e+01 nan
9.292585775018048722e+00 9.251849748882733593e+01 nan
2.992237428342318761e+00 3.457225227552239488e+01 nan
4.631486198484628503e+00 5.405154352666993844e+01 nan
1.804135795785581919e+00 4.418973212465954248e+01 nan
5.130281217531147853e+00 1.763658585324550643e+01 nan
1.849945139439129749e+00 9.109438892600368831e+01 nan
6.583173102983206348e+00 6.233958690420566384e+00 nan
3.574368393410144673e+00 9.487453027982506626e+01 nan
6.277052249237543791e+00 6.056110124346552226e+01 nan
2.652094857158313168e+00 4.461437411359748495e+01 nan
6.003690967694187641e+00 5.496091351337359043e+01 nan
7.086317661316194005e+00 9.456117374518485974e+01 nan
6.068048729085074200e+00 7.799526869719656474e+01 nan
7.599668257835806351e+00 8.253849841765804740e+01 nan
2.580975908215556114e+00 7.639095238090041562e+01 nan
5.326421397046396500e+00 2.376610961525879517e+01 nan
1.554324161999676379e+00 9.204739442843644781e+01 nan
1.774388862024266045e+00 8.622081152858949338e+01 nan
8.868690653137479174e+00 8.193908690263600647e+01 nan
6.968050976858997103e+00 7.568609554770596048e+01 nan
9.564474395646522353e+00 7.382052628727433330e+01 nan
3.166844022851560858e+00 8.176413897040856682e+01 nan
9.500397409525724868e+00 1.704802439010122939e+01 nan
2.023351280645903305e+00 9.448234716159174695e+01 nan
9.121969235286451649e+00 6.176175552005023661e+01 nan
9.954534030863245064e+00 9.492713670091141864e+00 nan
4.332309667200904713e+00 1.024534925349011338e+01 nan
4.888519095550454274e-01 5.913416819127224500e+01 nan
5.014642330901098788e+00 1.092138740098797278e+01 nan
3.254681897768455290e+00 1.254549841070063465e+01 nan
6.750316974572890816e-01 5.900126997279363650e+01 nan
3.439053645011609817e+00 3.364869362841584177e+01 nan
7.661878025649128787e+00 9.835965304059718051e+01 nan
1.644921662453313393e+00 2.005801560044677956e+01 nan
8.967642968073134213e+00 2.990717057307100468e+00 nan
6.499737531944141944e-01 9.233037882934712570e+01 nan
7.924504565961266067e+00 1.398010886224938076e+01 nan
1.527078488320075533e-01 9.753371193709806164e+01 nan
5.815946907650953790e+00 2.903383688124791817e+01 nan
9.908074752426998089e+00 1.692547649658272491e+01 nan
6.669905022837292918e+00 4.071500993030043425e+00 nan
9.796248993576723407e+00 4.302072481074670662e+01 nan
7.219090181954401331e+00 8.618874454296870624e+01 nan
6.168527405581885503e+00 3.111235567962690141e+01 nan
3.863850557992626999e+00 9.237040917597791179e+01 nan
3.857523944977625074e+00 6.067785779943486091e+01 nan
6.594595296620980873e-01 7.183321570020235924e+01 nan
6.738448686991716841e+00 3.487416279588497048e+01 nan
2.731289946940991697e+00 4.764264398758179908e+01 nan
4.327827229121142594e+00 8.474181609044876495e+00 nan
1.518842712975968956e+00 2.746785501053542333e+01 nan
5.715420074818968743e+00 8.301923714804243559e+01 nan
3.638614783197579250e+00 6.102791729571174528e+01 nan
2.599207779527326956e+00 3.870417754206299321e+01 nan
3.421638998235892792e+00 5.754932823405944475e+01 nan
6.118534713373572131e+00 7.498155927707531987e+01 nan
8.450299717420051593e+00 5.717308213343775947e+01 nan
1.930896545848009405e+00 9.655204645859977575e+01 nan
1.588265914915925281e+00 3.741971020438626283e+01 nan
5.342786848260725030e+00 9.497192665072029172e+01 nan
1.935204772706218268e+00 2.739695596291671009e+01 nan
7.993817659126390751e+00 2.577064993488938072e+01 nan
7.685190950313712577e+00 1.786528975494348259e+01 nan
5.681710360300455065e+00 5.908654359327099570e+01 nan
1.074176801712180218e+00 9.798518085436866443e+01 nan
6.286329227444083401e+00 5.235616468704675697e+01 nan
3.230191956437862721e+00 5.266121700116210747e+01 nan
8.526701002588588096e+00 6.243162853288780845e+00 nan
8.306416206420895065e+00 1.853828777849015097e+01 nan
4.067609836003446944e+00 5.556762738985668904e+01 nan
7.886668751361449736e+00 9.355809789524984765e+00 nan
9.822909530909225140e+00 1.375930010786151847e+01 nan
1.008846137992250425e+00 5.342409321467714989e+01 nan
5.649682946139416906e+00 1.666488828672483535e+01 nan
4.981723871522637515e-01 4.498175898565347808e+01 nan
3.271934029316118320e+00 9.912688742469526915e+01 nan
3.534564680900597278e+00 3.908766616493404289e+00 nan
1.766379533993342132e+00 8.815713108325186909e+01 nan
7.829637115054977059e+00 2.618186201766116739e+01 nan
3.889919578854617033e-01 3.331245964260691039e+01 nan
9.816253802573275067e+00 4.827297150520088564e+01 nan
4.015611524270704669e-01 1.806884779995007761e+01 nan
8.330399711410143126e+00 4.168518152921574682e+01 nan
6.822801999592565281e+00 8.418364881858018123e+01 nan
6.705533634350938632e-01 3.522181218203218833e+01 nan
8.597134125806597638e+00 8.351276824990846137e+01 nan
4.359561727556725330e+00 7.925539418029717353e+01 nan
8.724134672927277734e+00 8.097082415522122290e+01 nan
1.060746538427943753e+00 7.302950541322523748e+01 nan
9.209198050213583286e+00 8.684132167722087559e+01 nan
4.973674955556935950e-01 8.319303161562007176e+01 nan
1.352594071846005885e+00 8.590268622521320196e+01 nan
7.434991144459868195e-01 3.273398821824999061e+01 nan
7.302790879167766036e+00 4.378407115684298390e+01 nan
5.901830884916909881e+00 7.497577541608623619e+01 nan
9.607647566699736075e+00 3.504962526487339147e+01 nan
4.590443492304961737e+00 7.348408068728356390e+00 nan
3.868465975237590726e+00 1.752464505210867074e+01 nan
8.798203713421841599e+00 3.904988062109591596e+01 nan
4.792792312171516578e+00 7.167131006868842746e+01 nan
8.431503858455130285e+00 9.088706758658102558e+01 nan
2.003069946331512252e+00 5.753080705216014934e+01 nan
5.835476564813153466e+00 8.456974544321236920e+01 nan
1.614917652051867325e+00 7.983471364342423726e+01 nan
5.162828850412734205e+00 6.509682104384988577e+01 nan
9.981315564816773289e+00 7.725008823406038516e+01 nan
9.177380165153779856e+00 1.858307346431951146e+01 nan
6.731554177432393260e+00 5.392895404789091884e+01 nan
9.313035450875672083e+00 6.672370173133802496e+01 nan
9.872578794222000909e+00 1.750623890089845247e+01 nan
1.488692265639724344e+00 4.551136161001767277e+01 nan
5.107642387891775826e+00 8.812251149505512160e+01 nan
7.858123535313320751e+00 7.027621810410039416e+01 nan
5.901079742380227477e-01 1.786759391310979339e+01 nan
2.075293054074045962e+00 8.261103106837101961e+01 nan
1.599296648949166233e+00 7.223129356875541873e+01 nan
1.838555341834329004e+00 2.631642455579317286e+01 nan
3.042417202739464255e+00 6.266058951052234960e+01 nan
1.181060482644222365e+00 3.329824986075033078e+00 nan
3.690099892384452573e+00 5.211277234503773315e+01 nan
2.703681169994682776e+00 8.132780491088391273e+01 nan
1.150059823643759138e+00 3.264861151012908635e+01 nan
4.491717806171180882e+00 8.218999641788929011e+01 nan
1.228566087855770039e+00 9.878142164459864816e+00 nan
3.140696361727982833e+00 1.522573200571974716e+01 nan
6.282069135787423875e+00 3.055278391207023958e+01 nan
4.323415117568200294e+00 4.708776486426425123e+01 nan
4.535898828604156385e+00 4.075749111810383596e+01 nan
9.625855146800118334e+00 7.748503563001594330e+01 nan
6.095323007452599917e+00 9.125496113952866040e+01 nan
4.722181034731899985e+00 4.538549687626758811e+01 nan
2.839691437297254151e+00 1.070497463954100859e+01 nan
9.763518359324232065e+00 9.069471571052092429e+01 nan
7.605946426875340727e+00 9.931631487104728251e+01 nan
5.278761591657647578e+00 2.905249808891484165e+01 nan
4.933446554579055565e+00 3.814218172779176541e+01 nan
7.050034323571985340e+00 5.563811617137709931e+01 nan
8.443447356409045312e+00 5.521065423646386705e+01 nan
5.748865093889303779e+00 9.976002387209536693e+00 nan
6.334409959970689563e+00 1.164867445509151267e+01 nan
2.431035551503726744e+00 7.252087705702999187e+01 nan
7.646116956183859337e+00 1.143949463946848866e+01 nan
1.633278523289240169e+00 9.352431848490385846e+01 nan
5.379750578284440365e+00 8.319323449016742700e+01 nan
4.554684373683198118e+00 3.588064216310359456e+01 nan
4.430307272122368190e+00 5.717164674175613470e+01 nan
6.842279007113925005e+00 4.369030035247057953e+01 nan
1.745440120688454222e+00 5.126031897621635380e+01 nan
7.029750316529787213e+00 3.735204588533090231e+01 nan
3.163378789308469941e+00 4.211823045036229018e+01 nan
2.600344272971577109e+00 9.263159380108388063e+01 nan
9.613527608159058602e+00 8.822627859865067990e+01 nan
4.025770112624753594e+00 3.412467890872780885e+01 nan
2.723696510405590132e+00 8.745067011986913030e+01 nan
9.186791771164644516e+00 7.743296170932202926e+01 nan
9.493068002207468936e+00 2.369952699877588387e+01 nan
7.819568751964184550e+00 1.903187618469657849e+01 nan
6.602409422670296735e-01 2.380398605200891993e+01 nan
8.841657733037511235e-01 7.182339943515110292e+01 nan
3.172591341259689113e+00 5.395768691541868378e+01 nan
9.926908111496596021e+00 9.279049719765821180e+01 nan
1.056738279354352938e+00 3.465453459724929353e+00 nan
2.152561744587365933e+00 3.541798771408924296e+00 nan
3.461623044714354336e+00 6.105009979950806809e+01 nan
8.587554418808196033e+00 4.123427386937094496e+01 nan
7.903496644712729058e+00 1.583553800683241697e+01 nan
6.942234841912880761e+00 4.660149440836728019e+01 nan
4.394577314737814433e+00 4.996763012147556537e+01 nan
6.030027264767766626e-01 8.023846370335708400e+01 nan
4.311691584100645791e+00 2.502892855699678165e+01 nan
6.036111387611330592e+00 5.620493901459427377e+01 nan
2.045319494875237787e+00 6.299843708847319590e+01 nan
7.722509468441611347e+00 3.566798149894568581e+01 nan
5.866608170607451989e+00 2.428665096499580756e+01 nan
5.364823436160447656e+00 7.006385115349570469e+01 nan
1.234158635391467085e+00 3.159182238895297345e+01 nan
7.789007745310593478e+00 6.581081639206111333e+00 nan
7.278113816495177524e-01 5.526447612774682483e+01 nan
1.101141939344473686e+00 8.576231268894552784e+01 nan
6.794511490031897694e+00 8.238775988866051136e+01 nan
6.476548045332827463e+00 4.152631980509688248e+01 nan
4.749313748101524624e+00 4.496628667153873238e+01 nan
9.866179884305411818e+00 5.716864886521713629e+01 nan
8.888739856509721093e+00 7.341582383104237053e+00 nan
8.923485222667315142e+00 9.157137137224557932e+01 nan
9.511152958152548464e+00 2.973752366023947147e+01 nan
9.043272157845459347e+00 5.877643288366962082e+01 nan
5.861183373446003486e+00 4.700463585267758049e+01 nan
4.244431891075730157e+00 4.205339154137330837e+00 nan
3.154991019496879989e+00 7.037564120327269279e+01 nan
8.025248901521290890e+00 7.528809501028680984e+01 nan
2.984031423865587396e+00 7.044995266804643563e+01 nan
6.963295976249721519e+00 3.838210478953045879e+01 nan
3.804190254884217692e-01 5.318965387659818589e+01 nan
1.104191034459882426e+00 2.167803518549711228e+01 nan
6.592691396508189028e-01 4.528048186468027581e+01 nan
4.488804255384428288e+00 6.680664106359063226e+01 nan
3.778956144984755738e+00 7.586968177409531222e+01 nan
4.256442080825822982e-01 6.462110676429762179e+01 nan
3.120936463824233620e+00 1.826288906625629593e+01 nan
6.804997533370406693e+00 6.443710776679276364e+01 nan
7.529831323174135171e+00 3.548513078846234947e+01 nan
3.857814531141008363e+00 8.658633092222271443e+01 nan
8.694138991429870345e+00 9.238925166358104946e+01 nan
8.334044411743390945e-01 3.968455228018245151e+01 nan
2.213019759131352182e-01 5.628402410350407337e+01 nan
2.279365368953200743e+00 1.444263972265003915e+01 nan
4.197999040707691698e+00 2.432637503640088994e+01 nan
1.191288140871769485e+00 6.845593750970419933e+01 nan
8.457386985939806534e-01 8.455322375680449909e+01 nan
9.932410092216507280e+00 6.396864948026784248e+01 nan
7.550502504950070914e+00 5.623125041455562467e+00 nan
7.148202732480144483e+00 8.200949934586220991e+01 nan
6.041114295874012718e+00 2.690975881070001208e+01 nan
9.730004484674603660e-01 9.004497597082163907e+01 nan
7.312304954982992378e+00 8.353637538203247459e+01 nan
7.509813345675136809e+00 2.211802211826437414e+01 nan
3.556969266053760403e+00 7.003377300644554282e+01 nan
4.244832361401789989e+00 3.622859322782825586e+01 nan
2.469026544126122324e+00 8.717433329552576993e+00 nan
3.450230134260030557e+00 8.312309078140496865e+01 nan
8.527033293718776719e+00 9.401667650741630666e+01 nan
5.071574881689685732e+00 6.013993115134893230e+01 nan
2.177795327394260294e+00 1.272180740196515103e+01 nan
9.677160536915717870e+00 4.701557780380825591e+01 nan
6.666144792401700769e+00 5.070475804714322265e+01 nan
8.280257838887973065e+00 6.234878894829197549e+00 nan
9.515002557812570316e+00 5.639098488947151111e+01 nan
8.862350248006537479e-01 6.597417487578938733e+01 nan
4.846973681246782739e+00 3.113223065081376717e+01 nan
9.224556773942509835e+00 2.566514113775015460e+01 nan
9.678388973768008441e+00 6.563243694614364188e+01 nan
9.183295189633826183e+00 9.965976230315951057e+01 nan
6.406357311706401880e+00 2.449015984155966663e+01 nan
2.465648916929644496e+00 2.227452416780633726e+01 nan
7.449890702223252781e+00 5.162283423990619724e+01 nan
2.982136346805001281e+00 8.493247756121135694e+01 nan
5.027536344377812938e+00 2.053868788389335620e+01 nan
7.917556785090017479e-01 4.364010066206727601e+01 nan
6.392182265293357979e+00 1.068933244393197590e+01 nan
2.913959307876682114e+00 7.264769971937147375e+01 nan
6.670253951253346969e+00 6.419667952923495591e+01 nan
6.059534979103962549e+00 9.564025043280888383e+01 nan
7.069515709824221616e+00 4.309360743035644248e+01 nan
9.717197747915060191e+00 5.834019829922820577e+01 nan
8.937797058506751213e+00 6.910154919515306915e+01 nan
6.486569199319765389e+00 7.689592726512621823e+01 nan
6.551514346984545156e+00 1.107398941621176292e+01 nan
6.134993103642431223e+00 1.106899677261080583e+01 nan
8.762270779056004599e+00 8.442020138924101502e+01 nan
6.342874917842241445e+00 5.520797558456583687e+01 nan
2.417128521330009772e+00 4.306338921231176897e+01 nan
5.447070877397484523e+00 2.061841292617545562e+01 nan
8.520801918089572879e+00 1.262642790649618085e+01 nan
3.801921799819221182e+00 4.596649372088403140e+01 nan
4.846953835620622542e+00 3.917203486152323677e+01 nan
7.013986340529270613e+00 5.915471744149427735e+01 nan
9.539600362374311970e+00 4.820337040924076888e+01 nan
4.174039224119986180e+00 3.816641170693088725e+00 nan
8.416728128038913681e+00 5.235247761052781357e+01 nan
8.731681594107662647e+00 1.889013028397310023e+01 nan
8.742642151922952465e+00 3.280238296786681929e+01 nan
4.307364442802401605e+00 2.342186538353061209e+01 nan
1.129342915494098376e+00 7.530514364777324943e+01 nan
5.739691349297775247e+00 2.169628988620513610e+01 nan
5.150764054262749525e+00 2.027641841427320912e+01 nan
5.555220192213094599e+00 4.521207230511169683e+01 nan
6.604564358251691303e+00 9.574381640290772566e+01 nan
7.196875047036283002e-01 4.696934683589104509e+01 nan
7.673919586629636136e+00 8.505162080882028874e+01 nan
4.777449289650948394e+00 4.863225258537621443e+01 nan
8.541386024444372893e+00 2.207918539504619559e+01 nan
3.796129231208519528e+00 8.771115416096459683e+01 nan
8.592309153965732804e+00 7.549839593569399199e+01 nan
3.913078568678353797e+00 6.622238771118490774e+01 nan
9.182169306872161485e+00 6.926157939927490759e+01 nan
1.014567819175985930e+00 6.465321443932214152e+01 nan
1.305735696645297095e+00 9.047582900169018671e+01 nan
2.881496182564373232e+00 3.676832753247483510e+01 nan
9.344346563551624740e+00 3.412593296645413687e+01 nan
1.961338024691144266e+00 5.472322850286555251e+01 nan
4.783589262640099093e+00 7.943042049327527820e+01 nan
1.958359829136778973e+00 6.619222014567510826e+01 nan
8.787120254221250093e+00 8.560790713840155775e+00 nan
3.349042719304781146e-01 7.317246504082767444e+01 nan
6.451131639820514074e+00 9.649224205805383292e+01 nan
4.607910980948878965e+00 4.229480403673248645e+01 nan
6.125141151933483741e+00 2.095326467935329262e+01 nan
7.094747699869922819e+00 7.527633521374548309e+01 nan
2.541785907994119409e+00 8.615329392926433627e+01 nan
9.263067053309496757e+00 6.728389688323829887e+00 nan
2.883623571069667602e+00 8.598375364562134138e+00 nan
9.736901746538981328e+00 9.990478807542068296e+01 nan
2.050644785522902636e-01 8.527472936195636066e+00 nan
1.241253757612447828e+00 9.536742461690823802e+01 nan
9.372265129727582078e+00 3.226182779366227038e+01 nan
7.705037580928789431e+00 7.914362722991846510e+01 nan
3.212128316367089731e+00 1.461451126203155759e+01 nan
5.197342908123446570e+00 1.976030767631197804e+01 nan
1.507870184644252820e+00 9.347402295207214706e+01 nan
9.715986825110948244e-01 7.455306531206771581e+01 nan
7.878386116059610700e+00 2.414431981494890778e+01 nan
7.926418725197510007e+00 3.897400908819100351e+01 nan
4.355315773728539952e+00 3.004229596940386671e+01 nan
3.141174482777716381e+00 1.579344971369793882e+01 nan
2.199941789698803607e+00 8.733335412697140754e+00 nan
4.430450001763401424e+00 6.768015903754699636e+00 nan
5.505228199832808755e+00 1.964547453355259421e+01 nan
8.146551270830155289e+00 4.909335946076603108e+01 nan
8.085851997806935643e+00 1.607947355033704184e+01 nan
2.370318712759671875e+00 3.706374269417679557e+00 nan
5.084695091847539317e+00 6.105753165669590743e+01 nan
5.442813592341605222e+00 8.701340359415463865e+01 nan
1.434292596074192794e+00 9.415244714652030211e+01 nan
7.572441396900374322e+00 2.163377735556696990e+01 nan
6.720081195387133555e+00 5.559911408608278549e+01 nan
9.588663988449809494e+00 5.685156192996677760e+01 nan
2.179138773244668759e+00 4.792712842771649662e+01 nan
2.354800081061420247e+00 2.075769661984097425e+01 nan
2.074023741724107861e+00 3.644375772623516863e+00 nan
8.888445937830621313e-01 4.025790441312983603e+01 nan
4.270564850830832704e+00 5.335565406689288359e+00 nan
1.073494046230228260e+00 2.373806868091856259e+01 nan
2.251631762922668756e+00 3.061465300871340034e+01 nan
7.054019067115520514e+00 7.720114886557814771e+01 nan
4.074886424736382295e+00 8.703474822301147640e+01 nan
9.412572377867597595e+00 5.920585128198571567e+01 nan
5.926205009486474218e+00 8.086761070222824799e+01 nan
3.858839958936509884e+00 6.807903521208298514e+01 nan
8.243356405456775393e-01 2.586620176190072584e+01 nan
7.165192841700008586e+00 9.461749062563494306e+01 nan
4.010236588893335785e+00 3.204835712561065009e+01 nan
6.699420940362982968e+00 7.190349142739385968e+01 nan
8.578128210660047159e+00 4.295903725403041662e+00 nan
9.854984899989068126e+00 8.408350967779415441e+01 nan
7.568046930089756152e+00 5.465497440730229073e+01 nan
7.402523521685508534e+00 3.835113065774339702e+01 nan
7.146072124241770851e+00 1.561269524133763120e+01 nan
3.713191243624681004e+00 7.650875852308342928e+01 nan
3.791706583228516170e+00 6.274622228916020816e+01 nan
2.019673171921152921e+00 6.245796086922943857e+01 nan
4.943879019422595888e+00 6.041179746536556650e+01 nan
9.907373667726096400e+00 3.117784435020012523e+01 nan
1.187476662685461815e+00 3.767760810698712959e+01 nan
6.909293434610860984e+00 3.866870423618925656e+01 nan
1.780255865014506389e+00 4.453564530331619409e+01 nan
3.620637339018433210e+00 6.356583507822878687e+01 nan
6.676545796102140606e+00 6.958304400749837271e+01 nan
6.660042209868378471e+00 5.110128644680544063e+00 nan
2.984501327850808572e+00 1.813486843384337988e+01 nan
6.879325934201345305e+00 8.549964294389944541e+01 nan
1.976011911416460265e+00 5.903905294515060831e+01 nan
9.537904065880445259e+00 5.774918463737321872e+00 nan
1.860309721113751147e+00 4.879732362618652530e+01 nan
3.717641291848656326e+00 4.481292923110895998e+01 nan
5.993365665674756926e+00 1.235989420526613891e+01 nan
5.094901853574512529e+00 2.552363348576779600e+01 nan
3.216019527450304505e+00 2.050957380936164753e+01 nan
9.023308864109655048e+00 1.135081828859910047e+01 nan
3.399146796097449741e+00 2.821030795351773079e+01 nan
8.048389093143630824e-01 7.515752901883244874e+01 nan
2.791677447467362794e-01 5.408970717425341235e+01 nan
4.026240392177520278e+00 4.523539373004022934e+01 nan
3.518826431222372708e-01 2.139112190304246397e+01 nan
4.437324390477486169e+00 2.770243782423926859e+01 nan
4.379902555336868453e+00 3.711807776558879368e+01 nan
4.829775969508082412e+00 8.681315758817740402e+01 nan
7.931241844905311034e+00 8.812119193425971275e+01 nan
9.654398842095380573e+00 4.284845600998568216e+01 nan
5.644832697443845859e+00 7.611272426588845974e+01 nan
5.858826741251730752e+00 6.116937689322531924e+01 nan
5.484648370219518121e+00 4.675515801251370362e+01 nan
7.119276409334801770e+00 5.565435294733562444e+01 nan
1.430738236130709273e+00 7.719810489014828647e+01 nan
5.038111882257169327e+00 4.374921782227282563e+01 nan
6.885299905475423365e+00 2.472771204131679212e+01 nan
4.073200581351326122e+00 4.944285283112076002e+01 nan
8.668866999683858543e-01 8.872606715210949346e+01 nan
2.082383014239458152e+00 4.134872638776146658e+01 nan
6.976047585022618236e+00 4.437303077791828798e+01 nan
8.520264203059987551e+00 6.089230803724032626e+01 nan
6.407840502609899680e+00 5.043455699917900859e+01 nan
6.863214134312027426e+00 2.309299027396082593e+01 nan
7.198656037981692180e+00 7.882583968584421541e+01 nan
8.559718928874579191e+00 7.835143938061659696e+01 nan
8.495702025425870829e+00 7.013844187125690155e+01 nan
7.833139818095504303e+00 1.264457535051089643e+01 nan
3.530973278364762713e+00 4.038996922054988659e+01 nan
6.559677193187331667e+00 3.262567990779720617e+01 nan
1.162471621472018546e+00 5.722927286093835875e+01 nan
8.658160531288944028e+00 7.473508817251097014e+01 nan
3.179428574844985089e+00 2.372934930434321288e+01 nan
5.553102349274743332e+00 3.240181263999519956e+01 nan
7.948935933528079367e+00 4.728785474612167405e+01 nan
3.206235486232917875e+00 2.027090326209713922e+01 nan
1.619739095796621231e-01 7.281273967303597772e+01 nan
6.369944050953789905e+00 1.081235528272864599e+01 nan
6.478551076674927689e-01 7.709749920385571897e+01 nan
7.396229065541537473e-01 5.470487830585083344e+01 nan
2.704962332705432182e+00 9.532586412429299827e+00 nan
3.310802532106589258e+00 7.434726354624555711e+01 nan
4.303094989675304127e+00 3.969777539776496411e+01 nan
9.044890597616406680e+00 7.227662994902912885e+01 nan
6.468800457133221826e+00 6.352166577617369470e+00 nan
3.429685351127526705e+00 6.841991894360293713e+01 nan
9.910426856079059377e+00 7.605410027509110193e+01 nan
6.456847615280919328e+00 1.811962261308013922e+01 nan
7.857808538906582818e+00 6.140190048162879322e+01 nan
8.561504122624681301e+00 2.417156105872928151e+01 nan
3.150963440833710383e+00 6.340369556558251674e+01 nan
8.380205267358682875e+00 9.417561179843916364e+01 nan
1.481842179607354870e+00 9.685480325082536979e+01 nan
4.610414233960813846e+00 9.893306664650371829e+01 nan
7.908678640322994724e+00 8.955524320518422599e+01 nan
8.719384700994692317e-01 8.883273718567275523e+01 nan
3.236782007831991326e+00 3.162119042726243379e+01 nan
2.969607895651991569e+00 2.905165274560206257e+01 nan
9.042938860600621354e+00 3.765657065515910951e+00 nan
3.863158846111371947e+00 4.776526542365591865e+01 nan
9.004095385119104122e+00 8.150682197957654296e+01 nan
4.131080222071913610e+00 3.732580177054281734e+01 nan
8.339534145517061958e+00 6.905174178651824946e+01 nan
9.958016722161271872e+00 9.512600801557924513e+01 nan
7.588812670171887653e+00 3.533306851954364447e+01 nan
8.551511742375826231e+00 6.000782620626330299e+01 nan
4.688891360383533602e+00 4.229612581573973529e+01 nan
5.769475619720444648e+00 8.435102607517791284e+01 nan
7.289064066730314373e+00 2.072105114506022971e+01 nan
4.865401404990296719e+00 9.510327422747860737e+01 nan
6.130944943834932381e+00 5.603720108226468000e+01 nan
6.224854711400442220e+00 4.705293089560372266e+01 nan
9.264597741162379663e+00 7.836921713962196634e+01 nan
1.378213449072991093e-01 8.039606476278098057e+01 nan
8.651487751755963629e+00 4.809896834576176872e+01 nan
4.267677430391603188e+00 7.171413093452795806e+01 nan
1.345053635074191289e+00 9.862684373164525198e+01 nan
4.874681890972868636e+00 4.138472535560035226e+01 nan
8.875455738221809554e+00 4.805609920751290076e+01 nan
8.447092351402272215e+00 6.623568412613654743e+01 nan
2.921594195127883875e+00 4.034160129741427170e+01 nan
7.219427924793602180e+00 7.645038627642408358e+01 nan
4.536231279192882049e+00 8.022891098136710752e+01 nan
3.721696550033608553e+00 4.084044325222102856e+01 nan
4.093630871731616772e+00 4.909278812951738757e+01 nan
9.238945089981150716e+00 9.997775021782862481e+00 nan
4.146244070588889663e+00 9.935888124431974333e+00 nan
6.006932970536929872e+00 1.755822892169446536e+00 nan
5.674945890839691032e+00 3.780840503320796842e+01 nan
8.091948020057195379e+00 8.568705830004714130e+01 nan
6.883013710845726330e+00 6.396884662004891453e+01 nan
5.002156137208991993e+00 5.708002260686866691e+01 nan
1.528982833167954469e+00 7.276626779638822029e+01 nan
2.401956122934215898e+00 5.238264426362231063e+01 nan
9.826364559369597629e+00 9.976862994344163127e+00 nan
8.063433100265405828e-01 9.059485635617753019e+01 nan
6.762068625008259559e+00 6.794795576437222451e+01 nan
2.175710737856028310e+00 4.806677994515766272e+01 nan
1.924734856115126957e+00 3.189644094738547864e+01 nan
7.225170758988401332e+00 4.491205318871776342e+01 nan
3.589718820501255792e+00 4.230078078423732535e+01 nan
1.175426304516200560e+00 6.581375585335231904e+01 nan
1.038911606044321534e+00 9.742733594587345181e+01 nan
7.260882160251074247e+00 3.514075214174210515e+01 nan
8.413670584408377451e+00 6.963233880838456002e+01 nan
9.672418368106001196e+00 2.849933153386542983e+01 nan
3.935701824157006534e+00 8.315358304413912549e+00 nan
5.772459695232003085e+00 6.683645146481937616e+01 nan
7.879314829525541519e+00 2.626731066545009341e+01 nan
6.556094711087752103e+00 3.213781367196927619e+01 nan
5.665954094218538906e+00 8.321426702937276332e+01 nan
1.480348586026710933e+00 3.083801690254075467e+01 nan
9.949378647486206706e-01 2.612544332399625802e+01 nan
4.423579812517532517e+00 4.669591615299506060e+00 nan
8.218777702912939631e+00 2.517539326051089432e+01 nan
4.423632355018598528e-01 6.813941702887616714e+01 nan
4.763451104660521018e+00 3.271498901988734165e+00 nan
4.176405635403612315e+00 2.976253363561807141e+00 nan
4.060082618661748910e+00 3.541793421038220657e+01 nan
3.296329844442256185e+00 3.301805835860837135e+01 nan
9.689444221853552364e+00 9.080469732114106307e+01 nan
2.844573512446704200e+00 2.056004770323093034e+00 nan
6.577881087754557932e+00 3.671848472643706174e+01 nan
4.203052660545089303e+00 5.512486760381744233e+01 nan
4.381817488719022435e+00 1.674282885018308775e+01 nan
2.063359970980270575e+00 4.665076813085286744e+01 nan
5.542566193359504290e+00 6.951095015729234206e+01 nan
4.855514930870961088e+00 3.970852568575043762e+01 nan
3.030217577231530401e-01 4.217251154517847311e+01 nan
3.360615437031693187e+00 6.422406169437694246e+01 nan
2.223929884544104230e+00 3.860429764008412690e+01 nan
4.773711091594367240e+00 6.662536595518623983e+01 nan
3.230675599844130996e+00 2.456364011933210989e+01 nan
2.886634772822575634e+00 8.937044493116390242e+01 nan
7.094002065056229434e+00 3.341697306455740346e+01 nan
8.146668043894857991e-01 7.580369836083607993e+01 nan
6.666110946424778305e+00 4.430609383030786574e+01 nan
2.470937802197374911e+00 6.307972457801003685e+01 nan
6.320380518683947457e+00 9.339144583483992790e+01 nan
8.734801499627087296e+00 3.212045844108498471e+01 nan
2.456860546137620727e+00 6.112588043086448408e+01 nan
5.488355774821720878e+00 4.064483446048409832e+01 nan
1.707332007814816865e+00 3.719658177345075245e+01 nan
7.655362764624659810e+00 7.495175043116630853e+00 nan
6.012575597147304052e+00 2.057265783293701134e+01 nan
1.367086037673267196e+00 3.918168811696695997e+01 nan
6.182813389223088762e+00 2.426780495237202473e+01 nan
2.450008888425208864e-01 1.356307755436391993e+01 nan
3.988320843180000352e+00 9.275618340447203991e+01 nan
4.891014668174197944e+00 3.487870242458203052e+01 nan
7.359892646068395550e+00 6.891649539180237127e+01 nan
7.405249488110063893e+00 7.752652288260212288e+01 nan
8.729597391710328225e+00 4.570830897695759631e+01 nan
7.935172600922442143e+00 9.595188574751033173e+01 nan
3.171167780018302906e+00 5.190867078087872244e+01 nan
5.966304538156594006e+00 3.340692376658423512e+01 nan
5.750538583982028662e+00 6.196678956211365374e+01 nan
4.554583883495620711e+00 4.191873604135666653e+01 nan
4.390235383833164917e+00 5.434295493564313517e+01 nan
2.517484657963206640e+00 6.685086471583987588e+01 nan
1.479181548450379857e+00 4.804672342413841335e+01 nan
2.911762974400946002e-01 6.211006184864404389e+01 nan
3.397553972614027362e+00 2.674051603885370554e+01 nan
1.528947237596293141e+00 4.572326036897949564e+01 nan
2.512327123761927794e+00 4.602280828877229624e+01 nan
1.940211553908231190e+00 9.051167704011449189e+01 nan
2.434935182829133904e+00 3.833196235665250384e+01 nan
2.222278192579548950e+00 4.019491717862592139e+01 nan
9.032683613794864286e+00 1.725787474407607647e+01 nan
5.764056638858012782e+00 7.023242105507333122e+01 nan
8.022466557185811808e+00 3.425342906641458995e+01 nan
3.748159393668424766e+00 6.151593749151837187e+01 nan
2.373108051987538492e+00 2.230883720393214276e+01 nan
8.050686858003340163e+00 4.681861117493940583e+01 nan
6.714609210044885756e+00 8.910543548899498489e+01 nan
4.330963249367555390e-01 7.997566518935929025e+01 nan
4.474752822631556270e+00 6.697458776975157235e+00 nan
9.191280425006013388e+00 5.569639526977773158e+01 nan
4.538033123963559845e+00 9.989156889153782970e+01 nan
3.520606863873652959e+00 6.231065761503508327e+01 nan
6.773254932201675516e+00 6.082572953675761340e+01 nan
5.145550227204697791e+00 4.529658564980108082e+01 nan
9.228982846670492179e+00 7.066722230284975126e+01 nan
6.030811532458927537e+00 5.587265915014980067e+01 nan
4.327004713891691168e+00 8.406819767065829296e+01 nan
7.357594330686850093e+00 2.129195164088959302e+01 nan
2.124283923308438737e+00 1.972967419320938376e+01 nan
4.554334835156056194e+00 7.669266302305130978e+01 nan
9.643495475285801533e+00 9.490932483550459153e+01 nan
3.475125506932104091e+00 3.114758935734683121e+01 nan
3.703471631234206640e+00 8.118869505847015944e+01 nan
1.350195473420637837e+00 8.007709759874563815e+01 nan
6.561956705115733257e+00 2.642748765664283184e+01 nan
4.025285984776256321e+00 9.218376620853624104e+01 nan
6.085001999947215801e+00 7.218708046388124799e+00 nan
4.336403100887540774e+00 3.840061896025848398e+01 nan
2.775029415808233590e+00 6.151818043753860366e+01 nan
7.582193035834180250e+00 3.571499923278513933e+01 nan
4.087666134703599852e+00 7.875777708202333827e+01 nan
2.937533506727087129e+00 6.780432387969271701e+01 nan
7.231027209825077406e+00 7.053959987764106643e+01 nan
4.898203934212091326e+00 9.285171349486719805e+01 nan
7.966045149114396651e+00 8.397256251514161107e+00 nan
7.363841574024964309e+00 4.339345714526737119e+00 nan
3.666202280574412775e+00 3.351331119789662694e+01 nan
9.942113510956224198e-01 7.687046596538444021e+01 nan
1.739205932282268829e+00 6.248235599292738129e+01 nan
4.554777737464469345e-01 8.791658456788982789e+01 nan
7.914578247408563527e+00 6.594546993306188654e+01 nan
9.526187926833079800e+00 5.421264467934846465e+01 nan
9.176924070997469762e-01 5.901746823056799940e+01 nan
8.747057465619834105e+00 2.321886124216079850e+01 nan
2.534848327868334028e+00 1.225478643517506327e+01 nan
9.757221572363624418e+00 1.955098539519987355e+01 nan
6.334703532964594430e+00 6.323349058934266509e+01 nan
4.354188466781488742e+00 3.122618785243228601e+01 nan
6.723526615177727317e-01 4.048191304606456953e+01 nan
1.970008036228909409e+00 2.195559578823375091e+01 nan
6.235073924822756908e+00 6.171013631422423629e+01 nan
7.957240458066066502e+00 2.227590085112047191e+01 nan
6.357612416119354570e+00 9.493664989413457533e+01 nan
5.154562206181373396e-01 8.645039138954425439e+00 nan
8.302463894450943016e+00 5.683962592999633046e+01 nan
2.962631838566069487e+00 2.559109377757078718e+01 nan
6.600502227622770945e+00 5.261619936321156388e+01 nan
7.646946861047530852e+00 6.160152067469145720e+01 nan
8.015729242441033131e-01 2.656507310159026858e+01 nan
8.881617497104947745e+00 8.334477029828276784e+01 nan
5.757227537275516838e+00 7.852384793869177315e+01 nan
3.555021617214879193e+00 3.348002475838796954e+01 nan
1.511028939444607255e+00 9.899931171410477759e+01 nan
6.493978039388680124e+00 1.029430646051249987e+01 nan
6.197336240890542136e+00 8.919178413273476380e+00 nan
1.237067442926924832e+00 5.712046748841309807e+00 nan
5.211143949310771184e+00 9.099799891787030504e+01 nan
4.409103594149877736e+00 3.777705732001173544e+01 nan
5.896867282304987690e+00 4.908693799556633763e+01 nan
2.107180014991678174e+00 7.964918544941664891e+01 nan
3.006853595210054575e+00 4.189464190016345668e+01 nan
7.122289325075128019e+00 7.465809746494301180e+01 nan
2.462433861043600736e+00 7.039862851394781273e+01 nan
6.045557592931894320e+00 6.016812767882015578e+01 nan
5.215924609751585450e+00 2.742881108789342193e+01 nan
8.193864507104457573e+00 3.590642820103745692e+01 nan
7.127015571052149667e+00 7.747963346867693701e+01 nan
7.672166567875355447e+00 1.326220663319549509e+01 nan
2.549391892538119819e+00 2.722222263147594035e+01 nan
9.438869855359918404e+00 9.913530126223530203e+01 nan
1.994847860777467119e+00 9.806472425281452843e+01 nan
6.648756869268850345e+00 1.312179547033342075e+01 nan
1.968868603245966353e+00 8.957550964064451193e+01 nan
3.081294766206915892e+00 6.083875406930430074e+01 nan
9.729234129119888053e+00 1.508386741869900405e+01 nan
2.441361576525085564e+00 3.153711871311750059e+01 nan
5.607600271895907262e+00 4.309737853055028012e+01 nan
2.227570272241933491e+00 4.951049222326725641e+01 nan
7.413328295827106729e+00 6.006907064538235375e+01 nan
5.835973374739034547e+00 1.083943699926612680e+01 nan
2.910102215832552019e+00 5.495854185915556300e+00 nan
5.535097766767063554e+00 6.778752208312917560e+01 nan
2.424845345399984531e+00 1.347489298629633758e+01 nan
8.509796750654365027e+00 3.554484234197419568e+01 nan
3.433377136459226930e-01 9.232922728371751475e+01 nan
6.872752237403157771e+00 6.083551394725928674e+01 nan
8.864636559323882281e+00 6.979257383158906691e+01 nan
8.570377072510364513e+00 7.329673380460886278e+01 nan
1.447962046648197276e+00 4.149401031553049535e+01 nan
6.218906175018397597e+00 6.119764429107789283e+01 nan
7.576162325123105390e+00 4.304419240967541782e+01 nan
6.440948239846994383e+00 2.267941330018576807e+01 nan
6.887635483001520953e+00 1.984668982787602687e+01 nan
4.520412107765570120e-01 8.269937490850423956e+01 nan
1.081868254959692965e+00 7.790396404127212016e+00 nan
6.827907444665664016e+00 9.336608136288253590e+00 nan
4.782181696155500816e-01 1.381971936416033886e+00 7.304371892699281776e-01
9.575733799743870733e+00 6.028217023118681084e+01 nan
4.414095510639072906e+00 4.670405298309016473e+01 nan
2.567435478870753851e+00 5.208466654785536321e+01 nan
5.809327164119194586e-01 5.670239184021663448e+01 nan
8.989261690281203698e+00 9.046107003479822595e+01 nan
3.509580990925783350e+00 9.857261488728275367e+01 nan
7.661105682664434147e-01 9.960049369559547472e+01 nan
8.318986989004560684e+00 8.426988108315754289e+01 nan
6.928860596743386502e+00 8.206733597490499221e+01 nan
3.286462088478399046e+00 3.812332196257337813e+01 nan
1.049554678159483556e+00 6.015681085374400539e+01 nan
3.757364911641104754e+00 4.704170716126834151e+01 nan
4.357506505984314771e+00 8.032147627390912703e+01 nan
8.284191806301578476e-01 1.747252391111506098e+00 nan
8.629390240871334328e+00 6.823400556802836547e+01 nan
8.556226232756333872e+00 1.124366093083561324e+01 nan
8.015727304999733960e+00 2.392313849774570400e+01 nan
5.320010407045634437e+00 8.003153252635867432e+01 nan
1.796571428083730382e+00 8.621346323075309215e+01 nan
6.895341127407787596e+00 7.714918532589204858e+01 nan
1.680553755314424969e+00 4.707404502648806499e+01 nan
3.592109329569662002e+00 2.989798443934435390e+00 nan
3.101493783021843864e+00 2.407480322361258729e+01 nan
9.296438534120882835e+00 6.087059232683688492e+01 nan
1.840802186425283704e+00 5.124764213713744709e+01 nan
8.120543166813535052e+00 6.699903261508050889e+01 nan
3.369136127648851620e+00 3.442253925451139196e+01 nan
8.663936418273401330e+00 3.617037336288471039e+01 nan
3.303955915650736319e+00 7.654836371126677363e+01 nan
3.582439404007199402e-01 4.351921747218612069e+01 nan
7.017143796850738191e+00 6.319882177216864250e+01 nan
7.908173567163561124e+00 9.619100698801713634e+01 nan
3.855076396721131449e+00 5.818526433624852956e+01 nan
5.469946872181180808e+00 1.538048071852947452e+01 nan
7.310731738841384164e+00 2.795340249927778231e+01 nan
2.334630360654371461e+00 4.437843768048921334e+01 nan
4.112033031793900228e+00 6.126025017851416266e+01 nan
1.925058246883221358e+00 8.426935253078312371e+01 nan
8.006191542493038327e+00 1.190043958940532143e+01 nan
4.552903103136316076e+00 8.654159393062778349e+01 nan
9.465243284319114991e+00 6.231392033345304782e+01 nan
7.743300454583499359e+00 6.074680866567514670e+01 nan
6.134459686279803314e+00 8.637526768880023553e+01 nan
3.353794009252097030e+00 7.954607770786968501e+01 nan
1.909197898956827899e+00 6.506375038775620112e+01 nan
8.643656477503045110e+00 2.875991024092660808e+01 nan
9.230165990871093129e+00 9.438884677151213509e+01 nan
3.563503335327624644e+00 9.748921296321120167e+01 nan
3.605575778724079861e+00 9.991603898040966669e+01 nan
8.490367437103772730e+00 5.608178449293225754e+01 nan
1.095107544495563578e+00 2.475746660969146973e+00 nan
2.489410451496883336e+00 3.401414281021042285e+01 nan
5.102514357668375133e-01 4.710123278369083621e+00 nan
8.564331331464980934e+00 4.548485256646821995e+01 nan
3.159216320706820458e+00 3.345677062391200707e+01 nan
9.167405889132597352e+00 7.815962873911242070e+01 nan
4.260195185679815033e+00 1.337700009220368358e+01 nan
8.366781207209445625e+00 2.789618417335909228e+01 nan
4.328464915760828369e+00 6.418536965029763053e+01 nan
2.363251112290174927e+00 4.577497861598401840e+01 nan
3.795564283780924253e+00 5.692585685495885173e+01 nan
5.209943934269590571e+00 6.098344580953523320e+01 nan
7.613646508917652156e+00 8.299205854112939562e+01 nan
1.594334899707058772e+00 9.305314322569527974e+01 nan
9.375137833833587564e+00 5.749630252368915251e+01 nan
8.254618710371197210e+00 6.444850588443614470e+00 nan
6.799768183238781294e-01 7.443125338131094004e+00 nan
3.069482846368421503e-01 4.092508730467910283e+01 nan
8.838484974592244470e+00 6.785235066080586819e+01 nan
3.118870505633499768e+00 4.765239570211191023e+01 nan
3.646964666944087607e+00 7.801835552699996867e+01 nan
8.246590212570442446e+00 1.641887579054769120e+00 nan
9.946431330125015791e+00 5.903838784589838440e+01 nan
1.100972014045855429e+00 7.571294295739684799e+01 nan
6.370119406269519224e+00 2.627560832114945555e+01 nan
1.463719783553808718e+00 8.661387545718379499e+01 nan
9.371795500780237376e+00 5.071486622301256908e+00 nan
5.976144323662977875e+00 4.927140989681311112e+01 nan
5.341421467259644729e+00 4.330936364636840352e+01 nan
7.511552150750987700e+00 3.529770350108422861e+01 nan
6.876883142409779381e+00 9.061114446578386605e+01 nan
8.210609107191979561e+00 9.535479109926457397e+01 nan
3.765330522457440487e+00 2.345963298732472069e+01 nan
9.418661846560858919e+00 7.469838781535820260e+01 nan
6.708670085324948573e+00 5.333439080924893716e+01 nan
7.115035529674438308e+00 3.245752430599328875e+01 nan
3.999947037373667857e+00 1.863001244014747115e+01 nan
3.046250817200393257e+00 3.101336740555720795e+01 nan
8.529903846459365724e+00 1.008805076660281408e+01 nan
6.936714287666640111e+00 5.124494352738039993e+01 nan
2.387945147394983980e+00 1.704408140074329481e+01 nan
9.274865635002367270e+00 2.474140920702017610e+01 nan
5.422083660469459332e+00 1.328450970011800258e+01 nan
3.855740916931036377e+00 5.338278262867410717e+01 nan
4.282750400859845819e+00 8.766684776590759043e+01 nan
9.036721534715367099e+00 4.499522624721891617e+01 nan
9.044192522131883294e+00 3.731199791287655643e+01 nan
3.498300074494617995e-01 8.990059861941314523e+01 nan
8.505612322527817071e+00 4.865346589009087452e+00 nan
5.964723501771301173e+00 9.489697526414909490e+00 nan
9.657147178738231474e+00 1.725583176067583580e+01 nan
7.832195914621609134e+00 3.558762327457208130e+01 nan
7.425047091594650261e+00 8.339352011077777149e+01 nan
5.361219351549456391e+00 5.492563695573506521e+01 nan
5.821938781536489138e+00 4.776145833672422469e+01 nan
2.539574579267249721e+00 2.842419714507794737e+01 nan
2.547543411141117708e+00 4.007497199488565087e+01 nan
5.869405713384437284e+00 4.662030983582365451e+01 nan
7.820131073225382146e+00 8.832984056899832126e+00 nan
3.162107555111171031e+00 5.255540135638732124e+01 nan
6.944985143881341472e+00 3.234391570943980554e+01 nan
8.212194907936151145e-01 1.194678065062644023e+01 nan
8.637461695963907005e+00 3.757734264186770901e+01 nan
8.268535798754623301e+00 8.430337695131022713e+01 nan
1.754946810211683195e+00 6.510320779514232470e+01 nan
4.312741249771269381e+00 7.148565519276263558e+01 nan
6.549524811611676434e+00 3.222832197916041963e+01 nan
7.749408715447602347e+00 6.927168706224239259e+01 nan
5.355871618341220497e+00 1.144793726792423971e+00 nan
6.666527340937609125e+00 7.236510890324605327e+01 nan
2.822997113868776164e+00 7.213858393649003631e+01 nan
2.043122994947367266e-01 9.534263501593652279e+01 nan
4.214088007556310522e+00 9.316687999322464009e+01 nan
5.930227513550278218e+00 6.616766658406963586e+01 nan
6.494311509915878133e+00 4.407778743655638820e+00 nan
3.376638984197686266e+00 9.369913248056528232e+01 nan
6.193319048795815185e+00 8.833034130756603020e+01 nan
5.455220661240333335e+00 4.931418618516347863e+01 nan
3.426212914140975396e+00 4.953544979297845430e+01 nan
6.464700982185449085e+00 5.284488351411862084e+01 nan
8.992442057972253266e+00 9.037568802417351321e+01 nan
7.234157704842209213e+00 2.501636146566045937e+01 nan
4.078800994278764414e+00 6.762018414095031460e+00 nan
1.922646500581469020e+00 8.844367214975486036e+01 nan
9.958816556291910871e+00 8.312002138345899027e+01 nan
9.392324949188390448e+00 3.790403413258908216e+01 nan
9.731547205822801416e+00 1.552044742068386896e+01 nan
1.125960014125533037e+00 8.493881864368387369e+01 nan
5.670630407584165589e+00 1.229847089152657702e+01 nan
4.948741098298472529e+00 7.589474794844373662e+01 nan
7.488380144929918991e+00 6.400729713834537904e+01 nan
4.372595588019260404e+00 4.318542641426630269e+01 nan
4.752130663238920860e+00 7.814483571858017008e+00 nan
7.719855366198917324e+00 9.712048283543984439e+01 nan
3.694535817259205324e+00 1.091052748411958717e+01 nan
7.962234019716889932e+00 3.541420460389723956e+01 nan
5.076078987437564471e+00 2.730549749745337351e+01 nan
6.177365242273142876e+00 4.280054943762324626e+01 nan
8.521083570590558542e-01 5.762915422716822178e+01 nan
2.616224978566910053e+00 7.402125341051117857e+01 nan
3.241470250786336882e-01 9.317204325296157208e+01 nan
6.323295454166037111e+00 9.074358643775877908e+01 nan
7.543740896733044377e-01 2.086972713333471319e+01 nan
2.475172542254748809e+00 7.517167097134867504e+01 nan
2.592858493295345124e+00 4.125910884005171653e+01 nan
9.690422919925318013e+00 5.037839910876625282e+01 nan
3.508572484548700743e+00 7.497324492465534718e+01 nan
3.108260833124453004e+00 3.861652927986180828e+01 nan
7.360816274191296138e+00 1.436309342069163009e+01 nan
2.104918940467210398e+00 9.898486443442170923e+01 nan
5.605103480675834859e+00 9.651923297125586032e+01 nan
7.859446603559739231e+00 5.356342094943742893e+01 nan
1.451318572499876947e+00 7.798143822197394570e+01 nan
4.187463956123678166e+00 1.226610373297444845e+01 nan
3.529327345970591168e+00 2.704254553375904990e+01 nan
6.531842235411434494e+00 8.753607280313593364e+00 nan
4.562621406799693524e+00 2.963201134231525913e+01 nan
4.140369534227534842e+00 1.705463610192581569e+01 nan
3.507395341439522252e+00 2.823517517062443716e+01 nan
9.078395190574759965e+00 8.967494578535576011e+01 nan
1.294006287943363587e+00 9.411534765587038009e+01 nan
1.759868115801512811e+00 5.379483291588245919e+01 nan
1.771128373960087155e+00 1.059811867044202494e+01 nan
7.372032228733104375e+00 2.683426213256951076e+00 nan
3.474756171930349691e+00 7.051159538129374482e+01 nan
5.313545114446747597e+00 1.446427563624659562e+01 nan
4.076007412569363275e+00 7.193523905580043731e+01 nan
1.654329996710573569e+00 6.391924013627870949e+01 nan
6.204740038895000254e+00 2.271449676859829125e+01 nan
4.044140378263211488e+00 2.698487025488546820e+01 nan
8.559558463769599612e+00 4.132062738367705634e+01 nan
3.251976797336523006e+00 4.600535542985470627e+00 nan
2.759235976668711121e+00 5.645695657876075302e+00 nan
1.462549966595612538e+00 3.796170957250965472e+01 nan
7.942054434514313144e+00 7.319427919763624857e+01 nan
4.564225724067403789e+00 3.117454777220583040e+01 nan
7.858460497549939028e+00 3.545535366304002878e+01 nan
7.272542404706374697e+00 8.113767686377272526e+01 nan
3.966468151252137364e+00 7.442121805691110126e+01 nan
9.308623156049883107e+00 8.779093012494945114e+00 nan
8.718701922444955343e+00 1.512991116146194415e+01 nan
5.608991720597606978e-01 1.545636176629587411e+01 nan
4.699949526246220088e+00 5.477545880081991392e+00 nan
8.501842567877668344e+00 6.851713903337717682e+01 nan
8.538676685675802958e+00 8.920256051923202278e+01 nan
1.788779352792405852e+00 9.418926795293768350e+01 nan
9.490338661521814601e+00 4.460236841080527626e+01 nan
1.270585336273963861e-01 3.859511478980284949e+01 nan
6.775281346748925237e+00 6.648945396927102536e+01 nan
9.525572205159624772e+00 8.557200961840445075e+01 nan
5.926662962885215213e-01 9.703741511908991413e+01 nan
4.187261355734603896e+00 2.971195577641814722e+01 nan
8.012545209824395442e+00 2.230835871836329076e+01 nan
5.412165913443892640e-01 8.851706341194201855e+01 nan
1.866284915773245512e+00 4.735350923702363701e+01 nan
9.325325673716653441e+00 4.972285236722693469e+01 nan
7.044827198223915232e+00 2.800650918572630133e+01 nan
4.673692863617404214e+00 5.579508815837628788e+01 nan
1.321710817538030325e+00 1.784246630068596851e+00 nan
6.511071710517908784e+00 5.100051268207379529e+00 nan
9.914997335991060368e+00 8.365280233685530220e+01 nan
2.626481372498123523e+00 5.238938463203103169e+01 nan
2.692422430826935553e+00 6.232385292869422244e+01 nan
6.285138194972049064e+00 2.508543984697634244e+01 nan
8.133947163036950201e+00 6.301366868723371795e+01 nan
3.991910157930017800e+00 5.293240665113972909e+01 nan
3.801039468777860364e+00 5.553560398956928879e+01 nan
4.769443396806529734e+00 9.232972526675959557e+01 nan
7.771895768606606580e+00 7.693921037985815303e+01 nan
8.999304517715675189e+00 4.580036522498793516e+01 nan
7.175881948695817414e+00 8.500268222062862833e+01 nan
4.138252138151288229e+00 8.977152242576620367e+00 nan
8.161929736236960276e-01 3.578289922238926835e+00 nan
1.870858190198939175e+00 2.638616306250446542e+01 nan
9.563648616508915179e-01 9.540912654456603548e+01 nan
1.505820438819944984e+00 1.899887022347192556e+01 nan
6.156074820046636198e+00 3.845358187551182283e+01 nan
5.089768631952955147e+00 6.904755744688334573e+01 nan
5.107472755987017443e+00 3.603653263011336705e+00 nan
5.729404111524117660e+00 4.656463688280386037e+01 nan
8.706255430837202880e+00 3.789197262607394645e+00 nan
3.386751352170624951e+00 2.322090717587319730e+01 nan
6.335986918100234178e+00 7.614983609284827537e+01 nan
8.065635418073442864e+00 3.978132617899610146e+00 nan
6.478724250223848458e+00 1.764234590386999102e+01 nan
9.219525137160466954e+00 6.007391786328344097e+01 nan
2.970464511063287461e+00 2.293124825725058713e+01 nan
8.339891293328470567e+00 4.216556670122959360e+01 nan
8.048278718281117960e+00 5.755196710726929865e+01 nan
1.858078543504462887e+00 9.729517129541463305e+01 nan
8.207300556845815720e+00 1.792027919402991998e+01 nan
7.962648125967691115e+00 3.049321041963736434e+00 nan
1.879013033079017569e+00 2.244346032299540106e+00 nan
4.360309223330210315e+00 8.897786745947644960e+00 nan
7.101548037009925096e+00 3.252664746326159673e+01 nan
5.685616539535876868e+00 8.648865179810536929e+00 nan
2.783889657731872358e+00 5.446078904397690224e+01 nan
6.075151726714872469e-01 5.907032776763457349e+01 nan
1.228660053625830528e+00 5.140023857017767028e+01 nan
8.721677954149326339e+00 6.775077379118877730e+01 nan
7.088888934718616808e-01 5.301307250514389580e+01 nan
5.799623647508719948e+00 9.327795346696238710e+01 nan
3.175923917503467919e+00 5.534953362425847700e+01 nan
2.855642693217717909e+00 7.935321875063827690e+01 nan
8.938401053798690654e+00 2.933647834583907965e+01 nan
3.338595304684716103e-01 9.062784085453328942e+01 nan
1.099014196903790541e+00 1.906916001074235112e+01 nan
7.934615140340230965e+00 3.034555288961982455e+01 nan
6.268561337423181890e+00 2.443213025416810424e+01 nan
4.061279189050071459e+00 4.460399710326954903e+01 nan
9.102154910144528710e-01 9.313025480954789259e+01 nan
9.594876847491446981e+00 7.464211135026992849e+01 nan
9.200721455916530900e+00 8.272134183662610951e+01 nan
5.303071363449287645e-01 1.622250445361640914e+01 nan
4.318336127205660624e+00 6.023386736181457479e+01 nan
9.468503691967864455e+00 4.873350743130144380e+00 nan
4.486805534174971299e+00 9.331557960630642867e+01 nan
2.783797978483736335e-01 8.769959853612354550e+01 nan
3.169243993639580204e+00 2.811885449988256980e+01 nan
6.463922245377494491e+00 9.069719121469444190e+01 nan
8.530082245476046765e+00 2.660575515153272264e+01 nan
3.492351125448110771e+00 2.020623084539339587e+00 nan
1.771196867839437417e+00 5.305688366165016134e+01 nan
3.566935984821633543e+00 3.911143014859045763e+01 nan
5.359764188789899464e-01 3.297329000724150205e+01 nan
7.777798751862778026e+00 4.305392167941644033e+00 nan
9.035610854937392133e+00 8.530511451068859685e+01 nan
5.612429205018233169e+00 6.243199465382027569e+01 nan
8.140312161977702132e+00 9.194578908813444684e+01 nan
9.485404774269252215e+00 1.919022496658499222e+01 nan
8.571259638466028008e+00 9.631522437230073308e+01 nan
3.126835104735564919e+00 2.456997189514341073e+01 nan
5.650901257310956716e+00 3.818511634056283555e+01 nan
5.472430809222431414e+00 8.878680337613494089e+01 nan
5.677674588986249660e+00 3.219395743609052118e+01 nan
6.681026229062393185e+00 3.989555774619033990e+00 nan
3.479650811354343620e+00 3.370881985281038595e+01 nan
6.309358001993892628e+00 4.242299141657814943e+01 nan
4.689511852470110931e+00 1.606801996849149461e+01 nan
5.734786833098101333e+00 3.382283291769243050e+01 nan
3.307255282578770661e+00 8.064743947451948713e+01 nan
1.581892495960276923e+00 7.426797411092702816e+01 nan
6.566302687147997919e-01 5.903190836524907326e+01 nan
1.764758884738519829e+00 8.357623826894813135e+01 nan
1.902076100761249000e+00 7.460889858085957371e+01 nan
8.106112362904060120e+00 1.993754649291470926e+01 nan
5.181810171327958514e+00 6.091912845431632917e+01 nan
7.913862654605829050e+00 1.410597627744356330e+01 nan
5.369678477944226813e+00 5.282042935170438369e+01 nan
3.581947007907282821e+00 8.764951496775056228e+01 nan
4.209192911164225670e+00 5.151828873166867595e+01 nan
3.523825210693152243e+00 6.982112991665258050e+01 nan
6.991054889155342345e+00 6.427554315827340048e+00 nan
1.203240532753580228e+00 6.863198751858098490e+01 nan
4.061672457228677757e+00 1.827044794034521402e+01 nan
9.516303246009094607e+00 5.569908683926151838e+01 nan
7.705847029665109815e+00 8.289072488901673808e+01 nan
7.086327648943808732e+00 4.583439050851595908e+01 nan
5.256146082233281724e+00 8.261578306954010031e+01 nan
2.034080080606525343e+00 1.476032701797427649e+01 nan
7.113826259262837404e+00 9.619345224563186036e+01 nan
2.609794396537286509e+00 7.542435721904813306e+01 nan
5.833017041199197728e+00 3.168455477779113494e+01 nan
1.723861708743798404e+00 9.011817390692360163e+01 nan
6.485343471768664436e+00 1.311063187885295278e+01 nan
7.597187881400661702e+00 2.322843448435527236e+01 nan
1.033419668779624878e+00 5.379539283300072583e+01 nan
4.832176563724232210e+00 7.778198442909854293e+01 nan
6.405947986590939003e+00 3.871841674916038922e+00 nan
9.231155990954043489e+00 2.852875451181184729e+01 nan
2.764809918467298289e+00 1.663030957994542192e+01 nan
7.347161443956110594e-01 5.445271439865702234e+01 nan
6.042516987499684689e+00 1.239555532913697000e+01 nan
1.210926051348782506e+00 8.138213929740935271e+01 nan
9.200615638388061512e+00 1.518520675952104426e+01 nan
5.480197311686353601e+00 8.783478648468040717e+01 nan
8.109500721909409293e+00 4.868175872358917644e+01 nan
6.974081241734911174e+00 6.361141004987027969e+01 nan
2.317605107742680026e+00 2.348920900520010591e+01 nan
2.875153901700325143e+00 9.820064091911008575e+01 nan
5.460510790682407967e-01 8.602973998169677827e+01 nan
2.515003183911700635e+00 2.802985594019133586e+01 nan
8.658904010443928101e+00 7.364999711573182140e+01 nan
2.910137498426210279e+00 6.614536407956471464e+00 nan
5.238109736270001981e+00 9.641396873045874827e+01 nan
4.785549106987628143e+00 3.999339798375014254e+01 nan
8.770916928949361591e+00 5.388724179151581950e+01 nan
5.981771481537081492e+00 6.862307176244556217e+01 nan
7.468318148772491227e+00 6.759301342910932320e+00 nan
5.281369419829008649e+00 9.480582217970481906e+01 nan
4.019986646766009031e+00 2.309916695730453995e+01 nan
2.408859263530259920e+00 5.630646770634803744e+01 nan
6.576616262132908730e+00 8.017516016950581559e+01 nan
6.764189349858466649e+00 3.565230298180394186e+01 nan
1.817288566410317108e+00 1.554686395508221786e+01 nan
7.613293311795626295e+00 7.401194549312579340e+01 nan
4.529761522520976413e+00 8.762642289362489123e+01 nan
9.581855334537483060e+00 6.378360158628043841e+00 nan
6.166766694214790512e+00 4.578995004820736625e+01 nan
4.198639432991297937e+00 5.218132432501842999e+01 nan
6.883594627923479425e-01 4.354924561291520746e+01 nan
6.867838090380402605e+00 4.623773297966295814e+01 nan
2.334649008147464677e-01 2.567874783382075421e+01 nan
9.552646345055922694e+00 5.796567859736509831e+01 nan
3.440814247020648420e+00 2.600804343892237114e+01 nan
2.860470118405218365e+00 7.934388772318712313e+01 nan
6.972812876006496907e+00 1.185025856812049305e+01 nan
7.412068043862605649e+00 3.467413252856176342e+01 nan
6.374353600451970969e+00 3.154571323612430689e+01 nan
8.059596916539188527e+00 6.957694912976100454e+01 nan
4.823133442851076147e+00 8.560811161060537700e+01 nan
4.995802046188433820e+00 3.475374666792995271e+01 nan
3.403846209344767004e+00 8.824246786703575651e+01 nan
8.145854072358062581e+00 8.131014114183560082e+01 nan
5.277976593435965036e+00 4.684491454578351721e+01 nan
4.248255871988917853e+00 3.103649579965920680e+01 nan
5.217813811851210737e+00 2.816347255742644506e+01 nan
9.599703309093788661e+00 8.209356885666061032e+00 nan
6.952922383218015590e+00 3.942278265523953706e+01 nan
6.218495805888641037e+00 6.668007289886062949e+01 nan
4.185582063558534571e+00 5.774619281337933785e+01 nan
5.231624775387325066e+00 1.921240836723957557e+01 nan
7.488587049293243147e+00 7.499291687050548205e+01 nan
9.021164958540552448e+00 6.668789184691266314e+01 nan
5.540520074184668076e+00 2.477932492414306687e+00 nan
4.740083031090701837e+00 3.197184238369973031e+01 nan
2.013638381847160375e+00 7.170134805214887308e+01 nan
8.277990991602592885e+00 4.592831771335347923e+01 nan
3.588204181778087420e-01 2.173364042951731889e+01 nan
1.807175970365502149e-01 9.444851793075879698e+01 nan
9.028159749897584518e+00 8.011601468455592112e+01 nan
9.538033811541007267e+00 4.326420906000493005e+01 nan
4.600292860034006504e-01 8.426471693666803731e+01 nan
5.158747977421320741e+00 9.959453141105962359e+00 nan
2.667328272488462382e+00 7.962710432841973329e+01 nan
9.351624342105790078e+00 2.744908490125948575e+01 nan
2.773991067462052484e+00 8.876286105892883427e+01 nan
9.796257490098685849e+00 5.353907069702341914e+01 nan
5.417021150002989671e+00 1.063472944868504300e+01 nan
7.985777942767947835e+00 9.584845919750030419e+01 nan
3.615789885530116265e+00 6.010708456891589435e+01 nan
1.729865381005022851e+00 2.750223296947203266e+01 nan
9.995120626237676831e+00 3.835086381054426852e+01 nan
9.089260646405669775e+00 8.964447084572459801e+01 nan
1.703844651829625523e+00 1.224050527422723533e+01 nan
3.551793821800506734e+00 7.993707543538228322e+01 nan
4.375674782324522560e+00 6.926868863766486584e+01 nan
9.536069778239747663e+00 8.910684998336797946e+01 nan
9.421498268192005643e-01 9.824909989868007187e+01 nan
2.304856177102753811e+00 7.441342047535999882e+01 nan
4.980878786992598783e+00 8.034422412704753924e+01 nan
9.717311420401037125e+00 5.093073989972126014e+01 nan
5.510667342851145456e+00 6.217059567732856351e+01 nan
1.192460539196032565e+00 1.174813224595297889e+01 nan
3.859652419141720081e+00 5.801583023344918644e+01 nan
7.938964938039187125e+00 9.613446970649258105e+01 nan
6.393980936985068197e+00 1.130104884595052717e+01 nan
7.335402466949294542e+00 8.789429117660502300e+01 nan
9.428534978299209612e+00 7.286309250826911921e+01 nan
2.141739675993346914e+00 6.268371205523202860e+01 nan
3.196995044919482609e+00 1.296395140040207838e+00 nan
6.301055247352472577e+00 4.118910866521162006e+01 nan
2.665677768330774633e+00 6.394419942420293523e+01 nan
6.953519185480793396e+00 7.726632074878308742e+01 nan
9.695493482963755127e+00 4.382101897969364046e+01 nan
2.564506935806652344e+00 2.691330058518598634e+01 nan
2.850929100815701833e+00 9.822426486946268653e+01 nan
5.947683615112087985e+00 6.263498323742614815e+01 nan
3.788796240735131438e+00 3.678415508383541521e+01 nan
7.459882005830920093e+00 2.442011482483266249e+01 nan
2.854050479476437197e+00 1.713974584335621287e+01 nan
5.855978746961418402e+00 5.331714085621037214e+01 nan
9.159215900061690618e+00 1.898368786833881217e+01 nan
3.986323663264148554e+00 1.975242384933745043e+01 nan
2.180743491841889536e+00 5.308879926812973338e+01 nan
1.617201023305974705e-01 3.000335681516026476e+00 5.089827144616970722e-01
7.637528560156578550e+00 5.735860514960550205e+01 nan
9.847531213273855499e+00 7.278246014031122968e+01 nan
8.928624180467940263e+00 5.865672046919407734e+01 nan
7.319807809737516990e+00 1.548063526617937136e+01 nan
3.073698223996159218e+00 6.876919549226829531e+01 nan
5.164659418523096512e+00 2.939618885054274955e+01 nan
6.566651903792844358e+00 6.846915527335394813e+01 nan
9.841719331551258776e+00 2.378317834719020141e+01 nan
7.530109509464650408e+00 2.121036101327019452e+01 nan
2.138584925172274609e+00 2.803294223835750643e+01 nan
7.139207054229352423e+00 1.319713663613491050e+01 nan
9.752302884329409949e+00 6.991186859223932970e+01 nan
8.015395725987946918e+00 5.300498241783953013e+00 nan
9.867121485640442557e+00 2.782544850544151416e+01 nan
5.026919284604133509e+00 9.044190235699116442e+01 nan
5.923958492532926279e+00 2.453951534725833383e+01 nan
9.076943895184689026e+00 8.338583824583244564e+01 nan
6.727560450032739503e+00 1.145518617143201645e+01 nan
7.652541271405588930e+00 6.447357222978086888e+00 nan
2.669891413406386693e+00 5.773116428768862107e+01 nan
2.635826869412587037e+00 1.481586895586476693e+01 nan
1.539171557654485101e+00 8.092623304241124416e+00 nan
2.902015769476040674e+00 9.306321590165920554e+01 nan
8.094909494163234243e+00 2.877057080177844739e+01 nan
3.747612951850155305e+00 5.091107418625599124e+00 nan
1.360237258481716172e+00 9.888965016028532773e+01 nan
6.717379902280008253e+00 7.888761266049726828e+01 nan
2.214966806438130931e+00 6.665634688240488970e+01 nan
3.069819544931669864e+00 1.718788845687049482e+00 nan
5.209711054763221938e+00 1.269391991773546735e+01 nan
3.467971389100211743e-01 5.022950009414477535e+01 nan
3.767154679917384286e+00 8.021743799776325545e+01 nan
8.661477486575464013e+00 9.891873291557797643e+01 nan
6.419560702421864384e+00 6.282501268933025074e+01 nan
1.613292757699628099e+00 2.606872687703989300e+01 nan
4.761889564967345834e+00 4.059413048777267363e+01 nan
9.359961175467779171e+00 1.231525530213100161e+01 nan
8.450866055043853464e+00 4.538022795737628456e+01 nan
8.270693118287494983e+00 5.113433311618907595e+01 nan
2.001599706466115514e+00 9.296410122775304785e+01 nan
1.630409408614478917e+00 1.194763440526733334e+00 nan
6.400483776523016921e+00 1.378114598439899297e+01 nan
3.850294790069038520e+00 6.268296169530402295e+01 nan
9.787400670439283523e-01 9.929895836258509689e+00 nan
9.068212525814743685e+00 7.956075459475388811e+01 nan
6.788314735760622831e+00 5.827225631613106316e+01 nan
4.868670502244945908e+00 9.144609526932725885e+01 nan
2.884819886597417504e+00 8.811696911686074429e+01 nan
2.045806745930168091e+00 1.357569933123630790e+01 nan
3.084480832838878861e+00 9.725424173361712121e+01 nan
7.390714967828628801e+00 2.765129907604094228e+01 nan
1.743935845004351171e+00 8.010884784794349400e+01 nan
2.365743442184212508e+00 1.090413244076407651e+01 nan
9.497037298168729436e+00 5.083112564130122024e+01 nan
7.103122736797813808e+00 4.342302180721134164e+01 nan
5.605383707861406606e-01 5.015183749179477246e+01 nan
6.586063864895055353e+00 4.998482677717726119e+01 nan
4.207873191223175269e+00 2.158951718861756319e+01 nan
6.976824148829900096e+00 4.028927572016052494e+01 nan
2.747138165376886487e+00 8.821805691489808510e+01 nan
6.676072412327853201e+00 1.611561979220524776e+01 nan
7.962861319918602021e+00 1.357597993668816017e+01 nan
7.711409508243255218e+00 5.194951081461802289e+01 nan
2.588308555614974971e+00 7.536921229755105855e+01 nan
8.595761949897534393e+00 1.447175058938275249e+01 nan
3.696298025596593817e+00 3.735513946429278320e+01 nan
8.757064824496797684e+00 2.312452876279377634e+01 nan
4.197142704974290872e+00 6.079882554752852286e+01 nan
8.153453456609330630e+00 8.121205891094076890e+01 nan
7.551645873149007038e+00 2.676210850090660287e+01 nan
6.514643364926429925e+00 7.550609891122793726e+01 nan
1.391690889229012962e+00 1.212628514550003977e+00 nan
7.677456894466143211e+00 1.762014098878726998e+01 nan
9.301747815877364545e+00 6.320384050106158114e+00 nan
6.205153956590650388e+00 3.991427535359792955e+01 nan
4.844527833405134487e+00 6.816099597955819434e+01 nan
5.210949635224783272e+00 6.240398653919778127e+01 nan
1.557053831106059771e+00 8.843110754192295531e+01 nan
8.817574080152569493e+00 9.655790937410576191e+01 nan
2.763251558862444002e-01 2.873369619888368476e+01 nan
2.663376786247720895e-01 3.274179051714410349e+01 nan
1.323037315078261056e+00 6.893953478720901273e+01 nan
2.978324393678731585e+00 4.123241051807580959e+01 nan
2.004160085278169579e+00 7.064848362929657810e+01 nan
7.139797059718983263e+00 8.071014096447709107e+01 nan
7.804536879961115226e+00 3.652159217464626551e+01 nan
9.546668071714274006e+00 5.075807568955188742e+01 nan
2.465986633398672190e+00 1.855307120791804820e+01 nan
6.762870360969075456e+00 9.988446241128606573e+01 nan
6.981719982243046907e+00 2.795133478204232702e+01 nan
6.731901159204035423e+00 4.648268152254910035e+01 nan
6.553126847637332553e+00 3.013773696953157000e+01 nan
3.789763727361158185e+00 1.668442025720438693e+01 nan
4.946774922288478038e+00 2.002202216321939332e+01 nan
9.006301815968052793e+00 9.509488430982570151e+01 nan
2.375777972991337972e+00 6.322168092927826422e+01 nan
2.522701985988048179e+00 8.022928761461788838e+01 nan
7.408560325585550110e+00 5.066927447762748216e+01 nan
1.907539551386093324e+00 3.724647788253982839e+01 nan
3.481932554347520803e+00 1.715013803905839751e+01 nan
1.958442044882865440e+00 7.691642076981906939e+01 nan
1.391418052892954504e+00 8.739328358163474775e+01 nan
4.914268695541244902e+00 5.019692853988207304e+01 nan
5.958346931156743853e-01 9.188869990308094771e+01 nan
9.250809872367007358e+00 8.777851153013754981e+01 nan
6.461875148739784969e+00 2.378872784116828143e+01 nan
3.832376039781618893e+00 3.314854702330038805e+01 nan
7.366825357734116508e+00 5.507277712440825468e+01 nan
3.163919430568712610e+00 8.404409169366503818e+01 nan
8.224080576073902193e+00 9.106278167033885040e+00 nan
9.463099091568876631e+00 6.360042393170432007e+01 nan
4.139410579466038520e+00 1.734868491970483007e+01 nan
5.192931882639163277e+00 1.358929356844643799e+01 nan
6.209380206632272525e+00 7.424176217659656629e+01 nan
8.893775147616908683e+00 2.147100425226331932e+00 nan
8.978221462661574392e+00 4.356313058023159712e+00 nan
9.815757960625646206e+00 1.999007238560837507e+00 nan
7.958757368550950062e+00 4.055538761386036839e+01 nan
9.071635323345395463e+00 6.119598755115418243e+01 nan
3.608879386533669908e+00 5.057551512630643487e+01 nan
3.437513672725444724e+00 7.012643005109389094e+01 nan
3.150089262242913524e+00 7.802196453143682220e+01 nan
1.809230671864731077e+00 7.894107978375096479e+01 nan
3.792023924726875883e+00 6.589044147813568486e+01 nan
1.136860551986466961e+00 5.378286134160932619e+01 nan
8.655148848820426011e+00 4.613548289284290149e+01 nan
4.570913279216610725e+00 1.585705954674199880e+01 nan
7.957421912939878439e+00 2.842161121553565906e+01 nan
8.607620117742941446e+00 2.693636621674612286e+01 nan
1.040307418635956216e+00 2.219099709424222056e+01 nan
2.873202577519148093e+00 3.510826066655724986e+01 nan
2.635464677053427351e+00 7.843977766712639266e+01 nan
7.086633683359041314e+00 6.617243023583706929e+01 nan
3.282179963008702295e+00 8.198956348719273990e+01 nan
4.420935752387648021e-01 2.846844980929808244e+01 nan
7.905439962692401679e+00 9.171118904829538110e+01 nan
5.218094951802078718e+00 3.034357367140787076e+01 nan
8.856424912871037947e+00 7.843363088143037487e+01 nan
5.652393625784775111e+00 1.801177068084815147e+00 nan
8.312852344133116134e+00 4.445917740510723348e+01 nan
1.667552562460592247e+00 2.853661508560083249e+01 nan
2.928897631490150477e+00 9.722577146239535750e+01 nan
8.613503840032885606e+00 2.159024363387068490e+01 nan
2.734869815650488256e+00 2.542315803206683000e+01 nan
7.112766908386515041e+00 9.941225662053825829e+01 nan
4.954285516511194309e+00 9.089044578205896130e+01 nan
9.312170909778670236e+00 5.997111733656823418e+01 nan
6.592192405690115997e-01 6.552514056049052726e+01 nan
2.706874513328684451e+00 4.081544946309197286e+01 nan
7.929030127444219866e-01 5.292237255375244587e+00 nan
9.609576597369057893e+00 2.541487946103010032e+01 nan
7.838571955579723971e-01 3.421836548868350292e+01 nan
8.356115411250170766e+00 1.802072227034860674e+01 nan
4.457610175849501255e-01 5.855424901811579019e+01 nan
5.809071067125236354e+00 7.564612903539584465e+01 nan
8.629941989332696295e+00 6.781487790377063618e+01 nan
2.891469303929686596e+00 8.707690265335612878e+01 nan
4.978923358894902229e+00 5.970170599394469946e+01 nan
7.333289473094279920e+00 7.267281987142391131e+01 nan
8.242564196386195974e+00 6.285650156637242247e+01 nan
3.589840293607368338e+00 2.109724685701692692e+01 nan
7.513269287054284984e-01 4.570333561723368376e+01 nan
2.200239820671511470e+00 5.819619493932908938e+01 nan
9.786951875786328969e+00 2.737929563257633259e+00 nan
6.052179998407256178e+00 1.744455477444288150e+01 nan
6.916019700682910276e+00 8.525105590297418701e+01 nan
6.342475505229145050e+00 8.326687029360252268e+01 nan
9.209885708075693955e+00 4.193461852061937378e+01 nan
4.394863062320714775e+00 3.855108476232283010e+01 nan
5.053600910555132719e-01 7.982822397331256070e+01 nan
2.729395702247731648e-01 9.143625238181439840e+01 nan
8.218584546391255685e+00 8.774338875989036524e+01 nan
9.038278068067908677e+00 5.650684834909252885e+01 nan
6.253793754287437778e+00 9.299446423585031596e+00 nan
2.280909164337434070e-01 1.936947183857028776e+01 nan
1.396849718222432646e+00 6.095485300704052634e+01 nan
1.244373831680204212e+00 8.620702117588184876e+01 nan
8.159318797083459529e+00 6.943034801771747766e+01 nan
6.369177189541142425e+00 8.115855066055098632e+01 nan
2.274976647844770383e+00 5.796980703887480502e+01 nan
4.332583176449113616e+00 8.941018708918177538e+01 nan
6.802510929194404810e+00 3.843171095817728400e+01 nan
6.813562536312563367e+00 8.467793469458923994e+01 nan
9.431527278067973086e+00 2.062603274155704547e+00 nan
2.048505217797389921e+00 5.368065076200282704e+01 nan
7.869418578322838975e+00 5.885865679428255248e+01 nan
9.056868113982836643e-01 1.374757765332888049e+01 nan
6.921591396459485956e+00 1.135495607188005351e+00 nan
6.780433380870428017e+00 9.170742982785414199e+01 nan
5.333141171075678422e+00 9.652250380631434723e+01 nan
8.322223896670561061e+00 6.085509896368818517e+01 nan
7.124677285996743770e+00 5.319325995042399313e+01 nan
6.228300495275407300e+00 2.858411467133750605e+01 nan
1.508144704466467534e+00 8.339043574618091270e+01 nan
1.387900317773297920e-01 8.021522391509412842e+01 nan
4.525998968106571319e+00 9.681523028146710885e+01 nan
1.611453767428689121e-01 7.099423691904554801e+01 nan
8.291794531539183666e+00 8.497315521792408788e+01 nan
8.558182827161790129e+00 8.352619967366310050e+01 nan
4.421315559236109749e+00 9.276414278504303468e+01 nan
7.615877900368573927e-01 8.414787911838799062e+01 nan
5.757616366881261882e+00 2.706947108715006323e+01 nan
6.138656291029353618e+00 1.931125075685252312e+01 nan
8.928452750097006785e+00 4.101939586685053030e+01 nan
8.912647514826755213e+00 7.292446370840994518e+01 nan
9.979893017859815529e+00 3.142871995954381958e+01 nan
1.166421847080061136e+00 5.428860134909164969e+01 nan
3.623215522973855851e+00 7.463315170479791050e+01 nan
1.408048212951430012e+00 3.158509794882630928e+01 nan
6.491456496041261737e+00 1.661870480344770229e+01 nan
3.841061560417101006e+00 7.242061295319467185e+00 nan
8.727707859326240936e+00 5.527929079288103509e+01 nan
3.030161473908159486e-01 9.961749204698915605e+01 nan
5.806897341888956454e+00 1.281599517343816252e+01 nan
3.780276181824227866e+00 7.267057448548446530e+01 nan
9.438436644483678251e+00 6.060784401297599544e+01 nan
9.740877389564710498e+00 5.472252208395546802e+01 nan
5.800169915976402635e+00 2.931096985191942039e+01 nan
2.992400593083517801e+00 7.107888218614372988e+01 nan
9.945438897177082183e+00 7.340685200460013959e+01 nan
9.421294121712751490e+00 5.952626938158610415e+01 nan
7.717574550545169831e-01 4.364781103284086328e+01 nan
6.289072371041121379e+00 4.939718074496546052e+01 nan
8.716705071589483822e+00 1.928987322004296345e+01 nan
5.610570196493126494e-01 2.097987110173917102e+01 nan
1.752033554615808342e-01 4.874923557539405294e+01 nan
1.205674406991280451e-01 5.209781015455229181e+01 nan
9.573007917518561172e+00 5.616946998812944258e+01 nan
7.558958163570142830e+00 2.137491862515729224e+01 nan
3.652296286365424471e+00 3.339396839552101870e+00 nan
2.202126836520683362e-01 8.131348872190159227e+01 nan
2.068265078074412067e+00 1.832243806684339305e+01 nan
6.577155618624324518e+00 7.194359102559883468e+01 nan
3.620201951622987302e+00 7.503242143784062534e+01 nan
1.292110559220195798e+00 4.773747700836010210e+01 nan
1.823342169354627229e+00 9.442276500571779252e+01 nan
3.944798398702300535e+00 9.958606664154581267e+01 nan
3.691259700804571331e+00 8.568827229445847138e+01 nan
9.852976982080740243e+00 7.210261336784805053e+01 nan
6.099088581756231697e+00 4.955578341757687610e+01 nan
2.276114556844719417e+00 2.012538259797680595e+01 nan
3.570715238849845097e+00 4.421879816640847594e+01 nan
4.455772240438551357e+00 2.589423841773432855e+01 nan
7.782923973186353095e-01 4.899411939887344403e+01 nan
3.583175921095479222e+00 2.184016896907269967e+00 nan
2.674924749150696002e+00 1.548793812320598384e+01 nan
2.657966563728160203e+00 1.255310287076077280e+01 nan
5.805525526764659716e+00 1.843378571508545605e+01 nan
3.359206110737612327e+00 1.110294842940150062e+01 nan
8.135250273631955409e+00 9.138550352749021499e+01 nan
4.615917767014535045e+00 9.019588151504191842e+01 nan
2.672757018657287542e+00 5.234730814547515365e+01 nan
9.161647613083708563e+00 4.749075665853533934e+01 nan
1.034724352007439396e+00 7.484994921438784843e+01 nan
3.336960583388539181e+00 5.400956302228991746e+01 nan
8.068037958004165233e+00 1.547644844676187503e+01 nan
2.533361299683021262e+00 8.845736989540290551e+01 nan
4.873681854265079494e+00 5.750254931897443100e+01 nan
9.912241634732856355e+00 5.849236537127054270e+00 nan
2.182528780297670945e+00 6.240387214205920685e+01 nan
1.880655980803132898e+00 6.001365301886919212e+01 nan
9.149826280956325775e+00 5.384728582101301697e+01 nan
8.163775458926535222e+00 4.284808547205710738e+01 nan
2.002430003327086094e+00 4.238662431616736370e+01 nan
4.861941456522342442e+00 4.338603647060456581e+01 nan
3.705993073062695320e+00 9.638766241025374271e+00 nan
1.349097625701994208e+00 1.145094468847885949e+01 nan
1.762474061425074678e+00 4.123070607323225545e+01 nan
4.077994922149644985e+00 1.956574935805938509e+01 nan
8.704725085737637258e+00 2.736964997401613431e+01 nan
2.929975808530843828e+00 3.503926858627263385e+01 nan
4.107419574201475854e+00 7.672035003239916762e+01 nan
6.810117101779001203e+00 6.377784774860928962e+01 nan
6.062717891816903126e+00 8.501516580061876027e+01 nan
9.517131041357598242e-01 7.692002491352084803e+01 nan
3.941127483560488143e-01 9.397511581172487638e+01 nan
5.224608248268548527e-01 1.673207861916793604e+01 nan
8.033816259378157909e+00 4.590134797954705803e+00 nan
9.616594544301387160e+00 3.340314511213347881e+00 nan
4.302878587639800578e+00 3.675316148928101967e+01 nan
2.506985507513494582e+00 8.628728557625530016e+01 nan
4.302170765326627233e+00 6.493398480355710944e+01 nan
8.502567064051863355e+00 9.628824306358066565e+01 nan
1.894668628799630605e+00 2.534896757683439006e+01 nan
8.977441372797159147e+00 1.830274313958244292e+01 nan
8.827327970554804892e+00 5.868135187229972161e+01 nan
1.081335514045749235e-01 1.712892418635076197e+01 nan
8.625507802213325803e+00 7.120468888829074672e+01 nan
2.584669793702522256e+00 4.719377795931075781e+01 nan
2.774922515251060595e+00 3.080181796782584058e+01 nan
6.505973617620794958e-01 3.496015142046960733e+01 nan
9.350656692756150079e+00 9.250615001345960309e+01 nan
4.067942956635053342e+00 2.589024394554420994e+01 nan
2.741906308488937682e+00 2.216539241138990235e+01 nan
4.657252433198856956e+00 7.643166857471377362e+00 nan
1.861581499561965503e+00 9.862350890044960749e+01 nan
4.063141461347359318e+00 2.587154788386163062e+01 nan
3.219410901939157910e+00 6.763808625014419817e+01 nan
5.845909454408836581e+00 2.962264533933549870e+01 nan
1.219983274650216387e+00 9.248262813560099005e+01 nan
1.858284207882083150e+00 6.479468549169546066e+01 nan
5.082908342527516776e-01 7.529828804136360532e+01 nan
3.971573943579664867e+00 3.414484971416904102e+01 nan
1.591204700638484404e+00 4.587667007839112898e+01 nan
5.579511907065127119e+00 8.740491696149665302e+01 nan
1.567818664352703673e+00 9.534020288106179919e+01 nan
5.277903942356717337e+00 9.378316136807140424e+01 nan
7.982737566144958663e+00 1.178928179104181950e+01 nan
3.815064648530386293e+00 4.637782152664267699e+01 nan
3.132851489634036479e+00 3.894873938476160191e+01 nan
4.904575562739743155e+00 9.104017727683063299e+01 nan
1.929275268559071499e+00 6.664225520226864319e+01 nan
7.554180924672330155e-01 5.881597107949052372e+01 nan
8.666000384276619783e+00 8.522692997431485651e+01 nan
2.468795295115369992e+00 1.715323949635207867e+01 nan
2.966932789882286148e+00 1.106472883637774984e+01 nan
9.919078256641999047e+00 2.927417227105928887e+01 nan
5.862704574531269586e+00 9.291626755593082976e+01 nan
6.345185807268453715e+00 4.195090401683452086e+01 nan
6.744743058869130614e+00 5.100735114628939471e+01 nan
4.188789861743148712e+00 4.633732497996321342e+01 nan
3.076381920898290545e+00 3.613873944726855569e+01 nan
3.023606890852594820e+00 8.626122516221897740e+01 nan
9.853395311074391927e+00 5.019078693492140530e+01 nan
1.707125177922067527e+00 3.009175213978398933e+00 nan
3.762120835383042650e+00 9.699633841397954370e+01 nan
3.458504402642778253e+00 2.587461182357343858e+01 nan
2.008099219664507107e+00 4.289256010036399402e+01 nan
7.973167495605440358e+00 4.119446017393887871e+01 nan
3.528751596244227517e+00 7.584117795702502463e+01 nan
4.339764021444984188e+00 7.911910879716327827e+01 nan
9.247587615476293266e+00 8.595893156223696963e+01 nan
7.368679775477701810e+00 3.086519075538092594e+01 nan
3.772367723592605859e+00 2.735263680530057329e+01 nan
6.365902791842634301e+00 8.570791211633255102e+01 nan
6.560767149090014350e+00 3.043922407685239051e+01 nan
6.116767047183779837e+00 4.599517287444913194e+01 nan
2.557833192306939729e+00 7.760959182980298010e+01 nan
2.971646828860022183e+00 9.268686934434256841e+00 nan
1.758167170500456677e+00 3.790660728583321770e+01 nan
7.062227628251315004e+00 3.969098215074160407e+01 nan
9.813162625475959189e+00 6.980535539523806676e+01 nan
3.480625288795887950e+00 1.641040373975918243e+01 nan
3.374999467744341786e+00 8.128510666778939253e+01 nan
4.297391788424015147e+00 5.770448371328771486e+01 nan
4.801032463730359190e+00 1.537544532120157514e+00 nan
1.797392034489907253e+00 8.379851419983150151e+01 nan
5.602053639839783550e+00 1.838804396274192499e+01 nan
5.426728953750381557e+00 1.368261365978640320e+01 nan
3.820342473237682945e+00 7.767407280008254133e+01 nan
8.434895946464447292e+00 4.011264621971496069e+01 nan
8.811881382363955240e+00 2.021515102919862983e+01 nan
9.105569940967750853e+00 6.881319199515371565e+01 nan
6.155704100575800197e+00 5.452100063770022587e+01 nan
3.102319219575728759e+00 4.342492063103473043e+01 nan
7.171920904387035556e+00 1.598184172676786119e+01 nan
7.503749325585213015e+00 3.947479015424678295e+01 nan
5.171749898421328595e+00 1.702605046218163665e+01 nan
6.701003468873282465e+00 9.073405429738470218e+01 nan
4.496330563957585014e+00 2.870644076578239279e+01 nan
7.846118688372512473e+00 6.983566463109870881e+01 nan
3.202441443498660334e+00 2.097286278952300620e+01 nan
8.927740008616442680e+00 3.865657727581007919e+01 nan
6.963151204509363978e+00 7.676532502644090528e+01 nan
1.376685714388349080e+00 5.403935977324661621e+01 nan
9.013862179327132296e+00 9.207021807352666087e+01 nan
2.187160307456765818e+00 2.422605011108917239e+01 nan
4.975067238673115178e+00 8.192135614509244590e+01 nan
5.899529455555605928e+00 9.274119430021791288e+01 nan
2.587363277652265925e-01 1.288865668377010643e+01 nan
9.133297754751851016e+00 3.700001696987704491e+01 nan
7.508470368183663979e+00 7.083807498109713663e+01 nan
5.110557303359679615e+00 1.148076238299067242e+01 nan
8.116838139374220606e-01 2.569085392598970685e+01 nan
5.407933146861241269e+00 1.428933524373728048e+01 nan
7.311049773113409422e+00 2.889001379271772763e+01 nan
7.662084855969715669e+00 4.513920580818779626e+01 nan
9.591601790803862215e+00 3.375119034641057425e+01 nan
5.259278911036680881e+00 6.194625467977260058e+01 nan
1.424082141021822734e+00 5.090210165829991240e+01 nan
2.673967871653389228e+00 9.527299575105551810e+01 nan
3.215861761414596565e+00 3.812389719793432619e+01 nan
8.169595389074265412e+00 9.322420493670982466e+01 nan
9.381637801789612041e+00 7.448692858614677448e+01 nan
7.825933009980241550e+00 2.462514545713977299e+01 nan
2.965784022940896936e+00 8.327038669496552359e+01 nan
8.430844276580112151e+00 7.951098358477226213e+01 nan
9.503406130368265536e+00 1.282669815890992382e+00 nan
7.165026327381276872e+00 4.166097138040348824e+01 nan
1.378766336203323783e+00 4.639133024393865412e+01 nan
6.803621076123713252e+00 9.887003988994793247e+01 nan
7.017333461068226974e+00 7.231013401909021354e+01 nan
2.453726602251160571e+00 8.775269440764057549e+01 nan
2.170305248305714141e+00 1.977734470995615013e+01 nan
8.249841100573835462e+00 7.999378731457157699e+01 nan
4.951026381500374995e+00 1.891764627129346721e+01 nan
6.886070178789150731e+00 5.830126857520248507e+01 nan
3.489831983841621632e+00 9.961715449283418877e+01 nan
3.500270244050495361e+00 1.340765502416750365e+01 nan
5.974073086684270617e-01 1.677881377367397508e+00 nan
1.123834975247921752e+00 8.776289528221303726e+01 nan
1.142907584596819959e+00 9.139600939077395481e+01 nan
8.032909045827928196e+00 3.543611097612457073e+00 nan
8.420205270425803690e+00 8.361467944753300685e+01 nan
1.416551373130854552e+00 5.010124912577762757e+01 nan
4.715817292219306900e+00 9.808724321640053745e+01 nan
1.779923596825904619e+00 7.612923111399267384e+01 nan
3.622147716170824427e+00 5.556565723149894609e+01 nan
3.528963435577110452e-01 2.822678833675749743e+01 nan
1.406344924008420039e+00 7.672844824695600607e+01 nan
7.092372202611292309e+00 9.695677322557682487e+01 nan
5.409825618881683340e+00 4.278670429888140347e+01 nan
2.984994505439826362e+00 9.431716844462206950e+01 nan
8.153914613992107263e+00 6.058764788984707650e+01 nan
8.712064768769078427e+00 4.782785199045983759e+00 nan
2.473090945044767341e+00 8.738188145864906176e+01 nan
1.205125196024636525e+00 9.793992501677269047e+01 nan
7.453158573924796304e-01 4.468403129631717974e+01 nan
4.648315527519412349e+00 9.300320548585450098e+00 nan
3.429594999184934156e+00 9.970243234266237664e+01 nan
6.812087205306959881e+00 2.782059008705449532e+00 nan
8.072163702323857493e+00 6.061442739342746933e+01 nan
5.085345288107806283e+00 8.530641835039203613e+01 nan
5.084124741624161281e+00 5.689047916183915987e+01 nan
3.083296251765899942e+00 7.837873347360448406e+01 nan
7.100367681035408829e-01 3.930241712954754263e+01 nan
5.030643761774791223e+00 2.362285457130378408e+00 nan
4.468641426113741488e+00 2.365051558969128820e+01 nan
4.038834564362979052e+00 7.123819690381766101e+00 nan
8.607737859898692889e+00 7.666941837070180554e+01 nan
1.617726787199537775e+00 3.013764882356221264e+01 nan
2.639371362620299699e+00 5.718296392864217381e+01 nan
1.476346491770479608e+00 9.896341857398181219e+01 nan
1.478735938172814457e+00 7.374356907855153409e+00 nan
8.317934193159572942e+00 9.887089618017522241e+01 nan
9.530897115718024892e+00 7.596016382179494997e+01 nan
1.095751791125554764e+00 4.587753533866566613e+01 nan
9.315123995637470955e+00 4.402879183079294734e+01 nan
7.403588068983729009e+00 8.861865271186266568e+01 nan
5.735284580552861833e+00 2.713756045513032333e+01 nan
9.924044853252187437e+00 1.154721894852939634e+01 nan
3.811737900156012326e+00 4.750200597588787588e+01 nan
9.397272909989093037e+00 3.551064853992217163e+00 nan
2.336428181788048786e+00 1.597102700786600771e+01 nan
4.363163531281630370e+00 8.236295051917501553e+01 nan
4.464663397603603201e+00 2.157750321276508743e+01 nan
9.588447078086662856e+00 6.500504919555842775e+01 nan
8.239511924812290999e+00 3.841513209503262516e+01 nan
3.517484860211893771e+00 3.551628780135916230e+01 nan
8.996912541585071921e+00 7.080985571095790476e+01 nan
3.658245653751752702e+00 9.899708700256103100e+01 nan
7.121903635070398586e+00 3.054037050037753787e+01 nan
1.471754101633579559e+00 3.812446541477000039e+01 nan
5.116221131527929344e+00 1.289734870230203612e+00 nan
8.110054254828829912e+00 1.425611511467844217e+01 nan
4.407639465825928804e-01 4.634481037419669214e+00 nan
2.902913070031563070e+00 1.817835966746272547e+01 nan
3.003179588100141295e+00 2.723745415095252653e+01 nan
8.446522967033674334e+00 9.425864147226374712e+01 nan
9.126500540106281534e+00 8.704081733190913894e+01 nan
1.200489670609090176e+00 7.236527489795302870e+01 nan
7.516557815423970723e+00 2.474281664402510827e+01 nan
2.681220036423021202e+00 1.306773175482096860e+01 nan
9.062872944974833089e+00 8.945468997770321096e+01 nan
4.474765090086872732e+00 9.751442003936226399e+01 nan
2.197032841377175583e+00 2.532162813035991888e+01 nan
3.227653884167952736e+00 7.339217274541204006e+01 nan
6.307834731769206726e+00 4.683056859176521414e+01 nan
7.350242487830545457e+00 4.895210434657592202e+01 nan
3.169145347983202576e+00 6.050107394010339590e+01 nan
5.300352126457394952e+00 1.993142151288965280e+01 nan
9.238762774983012349e+00 1.868065452850479957e+01 nan
2.872160093350681453e+00 3.516451373500424182e+01 nan
2.947368642966580410e+00 2.941288240195802928e+01 nan
3.708894629963220169e+00 6.476569534354899815e+01 nan
7.567480015217803668e+00 2.896873731680485875e+01 nan
7.775165509616506654e+00 6.819107173433593516e+00 nan
8.658266605758385026e+00 7.172015890465574728e+01 nan
9.534711825713028333e+00 8.886917373398426889e+01 nan
4.918003599367610335e+00 3.070265395658547547e+01 nan
4.898363817759789463e+00 2.974814487977344513e+01 nan
8.918701262983750766e+00 5.578934155956251573e+01 nan
3.619434061363983268e+00 5.545873416307868098e+01 nan
4.365787642341127928e+00 4.359982203864073824e+01 nan
6.367176249986109760e+00 9.937114030611464699e+00 nan
5.244204690345315889e+00 4.618630470771302043e+01 nan
7.489357877178849598e+00 9.691044931286856468e+01 nan
1.977169357594889654e+00 2.926492017254130218e+01 nan
3.629143226755233709e+00 9.638769598644185521e+01 nan
6.538211247107768465e+00 7.741083890300581061e+01 nan
4.241660997545209533e+00 2.172507768781288817e+01 nan
3.915704057420676509e+00 1.161813166057865843e+01 nan
3.749733787705804566e+00 1.424584513151392962e+01 nan
3.678404623896219583e+00 6.972716384286570701e+01 nan
1.306159565265869960e+00 7.213149337183592991e+01 nan
4.188577733487186094e+00 2.252853736989533928e+01 nan
8.002666172299600644e-01 4.460185146943452850e+01 nan
6.687795321396535542e+00 5.988243526017402019e+01 nan
8.376884569685266513e+00 6.380183104298803443e+01 nan
7.227319163612301089e+00 6.238107444954221137e+01 nan
1.381624433281840147e+00 8.926925207466547363e+01 nan
4.599772136666478772e+00 2.029701631758456415e+01 nan
3.483222921193098731e+00 4.625221794045220491e+01 nan
4.630745656290335965e+00 5.167115257519511573e+01 nan
4.428831515345834191e+00 7.122805522245705845e+01 nan
4.828238653114520496e+00 1.791791686195012945e+00 nan
3.236796630364793703e+00 5.123425624576255899e+01 nan
3.484752275705193636e+00 6.939113574340471757e+01 nan
3.128007723560391362e+00 9.222100460273345846e+01 nan
7.263068164991691056e+00 8.122200885497481693e+01 nan
9.065490089542027619e+00 4.199609803108796058e+01 nan
5.094681742834859861e+00 4.982478353512067315e+01 nan
7.048555155939592254e+00 8.100832338816087486e+01 nan
4.281404581474919091e+00 7.048683147321997922e+01 nan
3.095250667886213503e+00 8.762828914687077031e+01 nan
3.677938749820604425e+00 2.108729914881966394e+01 nan
4.484440908493953160e+00 9.334913025415136190e+01 nan
5.309864254387487215e+00 4.830021473936528764e+01 nan
3.460489144008108031e+00 8.969942121414248959e+01 nan
1.720088699878552285e+00 2.050543863388250543e+01 nan
6.344544492192135010e+00 4.333044974674924532e+01 nan
5.480741663040414657e+00 4.704766308673995212e+01 nan
5.194393409452550792e+00 9.618781187136274013e+01 nan
6.587333592857780751e+00 8.829773451151031338e+01 nan
7.634267739483824755e+00 1.257559284258078414e+01 nan
6.239397608390190086e+00 8.331574631410371978e+01 nan
2.893837140281332765e+00 4.901771997998687169e+01 nan
4.634623010940570609e+00 1.055040544670669789e+01 nan
4.601214450928580391e+00 5.490223031180899937e+01 nan
7.641949403263140539e+00 6.291550555735966554e+01 nan
8.389014547192831017e+00 6.604420909601458334e+01 nan
9.687907260617693694e+00 8.664558670374862714e+00 nan
3.984832976045918240e+00 1.897877480029547570e+01 nan
4.473451778342171004e+00 1.578094869017846769e+01 nan
9.280648053038417444e+00 4.121687932337156468e+00 nan
8.490139700087086183e+00 9.698542313572045259e+01 nan
3.458131555077322172e+00 2.637528559348865098e+00 nan
6.953490983682558024e+00 3.163853142244998651e+01 nan
7.207157044192666895e+00 7.873954778674290367e+01 nan
5.126044907753525059e+00 5.094028460391458424e+01 nan
2.089110227794550578e+00 6.145285200385342961e+01 nan
4.267404081410179018e+00 8.247558934895751293e+01 nan
1.280191132982457791e+00 9.789444800591419948e+01 nan
3.747533142141644014e+00 8.357953400104189257e+01 nan
5.683986506792158000e-01 6.392193849858240462e+00 nan
8.871894285476402686e+00 7.391094367002061460e+01 nan
2.122215760475244295e+00 2.165125513359858189e+01 nan
1.057589330727540133e+00 6.676901275461707641e+00 nan
2.230105444075380472e+00 9.850265822690363393e+01 nan
9.576266499859881876e+00 7.981261338789542492e+01 nan
4.222765208210703669e+00 7.214216844771110004e+01 nan
5.615335324190343869e+00 4.643007973280614920e+01 nan
6.520493822455371014e-01 3.529452221455937178e+01 nan
7.588373042630647269e+00 1.228089508502883476e+01 nan
3.569416395283271370e+00 2.634053156472388579e+01 nan
6.047545312053594024e+00 9.139238661698388455e+01 nan
2.925183405521557312e+00 5.009818268363417104e+01 nan
9.525671139883455041e+00 6.077871477952735191e+00 nan
6.812071081216804380e+00 7.679515511068609612e+01 nan
6.571476551056492532e+00 5.301807536872849624e+01 nan
3.855222738761049150e+00 1.029360980194550201e+01 nan
4.280170697586434869e+00 6.368172023708054041e+01 nan
2.576802180715313195e+00 6.485176823784820499e+01 nan
7.434531352004999372e-01 2.070265900127525072e+01 nan
4.342490708741820526e+00 4.528895578236100761e+01 nan
8.074912935971454431e+00 7.656796809648638202e+01 nan
7.867795560177066605e+00 2.990768422266580373e+01 nan
2.136946686434594067e+00 9.620062057509495901e+01 nan
9.352275014116276708e+00 6.197171487158244929e+01 nan
7.324630322217458023e+00 1.514808014664166613e+01 nan
4.680451970112684101e+00 5.399480006837340085e+01 nan
4.918820174902075237e+00 2.127018445719341955e+01 nan
1.043965104502374563e+00 1.100980364368508191e+01 nan
6.795680852484657031e+00 3.554638548416311750e+01 nan
8.044588176624094089e+00 6.668043995005614022e+01 nan
1.107486716999398713e+00 3.536804222981198365e+01 nan
7.019903534815776780e+00 5.066911649593411227e+01 nan
6.175608807607311235e+00 8.855749226659324336e+01 nan
5.291609824937754780e+00 8.270657112442485470e+01 nan
5.132663178531767123e+00 7.974886020276740339e+01 nan
1.912898982038343521e+00 3.198024123364721305e+01 nan
2.343432451364103886e-01 5.730439307625933054e+01 nan
3.343528124953944136e+00 1.064360742076286037e+01 nan
8.135956519669109710e+00 2.692060394844352089e+01 nan
2.552903507585359222e+00 6.910232839909858171e+01 nan
1.467110074950810361e+00 9.269888848418803207e+01 nan
6.193403416986956067e+00 8.951520519967057510e+01 nan
2.344851646945459667e+00 4.517362343631072363e+00 nan
1.600460010366862029e+00 3.168503654278761061e+01 nan
8.288737338796494214e+00 2.595587232977107206e+01 nan
8.648845710894045524e+00 9.436082400398532855e+01 nan
8.493325869429606101e+00 5.259563484643152975e+01 nan
6.628407754952776010e+00 2.193053477514710892e+01 nan
9.885974526075612445e+00 2.131155369830569413e+00 nan
1.696987333686622357e+00 2.360071057720210774e+01 nan
3.990651922971074628e-01 1.912257795300263652e+01 nan
3.166002091853129308e+00 2.426281840154076264e+01 nan
8.317924003436949931e+00 4.679182444669956453e+01 nan
1.163888634664205224e-01 9.007618652192964248e+01 nan
2.175444219224381026e+00 9.325028855313981069e+01 nan
4.180979123651473728e+00 4.015927286664314266e+01 nan
4.202334028264657739e+00 3.453297122403984076e+01 nan
6.902076498442271557e+00 8.922600328185541230e+01 nan
3.577306489734298101e+00 6.818508220619084170e+01 nan
7.213137467894106258e+00 2.974748160443750677e+01 nan
2.612383408056988099e+00 2.880646240383720880e+01 nan
6.058195127709086414e+00 2.230846482181442525e+01 nan
5.346600688529438372e+00 5.698146003882206045e+00 nan
6.991203426946431598e+00 6.841653144456637747e+00 nan
5.108164202966395173e+00 1.191021971477269226e+01 nan
1.469241297299843430e+00 8.267284187200387180e+01 nan
5.659577536288773025e+00 5.175545098709388725e+01 nan
2.667700149983746272e+00 4.452670063986530380e+01 nan
6.821440315451770431e+00 6.658562302541753297e+01 nan
3.640574849444965455e+00 5.548274867513819686e+01 nan
4.175322328289452933e+00 2.460637419763323663e+01 nan
1.776233140322742932e+00 1.979388622113442509e+01 nan
6.340990254642433488e-01 9.054288541571641247e+01 nan
1.983059916954948321e+00 6.573367654363812562e+01 nan
9.785716862306472308e+00 4.176708169302079199e+01 nan
3.047600982589977914e+00 9.487666289062660496e+01 nan
1.441631893467703263e+00 3.706583191179493042e+01 nan
1.182594094507855020e-01 4.698253817824410206e+00 5.829314372732925520e-01
5.867248760059205814e+00 8.496510131463219295e+01 nan
6.343548523552819063e+00 3.156353186254475673e+01 nan
5.912375926822962535e-01 7.931543943100460403e+00 nan
1.428704607359568834e-01 1.284704306554553099e+01 nan
1.372458905546814822e+00 8.410807206055504537e+01 nan
4.226836806057266749e+00 1.332367890460269422e+01 nan
3.782410028535200919e+00 5.609130231628731167e+01 nan
2.400713723606778149e+00 7.418283669726035612e+01 nan
7.397707674619257823e+00 8.926332064619192863e+01 nan
8.433988195544134925e+00 1.259033737524527830e+01 nan
8.190988410721338653e+00 4.764004987021461091e+01 nan
4.489201135712300506e+00 6.649061231675536021e+01 nan
7.485968595979741735e+00 9.048122825974007810e+01 nan
2.910608401762045716e+00 4.859614263421673286e+01 nan
3.875944880822776106e+00 2.596949271984337315e+01 nan
7.558304747161494141e+00 6.121967991466014780e+01 nan
9.913376966056283379e+00 3.543610868187935381e+01 nan
8.702425231512565418e+00 6.970315966334453606e+01 nan
6.701549445179153963e+00 2.270544159097408965e+01 nan
9.179322767064117983e+00 7.679103358720804806e+01 nan
1.722938483493706485e+00 6.081696400238806177e+01 nan
3.049269541966754815e+00 3.197194591110429940e+01 nan
1.796136205255949969e+00 9.553646562678460441e+01 nan
3.727250275377663069e+00 9.342735116182676336e+01 nan
9.747427522597115868e+00 6.435962023279918753e+01 nan
6.399086276354192471e+00 7.432876527910438824e+01 nan
6.955444144408658325e+00 3.377175936922760968e+01 nan
7.369596144850368624e+00 1.514907227778503795e+01 nan
7.625794342266254411e+00 3.865707420321801813e+00 nan
1.840442220818592656e+00 2.361777012206164628e+01 nan
7.137956069496387279e+00 1.772660662063428205e+01 nan
5.949422967216633218e+00 8.016377034208261421e+01 nan
4.229988748724789360e+00 7.604834971163974444e+01 nan
5.222763454151874818e+00 5.652757774405485236e+01 nan
6.759135758862464538e-01 5.143973359887090169e+01 nan
6.893217207891519038e+00 4.006457645120896416e+01 nan
1.128505239413091665e+00 3.442935139330037586e+00 nan
1.385553081065307834e+00 3.969186485391686947e+00 nan
6.426337275093683132e+00 6.427310401409918938e+01 nan
8.501581887723867581e+00 7.573754946016910239e+00 nan
4.835270035965685942e+00 5.247690944644071465e+01 nan
9.796155007663131187e+00 8.133977882780727953e+01 nan
1.703698775700120072e+00 9.802214292343188617e+01 nan
5.451607986797998961e+00 6.541083288087959602e+01 nan
4.419908958158429435e+00 3.274190155977669292e+01 nan
9.799212845162161400e+00 4.760473004376775208e+01 nan
8.767321719016901937e+00 4.459728125945343891e+01 nan
9.963214565943674828e+00 4.242682055233352401e+01 nan
3.302267689653302529e+00 7.599478198772956716e+01 nan
6.875236516066074444e+00 8.696607139705037071e+01 nan
1.804479814453992859e+00 3.462188283857589255e+01 nan
6.879816776415801804e+00 6.039048776963514342e+01 nan
5.758812524586908177e-01 4.072582438413663652e+01 nan
9.894181142590467104e+00 8.765301590132547460e+01 nan
8.864244306756003056e+00 1.501183959424734127e+01 nan
4.902659500724912967e+00 5.576744211783152139e+01 nan
4.837691794707975390e+00 6.084961501297964048e+01 nan
9.958635814637741390e+00 2.605788193596770341e+01 nan
9.680050806975547317e+00 1.692441300116824721e+01 nan
8.210734748253397441e+00 8.120739403864776307e+01 nan
4.569135460386136716e-01 4.759921990613170095e+01 nan
2.636151801942767658e+00 9.072853643552861058e+00 nan
3.601563611816543720e+00 2.704854014101129067e+01 nan
2.369469008567071544e+00 2.110305317274474035e+01 nan
5.206395224411764389e+00 3.900347879185080302e+01 nan
9.644928485165299437e-01 6.670532672553829912e+01 nan
3.142974744948139332e+00 2.099636722604063621e+01 nan
8.603870507492193953e-01 8.626670484825883989e+01 nan
7.628821444958569842e+00 7.498671550217019899e+01 nan
8.698678480208952735e+00 2.459036238399541929e+01 nan
7.369451081312511143e+00 7.530867458998396557e+01 nan
9.689913518795169267e+00 9.064456874537252418e+01 nan
5.130384446800826836e+00 4.105776580842393031e+01 nan
6.478615000951487346e+00 8.833983895822447607e+01 nan
2.042671447961537989e+00 5.096332630335309943e+01 nan
3.331090136211578567e-01 7.884916701975532760e+01 nan
2.336559882294517720e+00 4.157232899541934756e+00 nan
7.418908996094314645e+00 4.915175455484572353e+01 nan
1.908371560686104029e+00 4.226218462783063501e+01 nan
2.094960605431169132e+00 8.105168419287727488e+01 nan
7.111807818953609583e+00 2.259971024592096001e+01 nan
6.870181295756486506e+00 8.523846931345890710e+01 nan
8.611951681058144237e-01 9.478735856418863648e+01 nan
1.971748401363269121e-01 7.371545395238587162e+01 nan
7.181248394664413226e+00 4.968783928496722524e+01 nan
8.628411488341567903e+00 4.911336061938082764e+01 nan
9.217984462092377873e-01 8.085851414685923544e+01 nan
3.713625484654437425e+00 2.895577223675855905e+01 nan
2.097103718785190196e+00 4.449615469306952065e+00 nan
6.081619605694764452e+00 2.141684885168951524e+01 nan
1.624249908638526474e+00 3.218604800658219744e+01 nan
8.890256503026042978e+00 7.493113059804272780e+01 nan
7.419840897622918874e+00 5.311090948581189508e+01 nan
9.732515603541067151e+00 7.430247902222340883e+01 nan
4.095285070039804687e+00 3.987309740582757911e+01 nan
6.651428512002326876e+00 3.423929157693198988e+01 nan
8.878263970385400938e+00 7.611561885876671596e+00 nan
3.703104456639383812e+00 9.327362442536421838e+01 nan
5.648114387483618160e+00 2.188091838492568542e+01 nan
4.070236943423394038e+00 8.210664757978632622e+01 nan
8.484078209659667635e+00 4.102337976410975529e+00 nan
1.008654550655997822e-01 2.913698347724482574e+01 nan
7.807310154959668402e+00 8.416207083204953676e+01 nan
1.321873896257749648e+00 3.104603323688291283e+01 nan
5.885831932831237623e+00 2.402346181308498529e+01 nan
3.004390311837386918e+00 1.680189503385211935e+01 nan
3.081508560048832113e+00 9.117798706071084780e+01 nan
8.614581743162474936e+00 7.428918482273253687e+00 nan
3.941297433920777138e+00 2.715734490745251861e+01 nan
4.176509847230348349e+00 2.082438572572977620e+01 nan
8.172637393297144115e+00 5.148207439324075807e+01 nan
8.926899645270950145e+00 5.501931058692525767e+01 nan
2.251948000786776927e+00 3.025379494115849965e+01 nan
2.565218851105418807e+00 9.004823074980289732e+01 nan
2.885805625624932702e+00 9.503364447297089512e+00 nan
9.608669797183921446e+00 5.191267791390391295e+01 nan
3.511775220123442232e+00 8.134797322081081461e+01 nan
3.021241254101589391e+00 5.109924616715008483e+01 nan
5.186311661184213939e+00 7.510023374979120092e+01 nan
1.874023537784616167e+00 9.048911010215115880e+01 nan
5.985821773834137716e+00 7.280648678613447089e+01 nan
3.695845059766948548e+00 1.057209553361945353e+01 nan
3.516846587752652020e+00 5.969386344952134493e+01 nan
7.474700212232816554e+00 4.280564201358536280e+01 nan
8.841069743445229889e+00 9.288136690806364015e+01 nan
8.846420518551221690e+00 6.479314651376395773e+01 nan
3.091775306153801584e+00 2.899817570189117433e+01 nan
5.601047009037371183e+00 6.197569448743256970e+01 nan
9.181634767058570290e+00 6.149823083445195948e+01 nan
3.282057361735933654e+00 6.848780460154834770e+01 nan
9.871862198154758516e+00 7.374799917239978697e+01 nan
3.641960739906157762e+00 6.639297273620476858e+01 nan
1.879218174428179955e+00 5.204022508910251332e+01 nan
4.059674734641034455e+00 2.861791463225313947e+01 nan
8.773479927584773463e+00 1.598487075223264497e+01 nan
6.826718617510619147e+00 5.647417740952852228e+01 nan
4.291537867815354845e-01 3.782140822559895810e+01 nan
2.997084101033584247e+00 3.140541213289128564e+01 nan
7.161378792631043488e+00 7.273795603328571246e+01 nan
2.972306030849686920e+00 8.418313549410163432e+01 nan
3.278413410642304626e+00 7.473875338714046279e+01 nan
8.520056635722913496e-01 6.339730712148370628e+01 nan
2.556670862313346060e-01 7.470801590972754980e+01 nan
3.722957515695789699e+00 5.082228829913989188e+01 nan
5.522754007730171999e+00 9.673486240253646429e+01 nan
3.688219672416292561e+00 5.909546755336602075e+01 nan
7.262561288994509923e+00 4.838809091654192684e+01 nan
8.145803399981405235e+00 2.869793581379572700e+01 nan
5.791571718810669900e+00 5.826562677233906129e+01 nan
8.478108314668215684e+00 5.934625346188418860e+01 nan
2.834019358781859399e+00 3.665288048117982811e+01 nan
7.472358737334736212e+00 8.059457826972482053e+01 nan
1.714535913204142670e+00 8.483777980850993572e+01 nan
4.411395670998270901e+00 1.459147801296250258e+01 nan
7.161979573183440806e+00 4.099614673032534995e+01 nan
8.760058847089284839e+00 6.229608174564770451e+00 nan
9.022630588494152448e+00 7.695340041310931412e+00 nan
2.388998238262939111e+00 2.877097128770889967e+01 nan
1.772419773034858093e+00 4.767525498827797037e+01 nan
1.315182366290855498e+00 9.589828969679213344e+01 nan
4.257189000412618718e+00 1.123269150348883372e+01 nan
1.122463361196563980e-01 1.654097089902658979e+01 nan
3.185669416219232275e+00 9.816620341487234214e+01 nan
2.635755208446638687e+00 3.121796621570245378e+01 nan
7.365289316271724118e+00 1.461087793405332746e+01 nan
3.566277690155885693e+00 9.719924698000680507e+01 nan
8.468138348212272959e+00 8.167125761176504284e+01 nan
9.950409224407312792e+00 1.126317372762945190e+01 nan
5.659331197072472008e+00 3.436639559892852702e+01 nan
7.698258812327375189e+00 1.282980449652646193e+01 nan
7.716364596196186199e+00 6.006844900685879196e+01 nan
3.420870375389724494e+00 4.582167310938199734e+01 nan
2.350671434303980512e+00 5.254828886479511141e+01 nan
5.787935878899049591e+00 9.087510514864968059e+01 nan
9.344025220780268981e+00 2.541851210642968439e+01 nan
6.087483036226964295e+00 1.477700090565757485e+01 nan
7.098830944153967870e+00 4.059966326068200004e+01 nan
8.727588457106495667e+00 8.957108168470981013e+01 nan
5.708295631360821076e+00 9.664791533920093514e+01 nan
1.589735391351654092e+00 5.400645010701329340e+01 nan
1.447711715444229164e+00 8.143628702525209206e+00 nan
6.936162700240099177e+00 9.878591282143979413e+01 nan
9.659509512818688748e+00 3.768252843834584098e+01 nan
7.265725686717287246e+00 2.253784430153556428e+01 nan
7.000274185059626397e+00 1.665046871046835975e+01 nan
5.944443143793879614e+00 2.693983744865882102e+01 nan
9.554533833483278116e+00 4.038731040877821954e+01 nan
3.988156306166133369e+00 4.046499934180581448e+01 nan
6.403903009116665324e+00 7.191673419594378913e+01 nan
4.821259108665985949e+00 1.169505226173661327e+01 nan
7.201573220689438948e+00 2.357084287329732675e+01 nan
6.773525530723055077e+00 3.041554866197234475e+01 nan
9.519451804164871689e+00 6.790553843482233276e+01 nan
5.470910954023036510e+00 9.732315172692771910e+01 nan
6.861614666360503989e+00 4.856080284912877687e+01 nan
7.481933359718440535e+00 8.580905146841858766e+01 nan
8.448149034108503486e+00 6.744734664965939430e+01 nan
2.758070668427115901e+00 7.266194346411857907e+01 nan
6.282883091365621731e+00 2.019226322855486799e+01 nan
9.942580370234392007e+00 1.599101647570041251e+01 nan
1.987618904984937540e+00 3.346707819873343936e+01 nan
9.671019906434313640e+00 1.588830255438355543e+01 nan
7.976880302108603438e+00 8.650121809650146076e+01 nan
3.721576793947555029e+00 4.106108103149051836e+00 nan
6.732513080870634603e+00 9.153493976111973041e+01 nan
9.132584074784093175e+00 5.695244719965484137e+01 nan
3.587817612488588104e+00 9.950687691743307539e+01 nan
1.814087781223365226e-01 3.107001157725675711e+01 nan
5.551540930257162110e+00 4.780199781793806224e+00 nan
2.276510629279694164e+00 6.989091380385690400e+01 nan
5.957070741138932313e-01 8.393288692986519095e+01 nan
3.920686481809021462e+00 9.662450471611229830e+01 nan
9.230155275278278282e+00 5.209147682431586901e+01 nan
1.771810892430747686e-01 2.091408215820977290e+01 nan
3.527671957515145618e+00 1.498528732100139038e+01 nan
5.097588348119469259e+00 2.947438619646107227e+01 nan
9.856200066918328062e+00 1.697103753955698835e+01 nan
8.091114522429583289e+00 3.871639400209598136e+01 nan
9.361158687556594415e+00 1.219315173485691162e+01 nan
6.486516556914181386e+00 6.879231859782454706e+01 nan
8.722429430053900035e+00 8.197618403021122901e+01 nan
5.981161309848086027e+00 7.967770875876918524e+01 nan
6.358893161498613722e+00 7.310739992785251218e+01 nan
5.468792207703870645e+00 6.934591493184444744e+01 nan
3.646650622557817911e+00 8.928570928728363754e+01 nan
3.944308910843143945e+00 7.829411702379597671e+01 nan
4.247746004446288026e+00 8.561748137880736920e+01 nan
1.763188176438153842e+00 9.865206791584735413e+01 nan
8.104609815382701754e+00 4.951587206397799434e+01 nan
4.995955534678020449e+00 5.379926685311518497e+01 nan
1.459070773983387248e+00 5.202082964295958334e+01 nan
8.823534590273380829e+00 5.460567951369397122e+01 nan
5.632124259583839887e+00 6.528376253490455383e+01 nan
4.479378512744905727e+00 6.430945282495275528e+00 nan
4.076713509739618324e+00 2.367750748391264537e+01 nan
3.320530121885871822e+00 6.231137694990974296e+01 nan
5.300624369976562278e+00 6.209538033898330411e+01 nan
5.895893145479552899e+00 5.640611405517913113e+01 nan
4.118858230318301672e+00 8.282523706200599634e+00 nan
9.908104518894196744e+00 2.837837834992471997e+01 nan
2.705970332056509164e+00 7.329605095346988719e+01 nan
1.919335210924155266e+00 3.186229396616650078e+01 nan
3.209414595084966404e+00 8.971333575399390270e+01 nan
2.500914442036072050e+00 7.261665562959129261e+01 nan
9.325083501362795957e+00 9.954483040146429573e+01 nan
4.114688529327523270e+00 4.601936141528214108e+01 nan
7.232240783210674095e+00 8.768999020273419376e+01 nan
4.478180255572631552e+00 2.631117893501818017e+01 nan
1.773970051030950845e+00 8.359465284830687892e+01 nan
5.692446507234032893e+00 7.218702205561362462e+01 nan
7.877860012642597276e+00 9.968583261112081573e+01 nan
2.705091477191271299e+00 6.691381442164289695e+01 nan
1.373559711546460615e+00 4.713826566102194704e+01 nan
7.653524134801321210e+00 4.280946257063263261e+01 nan
6.107844929266766698e+00 4.328040008430800611e+01 nan
7.515843037629513113e+00 8.473527820991274950e+01 nan
6.682102133371964570e+00 4.860831823420772935e+01 nan
9.189542250563233594e+00 1.639280625639237599e+01 nan
9.774271444074368986e+00 7.875204478872194613e+01 nan
8.640502469742679992e+00 9.996835786390390410e+01 nan
7.416827533328490318e+00 9.979963061997344198e+01 nan
9.474790601186088068e+00 5.225341914489820994e+01 nan
2.443634635492582863e+00 4.503444803137720953e+01 nan
5.499111456855071189e+00 1.828651027666271744e+01 nan
4.529789752232900923e+00 3.140730690635671607e+01 nan
4.313506858030832447e+00 3.542618444395156274e+01 nan
3.564849198010546338e+00 2.061487678838263093e+01 nan
4.947018147489640860e+00 6.466777915064297133e+01 nan
6.398235068644668289e+00 6.763435064645585726e+01 nan
7.627135753661006268e-01 9.004406830249911309e+01 nan
8.522814376236689249e-01 1.910688086529379603e+01 nan
3.257205097253281778e+00 6.966835419566616849e+01 nan
2.327149631114359352e+00 2.646567410153724609e+01 nan
6.544251872658761293e+00 2.074232758388341935e+01 nan
8.811261146917296116e+00 2.847876029463889225e+01 nan
9.907570698253529429e+00 6.470069022926958269e+01 nan
6.323115055911189941e+00 3.965424752352951998e+01 nan
5.171305866610688362e+00 9.747408352855978819e+01 nan
8.488370778173569775e+00 7.588145044606571332e+01 nan
2.129740105974956332e+00 6.236481944319896797e+01 nan
3.058462966206677569e-01 3.678134234766149291e+01 nan
4.456243613534726755e+00 7.413147985069690549e+01 nan
1.483583358134231256e+00 2.078809153241479990e+01 nan
1.346491232792215387e+00 5.028000258901627717e+01 nan
6.293567041085698754e+00 5.025337857234731587e+01 nan
1.332958324505775893e+00 3.706408835721929762e+01 nan
4.150226764305708471e+00 6.525767905995940055e+01 nan
4.790595012132782493e+00 1.362717676927629684e+00 nan
8.465001114860539744e+00 5.265261074351638371e+01 nan
1.714782093099649352e+00 7.383825051642405413e+01 nan
1.093775731322482514e+00 1.082217925128790803e+01 nan
3.159307678249224427e+00 5.230390439160956362e+00 nan
5.510686895033150456e+00 9.606317603286606754e+01 nan
2.695377382152684298e+00 3.931098668622115611e+01 nan
3.464413455040821876e+00 5.396377396189948428e+01 nan
6.508921494092541060e+00 6.037699694715524856e+01 nan
7.459654906852523304e+00 3.180963861652532287e+01 nan
9.227482664362053555e+00 7.007063937224152994e+01 nan
4.679904346028640028e+00 5.522923578681537293e+01 nan
2.888095217518729108e+00 3.284927385880814654e+01 nan
7.622633875240397039e+00 3.291629093332329603e+01 nan
8.372140473528874027e-01 3.066583405190563028e+01 nan
6.755326222505257938e+00 8.557479086906324994e+01 nan
8.917456876237594088e+00 9.802211283991847779e+01 nan
8.240864491168325756e+00 2.447334043976206530e+01 nan
9.263097032851715928e-01 4.350460791001518146e+01 nan
3.411977226417321596e+00 8.623469903367634970e+01 nan
8.447847287134720995e-01 3.911331338703283933e+01 nan
1.889659397482326364e+00 5.913552650007129152e+00 nan
7.407515657852245639e+00 3.773741303793757851e+01 nan
6.566118565787887107e+00 7.771494021854827849e+01 nan
1.409173473474171212e+00 6.179185866132249316e+01 nan
7.990085933928544604e-01 9.274091551761412688e+01 nan
9.270388153087061767e+00 4.762859866076768256e+00 nan
2.236366997979072568e+00 9.057910864323703493e+01 nan
1.249151840415549497e+00 2.372250791775290324e+01 nan
4.859153627683684418e-01 5.374352800816422082e+00 nan
3.225713401218320842e-01 1.949989475738895095e+01 nan
9.499516604048565682e+00 4.094601069114717973e+01 nan
4.794655022191681049e+00 5.151802396134002748e+01 nan
4.907012189590183482e+00 4.769194312927152168e+01 nan
2.964800849394012561e-01 8.326788544360105959e+01 nan
6.510354812183290818e+00 9.983150352454009635e+01 nan
6.949662132971350381e+00 2.395554546475820246e+01 nan
1.063822845956213792e+00 3.405366231297154656e+01 nan
8.317061954729386031e+00 4.894763305245457730e+01 nan
5.788544511993429786e+00 8.942680865174045834e+01 nan
7.270717990086102311e+00 1.591521808025419382e+01 nan
1.215929879552084314e+00 7.634462097131986980e+01 nan
3.983830598918407517e-01 8.545239072369916755e+01 nan
7.948622464578792846e-01 4.728120403466886046e+01 nan
3.906330414381775640e+00 1.701343407910561467e+01 nan
4.804714199109088923e+00 8.203409576160218819e+00 nan
3.518835458176754027e+00 4.198305868332488444e+01 nan
7.014293799949089525e+00 6.265510148379643596e+01 nan
8.444495459424087969e+00 8.805400191341138338e+01 nan
1.966994057640004678e+00 2.419887839779744532e+00 nan
6.601846590806069059e+00 9.345451389903606909e+00 nan
1.652352802780011842e+00 7.413259684284599871e+01 nan
5.345150381343884760e+00 3.129292885296269588e+01 nan
5.218870150993418555e+00 3.787480799383216379e+01 nan
6.478119086936088067e+00 1.261561444101426233e+01 nan
1.567663066200225108e+00 4.836395162460487995e+01 nan
8.342950885366251512e+00 3.783637102335078595e+01 nan
2.644172807755506227e+00 9.499050648460814728e+01 nan
7.801665371703758289e+00 3.719479434234396109e+01 nan
9.820297826168763677e+00 1.782585361341268992e+01 nan
8.002142210332022998e+00 1.368348841032725360e+01 nan
3.386751073905961640e+00 6.622827723209499595e+01 nan
7.270065276104046958e+00 8.261207911893309586e+01 nan
6.803959083150227016e+00 5.653478980695472167e+00 nan
3.671579744069497497e+00 5.836220988549230526e+01 nan
1.815184427939515288e+00 7.923090348757496315e+01 nan
1.621500553073069506e+00 6.452910470422131084e+01 nan
6.061926435698842042e+00 6.854954660331301852e+01 nan
2.215601719466814501e+00 1.724472357056219707e+01 nan
8.451542789676636858e+00 1.114473534189660775e+01 nan
3.279952904543992798e+00 6.857942834557653100e+01 nan
7.646822003607427476e+00 6.434212881264313921e+01 nan
6.182015788999024153e+00 2.020841989406519801e+01 nan
3.086307656667083066e+00 1.072413088089178856e+01 nan
9.129565719303707194e-01 2.289050622904698429e+01 nan
8.566629483330816086e+00 9.966577127448807971e+01 nan
7.447170485493757930e+00 5.335722854713143448e+01 nan
4.643701990853243089e+00 2.615336575962331622e+01 nan
1.825890575042867114e+00 4.916544649733977934e+01 nan
1.610170794178004350e+00 7.891062487545126203e+01 nan
7.346643708098550718e+00 7.666819890416003602e+01 nan
5.640125233708707775e+00 8.698605350909130607e+01 nan
2.122572833252130309e+00 5.131612653836052118e+01 nan
3.318391014437772846e+00 1.368209396554211388e+01 nan
9.779784443599760513e-01 8.641305611677432807e+01 nan
4.158156702334254717e+00 9.961703302380377067e+01 nan
4.327037006365171301e+00 6.616643443755233278e+00 nan
5.405376271520621501e+00 4.601311673522432244e+01 nan
9.010475699775062353e+00 9.465238878721689275e+01 nan
8.088907122750466527e+00 4.872462955909145421e+01 nan
8.455022041182747472e+00 5.998198159315836619e+01 nan
6.214226716560982133e+00 9.733507561157371413e+01 nan
5.199652453413832198e+00 8.647194839267665145e+01 nan
6.175728507528313926e+00 4.276810423288696938e+01 nan
4.173276044739136381e+00 3.657405479581471042e+01 nan
3.102725608802884505e+00 3.924604286177222434e+01 nan
4.298611394798916852e-01 2.452482136179042627e+01 nan
1.913062931913266818e+00 7.635205147828607153e+01 nan
8.599926142670797802e+00 5.970733252359003984e+01 nan
4.270209687772485552e+00 5.324391055993736899e+01 nan
9.925919524655487436e+00 2.951533434846276194e+01 nan
2.807003836258654683e+00 8.291501165089330527e+01 nan
8.343248121935380013e+00 4.917034522447481493e+01 nan
9.120699482762276489e+00 4.670251555492099982e+01 nan
1.072510852299584982e+00 5.458458651957892727e+01 nan
8.082745596746891081e+00 4.921989805126004569e+01 nan
3.907287946322020922e+00 7.425138861041838823e+01 nan
4.818160845789638103e+00 7.728192203375895986e+01 nan
5.927748539990188803e+00 3.701902384074465147e+01 nan
8.386152109505816910e+00 1.547987835486611097e+01 nan
7.006626973175176687e+00 1.791363973131890930e+01 nan
7.162888899512003249e+00 2.965631914128882229e+01 nan
4.288664181496817385e+00 3.100020789729049753e+01 nan
7.662175915277360083e+00 2.147997815219843787e+01 nan
9.532993824959811846e+00 9.843421960839134499e+01 nan
8.104628042379886210e+00 5.466054206795169534e+01 nan
9.001231237286191345e+00 9.860297445323291754e+01 nan
8.237210090453958244e+00 5.425302408168710144e+01 nan
8.024421443016569455e+00 6.643832784202376729e+01 nan
9.141908355477138315e+00 5.024301831861661327e+01 nan
2.985744050590198873e-01 5.831566604125180220e+01 nan
7.659639055328497648e+00 3.184206715563853152e+01 nan
1.504886761899635106e+00 9.825423950767411441e+01 nan
9.334549001130197254e+00 8.107429309894547487e+01 nan
6.836707821319660816e+00 2.860796638424499960e+01 nan
3.240166553692173768e+00 2.969607818979331526e+01 nan
3.955065372655269140e+00 2.644453218440141029e+01 nan
6.226015932366271599e+00 4.927394783555706681e+01 nan
7.611607794910529634e+00 9.685307464133181554e+01 nan
4.438633152481544997e+00 7.232109615853538287e+01 nan
7.826870401644703268e-01 4.638484127185446937e+01 nan
9.135390211377835357e+00 4.313433275023687230e+01 nan
7.545974117864122199e+00 1.729930063886066804e+01 nan
4.019606565791345787e+00 7.435105860034667558e+01 nan
5.408845426577363114e+00 7.343289555526733636e+01 nan
5.115733645135861707e+00 5.460638547894230044e+01 nan
8.955105305696745788e+00 5.842235231542141527e+00 nan
7.993874677861989575e-01 9.755948150723386902e+01 nan
1.094874544402844707e+00 2.489240686562328975e+01 nan
7.752652420763321395e+00 9.893383090967208204e+01 nan
4.900984746986422280e+00 6.479973144068095792e+01 nan
3.404721497413334852e+00 7.269460260613840319e+01 nan
4.582474368272809961e+00 5.873274450984896333e+01 nan
7.444816431630256304e+00 4.684265921995175574e+01 nan
7.561253660748954886e+00 5.848715455527241858e+01 nan
6.307241741929153989e+00 8.808161276879752677e+01 nan
5.273992649102549279e+00 7.048719742282351319e+01 nan
2.972002758936219013e+00 8.727681248563727934e+01 nan
3.665679833430576906e+00 6.935625635433953562e+01 nan
8.046278657728995753e+00 4.791741477444166009e+01 nan
7.411873672328218809e+00 6.324290678438956093e+00 nan
3.579019600098780174e+00 4.665331462986526390e+01 nan
7.638061142037646967e+00 5.900181321452953398e+01 nan
1.827653729882555256e+00 2.817435380680456092e+01 nan
5.265829849528822493e+00 6.093181172022450198e+01 nan
2.467806216655688889e+00 2.480712849115928975e+01 nan
3.734781456598288418e+00 6.265583012595135415e+01 nan
5.491775544248999052e-01 7.189936948901187463e+01 nan
3.117293549355242277e+00 2.139107929841486566e+01 nan
2.422984653432869173e+00 3.948787917542285086e+00 nan
8.418701272638934086e+00 7.218419461186539365e+01 nan
1.419555635248582748e-01 2.237716755400511204e+01 nan
