2.234844670600278249e+00 9.820956170088403780e+01 1.873396131360284228e+96
2.666650512034027809e+00 5.174072362919027768e+01 8.580792055479036947e+59
5.324329762121799092e+00 1.311797327611587960e+01 2.113582331317159238e+30
1.611752108222826108e+00 6.785765292837589868e+01 1.381802273239849959e+48
4.555057670696953664e+00 6.023257811838763587e+01 6.460301431261833740e+119
3.158941936427476449e+00 2.952910456839905606e+01 4.576163878888074725e+40
6.308857184392160811e+00 7.220006156381731444e+01 2.493695300799217355e+198
9.788843889237393014e+00 5.658134005285682555e+00 1.166198792094881562e+24
7.420365870277965126e-01 4.382607010049702545e+00 2.745941372274575798e+01
3.732184831166144967e+00 3.179878099040614003e+01 3.470503426673041148e+51
2.187923080941096110e+00 2.562298657825895631e+01 5.020413965866910324e+24
7.552084274366334782e+00 5.889538181479054657e+01 1.497481056727320314e+191
6.924728567584907069e+00 5.532424463016970151e+01 5.270550733685257023e+165
5.812118411572309462e+00 9.889052403552874182e+01 4.437700593847725656e+253
1.018600016818587806e+00 7.347912632078150352e+01 6.533534267302258290e+32
9.523108699129492649e+00 3.481102491480500305e+01 1.731197125562008520e+147
7.663882736948229635e+00 5.875255676894657597e+01 2.608436380088548950e+195
1.977751667583795170e+00 4.557882279674026194e+01 4.448359845566260561e+39
8.510398124122760422e+00 4.827746627349832664e+01 3.247477242344231534e+178
5.312770827933803730e+00 2.073598430460519282e+01 8.068023187110606311e+47
1.318298489270430363e+00 2.630212120376464924e+01 1.394258776953030250e+15
4.615378929835291189e+00 3.637340942320673065e+01 2.664725839296493905e+72
4.065790044223400734e+00 8.070056245633548286e+00 2.316055569996078750e+14
8.359073397799637206e+00 9.831361321504323314e+01 inf
4.818243107180509632e+00 3.594336246644164845e+01 2.288203405750881481e+75
3.135389487409018905e+00 1.102633896375842859e+00 3.157903083684347578e+01
3.809125996778292667e+00 6.198784193842166168e+00 1.273380766450000381e+10
7.838635924004491162e-01 3.882793300955509785e+00 2.158853383244807844e+01
1.885596808692965309e+00 8.444648279537449298e+01 7.336178641222348835e+68
6.756764697064908676e-01 1.737413840654632935e+01 1.037882031448646158e+05
7.436719698401457634e+00 7.210508997648483387e+01 6.752972821040168423e+234
1.279260354264595279e+00 5.137425524232516949e+01 2.049655785032688350e+28
8.451449544102025868e+00 7.985358536856507783e+01 1.652368376515692919e+291
7.942025933604776711e+00 9.116019639154063725e+01 1.262575073862171936e+308
6.571021817808074594e+00 4.250911190097667713e+01 6.381762066564735301e+122
6.949067513444536104e+00 8.571966633624386134e+01 1.070595061596275542e+258
1.041000296919788903e+00 6.762885991918550133e+01 3.226615969498878068e+30
5.260200823508530910e+00 8.419561199491046466e+01 2.116146131256326645e+192
1.997340782506890289e+00 9.710259502882299998e+00 2.216537133819324970e+08
4.143383203847850638e+00 1.180584436785321678e+01 2.907691148015140602e+21
4.228175258044351459e+00 7.837159605272258034e+01 9.256821421518766222e+143
4.348638117126476743e+00 4.264360441503842480e+01 4.928928151854704772e+80
7.497059272064084290e+00 5.317553894650254875e+01 3.636256455970334367e+170
3.948320472463226594e+00 4.747381942642677899e+01 4.292218079124298437e+81
7.573803855314937827e+00 6.798139518924602953e+01 1.811722507756585236e+221
1.177383988032850493e+00 9.177011856159418812e+01 1.751045336943949160e+47
3.961820084569916300e+00 1.518710232204886523e+01 1.094146571052856422e+26
6.504016988597522975e+00 1.026132328674395566e+01 6.061988487624747931e+28
4.497281688999132498e+00 9.509154639353275229e+01 2.167165175640461007e+188
6.511401305220973157e+00 4.724113134606457010e+01 2.562773058086635565e+134
4.728164519432370483e+00 4.986537078823729985e+01 5.524877250423810172e+102
1.543708792390411810e+00 7.093515115544235528e+01 2.707624619391946105e+47
2.099608971437123550e+00 4.647928685934770954e+01 6.221448035476814665e+42
3.307826583892997885e+00 3.871020383543621080e+01 8.786543311029132209e+54
8.034485523952559660e+00 8.275278877287181700e+00 1.266388101352274813e+29
7.460852231997598949e+00 5.398882701427000086e+01 5.518542800239047796e+173
4.306266208918297700e+00 3.602216863289567073e+01 6.353436239885474109e+67
4.893985628159026824e+00 9.159798432890580600e+00 4.892554199038627021e+19
3.911731042494665189e+00 8.020299334485423515e+01 7.564596627223326082e+135
6.028239824666086655e+00 9.369637703751988056e+01 3.724172837363462972e+244
8.469978701395234566e+00 9.410102275776540637e+01 inf
6.776218932596639100e+00 4.305079467818834615e+01 8.715776833758307702e+129
1.094796568502603429e-01 4.784640685860998843e+01 1.755697778726586762e+02
5.894130705722008479e+00 5.896008812319200132e+01 7.386051767043300775e+150
3.938654715698786557e+00 6.816673127784358144e+01 7.519080642356775855e+117
7.559747122633152516e-01 1.074376803784770473e+01 3.231870887997834870e+03
3.620597488637519401e+00 7.198723520778128204e+01 4.425328838472460897e+114
4.472495757891726598e+00 1.957554350090014950e+01 2.989858975502060522e+38
2.351083397845396217e+00 1.964453172187682739e+01 1.287942554737559634e+20
6.062888585472267167e+00 4.985366185029890573e+01 1.528797449647972635e+132
9.875985505418023891e+00 1.215313366609697887e+01 2.228507863810004869e+52
5.468067609666150020e+00 9.739792378388268901e+01 5.634800925542105702e+233
1.037670365853630816e+00 8.345585043828454275e+01 5.266491538294679128e+37
5.381144517152390172e+00 7.612101496054744132e+01 4.509639846541224435e+176
7.671255993844390275e+00 6.710906065073177729e+01 1.764855717969878542e+221
2.382784861021701950e+00 9.969933727955064739e+01 1.261224441163010123e+105
3.995852878697292443e+00 8.100554874324544130e+01 1.567560641971858146e+139
3.738026753264478419e+00 6.011771017724323229e+01 9.074641068107620950e+96
1.550756770994790923e+00 5.752532694809364244e+01 2.113549622857041775e+38
2.025292560731726255e+00 3.027263272926926874e+01 3.548425182477215006e+26
1.792718311756415606e+00 6.023105050338781297e+01 7.079072616523506106e+47
8.386548137975569972e+00 9.564614016953856890e+01 inf
6.740371779508675942e+00 4.242845917792799781e+01 1.342346283403178484e+125
1.840403588094911669e+00 9.394884410429669686e+01 6.583990529111733756e+74
7.182540329555615166e+00 5.997188913435447688e+01 5.308743767759367369e+186
1.694326271085542013e+00 1.223080179276362855e+01 9.260992805422699451e+08
4.820152488248181655e+00 4.674853251773460272e+01 2.734161294445648916e+96
9.519022477017540229e-01 3.856866682657899759e+01 1.644746068579424800e+16
9.167585717725968308e+00 5.767186452707265687e+01 5.025342938944875947e+224
7.287097116462673441e+00 2.087404289922401190e+01 2.526927999112470039e+66
1.226422021370782600e+00 7.135484959981236841e+01 2.115837963387449778e+37
9.899465950616608723e+00 2.591637031508319211e+01 1.322631936968526805e+112
9.932218343289163087e+00 3.917501196790356488e+01 2.728518784706816546e+171
1.450667652838631083e+00 8.509806788324290494e+01 9.687389959458257074e+52
4.195438512513036677e+00 5.424052247678857697e+01 1.639075276135327929e+98
5.938421834467394689e+00 1.352093439269274722e+00 2.853983859792035219e+03
4.469755503196763513e+00 3.313596784234461268e+01 2.547488333407601823e+64
4.045429203235615390e+00 8.331143842030080293e+01 1.153745674692392346e+145
1.457836916386770598e+00 8.109464915504643656e+00 1.631514717206578352e+05
9.612615512196422074e+00 4.501649142397995718e+01 2.884009672005914730e+190
6.851176491697239967e+00 9.091984459512289618e+01 2.126729381308768595e+273
9.143010060741170619e+00 5.071306272349887934e+01 1.826734872480680436e+201
1.337008112831572282e+00 4.638160405608751802e+01 1.654404725681125074e+27
4.793090768342752384e+00 3.265268326979569924e+00 4.708937622903270647e+06
9.046958891895798160e+00 9.922843603448413319e+01 inf
1.153205260372208940e+00 6.827801765551180324e+01 4.164339427755300368e+34
3.281423670782567026e+00 8.105132170156659299e+01 6.200942695099612005e+114
1.283722406168594510e-01 1.417943752188035766e+01 6.029159193728322208e+00
6.839701386178767883e+00 9.919083161281072591e+01 3.146510477334024198e+292
1.201665151906735396e+00 2.811735825011858481e+01 7.190724770553272500e+14
8.623688324161461471e-01 8.065377917842883448e+01 2.107681148806897824e+30
7.895245859250556109e+00 9.881385904451474289e+01 inf
6.202475697985896375e+00 9.871812422662230802e+01 2.670423261913922917e+267
8.815322987772077568e+00 6.417106817266508756e+01 4.877922190225244568e+241
2.323180149265736461e+00 4.008973898222542687e+01 2.192676830275048360e+40
4.436892126610344711e+00 5.527492356437728915e+01 5.561927427815073494e+105
8.657118439436597868e+00 1.112294966585351208e+00 1.543194084558045506e+04
6.161939243141916656e+00 7.629540393048378633e+01 2.516885674205600056e+202
2.768433901008334974e+00 8.411650637116984797e+00 9.797372329397985458e+09
3.053762660801022211e+00 6.168426565326983280e+01 1.778937762589157466e+81
9.405438059087137814e-01 8.714236033565907746e+01 1.636733420523448229e+36
2.611049836954911552e+00 9.898098118537485846e+01 8.700612671567574514e+110
4.453668771488864309e+00 9.434912617025764447e+00 1.116384063884915072e+18
2.460618425521284625e+00 6.537421396835145515e+01 5.296641218651521021e+69
1.936744853078425921e-01 7.698869795516145587e+01 3.696600035683189519e+06
4.139030278388060147e+00 5.663230199512006635e+01 8.356043123260644227e+102
9.788823574142991646e+00 8.532152666131933927e+01 inf
5.284701101320746552e+00 7.603796184945382208e+01 1.129339904099403521e+175
8.037603239882530559e+00 2.415864695897576908e+00 2.396156561641818583e+08
4.723490546158342518e+00 4.874160481841525439e+01 9.339356939306273563e+99
9.553668386627125031e+00 4.728612343270497576e+01 9.078932957615614324e+195
4.543034538085861662e-01 5.139803971167786756e+01 2.075424065548096848e+10
4.647158456821764538e+00 7.536158928217730590e+01 1.115322922505130099e+149
4.832114585222416991e+00 1.250146107965010067e+01 4.880006476676139987e+25
5.002368416955270014e+00 8.909204134283480414e+01 3.576782809817568838e+194
7.235061834754463739e+00 1.512175140502528770e+00 5.976245970281296468e+04
3.544276245973288386e+00 2.753406181828372823e+01 7.115683955069143917e+41
8.523144528299701150e+00 6.059901743134475538e+01 3.480398148036410583e+221
8.367845857205567839e+00 1.523658832960876985e+01 1.047894285143710143e+56
1.226486784847951927e+00 6.510042889063203120e+01 5.618305494379877308e+34
1.377890037157620595e+00 3.755147158970592614e+01 2.304765288354311412e+22
7.344465123749959190e+00 9.015946102308640775e+01 7.058995222773545944e+287
2.588220425541261083e-01 5.421500052296573813e+01 1.248905181292114547e+06
7.262314238374934838e+00 8.100747289657743977e+01 7.523804650413431234e+253
4.102648838449463042e+00 2.827325624523186676e+01 4.250178007677471104e+51
1.481811220926976258e+00 2.421552481413909064e+01 6.109354085627328000e+15
2.420920512429702409e+00 2.032600118575310688e+01 3.363489197284602675e+21
6.535279272908364412e+00 6.903992393410464956e+01 4.973656985401913225e+196
4.673365681080055012e+00 8.976214506230324730e+01 4.431194198598381451e+183
3.976615916289421016e+00 9.897416836400635987e+01 1.487467099044905925e+170
5.329639163345190056e+00 9.835292465257676042e+01 1.119387049818677719e+225
3.807990082385320552e+00 3.568918736807403747e+01 2.156359753041351843e+59
2.381148863546592942e+00 7.481493433241573143e+01 4.023559829419195048e+76
3.226594668970816926e-01 1.291403478805212757e+01 6.452390547994180281e+01
4.581823090287151068e+00 4.899501185072023901e+01 2.307197741912463096e+97
2.188388209630085068e+00 5.632719206614998342e+01 3.272122367969482926e+53
2.495553744426078691e+00 5.899336424451256278e+01 1.952425852964592324e+64
7.770071545233109944e+00 3.093391871841423324e+01 2.250638768526521388e+104
1.255770032361413602e+00 9.390000907393090301e+01 3.115345319175384189e+51
3.927975955929976504e+00 3.244693524092976133e+01 2.725526391830108188e+55
5.600420785005738367e+00 5.796372044796695633e+01 9.607335095263114921e+141
4.935504163281466461e+00 9.215692034020676715e+01 2.320049818883831028e+198
3.583878754416078838e+00 3.170640485115180240e+01 2.016355551820451283e+49
4.212415274524671460e+00 3.210172901157507397e+01 4.018217061506844566e+58
7.887427905708956466e+00 1.481682177639890341e+01 1.521664941054256654e+51
9.472742655784211152e+00 7.201981223655012343e+01 3.219660045007693536e+295
5.843561291704564731e+00 9.714900664905056260e+01 1.018246856006686787e+250
2.616402366592166739e+00 9.411389045708712331e+01 3.832293701657724784e+106
3.370733640324708347e+00 2.206083352792321151e+01 1.005992145669090385e+32
9.373525149906914322e+00 7.080695621057728317e+01 4.532135631348718365e+286
8.114970367647408978e+00 4.517597527721634521e+01 1.217006555092078073e+159
1.552286255581755703e-01 8.944292045552866455e+01 1.269436723100922536e+06
7.002153717298932989e+00 2.761953754195475952e+01 9.178610787319049024e+83
2.613527957176700500e+00 9.905267426027253919e+01 1.285665091894883049e+111
9.042494206369095622e+00 5.964055118543208778e+01 5.188676699251495494e+233
3.181830641690647443e+00 7.627541726858257221e+01 1.538675031617917421e+107
2.906482216792606099e+00 6.924432860894918917e+01 1.385506112960939776e+87
2.740800486550683868e+00 2.739159704871190826e+01 1.642796344393329678e+32
4.062710630037513759e+00 1.616236175179435719e+01 1.655706297059665276e+28
9.637288226075897413e+00 4.556613078560751973e+01 3.852682875909643713e+189
2.235194207854245552e-01 7.345585306971089778e+01 1.278919698852174915e+07
8.744435640129957221e+00 5.000283304772328741e+00 1.134295854095353242e+19
9.423330904961755294e+00 6.790232235190320864e+01 5.429570512128391141e+282
2.094257180486835512e+00 5.332462500164933061e+01 2.181380415154631875e+47
5.640636704133163093e+00 3.528215861612962811e+01 2.365389932278555884e+86
8.829780299915142905e+00 4.277082136805708501e+01 8.813661262429519927e+161
9.312528361839175872e+00 6.669391472823092215e+01 1.456901285735986548e+275
4.045397299342288200e-01 5.287991724572304975e+01 3.253228963631462574e+09
2.623928078699302890e+00 9.532790075881028713e+01 6.606487691227027357e+108
6.363210326389996396e+00 3.539995156878762828e+01 1.215360311692304369e+95
7.004789030397789773e+00 2.850070496200431691e+01 3.250580002854239874e+86
3.539429893087743029e+00 9.354375035753502488e+00 2.271491217918722188e+14
8.917631273973224637e+00 5.926089118098519037e+01 1.168473917210903647e+230
4.778494445676134461e+00 3.485034970909743901e+00 1.599034030081467144e+07
7.000976511342720698e+00 4.597917070829768704e+01 4.147848480391446388e+141
3.422921157404259951e+00 9.252668221646904101e+01 3.716725217246456441e+138
8.283808869001380026e-01 3.885430655227408181e+01 7.859875031218571875e+13
1.669225998061365068e+00 5.320090527928460489e+01 5.878546420353979799e+38
7.908565226442119567e+00 7.651035237941461276e+01 2.711471077781147036e+259
5.835767641701218977e+00 5.049883992721468928e+01 6.344521510620479811e+128
4.449308895051619750e+00 4.756052105329877655e+00 1.618646233325553179e+09
9.000940979537801923e+00 3.349157055858194809e+01 4.942691327097650237e+130
1.570773547578299567e+00 5.557029988105372098e+01 7.346937836897196417e+37
2.609791361010549426e+00 8.986834844420211255e+01 2.013708274155333031e+103
5.947685940898929324e+00 5.257333513934516844e+01 2.080305834985874542e+134
2.069716211051834787e+00 4.401434085623014880e+01 5.625527306666951762e+38
7.227738093135120501e+00 2.343507150631856106e+01 1.775279732380033506e+74
3.641926610637882256e+00 7.770748040257623757e+01 5.508273050774033512e+124
1.105090708237415759e-01 6.659501652287934803e+01 1.492588458130707977e+03
2.457681582745495419e+00 1.213608938515391067e+01 6.739257783180788086e+12
6.120418778259550940e+00 1.906269730078174618e+01 8.416748919372342160e+50
9.123528835342302301e+00 7.495202556465320853e+00 5.002071169451155917e+29
3.692959467479056457e+00 5.351019979913226976e+00 4.814448806668471098e+08
3.283412713106566461e+00 1.720290168814971654e+00 2.809553551908039708e+02
3.212005400327442306e+00 7.927755212194233536e+01 3.439347715224528155e+112
7.037764691651537063e+00 7.604041128961981144e+01 1.199129890869367377e+229
7.310339848483597969e+00 2.119417281829651856e+01 4.819003044658475792e+67
2.038827648338111587e+00 7.137625529149374870e+01 3.607842276383788326e+63
1.497193081073690646e+00 8.008439519201455425e+01 2.603051640607332058e+51
5.802917753319877470e+00 2.853230433827171453e+01 6.935929541251903616e+71
3.813776680835151422e-01 5.866163273704746217e+01 4.589468277159756660e+09
6.104579425348575228e+00 9.050062019113143208e+01 1.299896110187150385e+236
2.171262364109491916e+00 2.056271858384538120e+01 2.633605707294593843e+19
4.734335334123055183e+00 8.137561465866311039e+01 1.047217290131625874e+167
4.808657284241840024e+00 8.416988187882978423e+01 2.379850575102654833e+174
9.101572834956085600e+00 4.671268420803837529e+01 2.384065667755709857e+183
3.824613077092410940e+00 4.722957628922105044e+01 5.329398372915166602e+77
1.664015005293248306e+00 9.165811530598597301e+01 1.957894421845579014e+66
1.013601791896593829e+00 1.356814160106834777e+01 7.041903113865656778e+05
2.364760034001391453e+00 4.157433242816114927e+01 3.005367665425453792e+42
7.778844488290207693e+00 1.185816623199901798e+01 1.404285092476785808e+40
9.375237593595590724e+00 4.652800616359516539e+01 1.396046444938468102e+189
7.655531163943873452e+00 6.763142456965907101e+00 1.743044023061182625e+22
6.871085109502959476e+00 6.194340559466359863e+00 1.825228157213626624e+18
8.848946679169418239e-01 8.076695616516867915e+01 2.436047225928150670e+31
3.566526091485646699e+00 3.703306223294842425e+01 3.752335448807222256e+57
5.776445260101012558e+00 3.700986952712931100e+01 2.141772493477722900e+93
6.846426452034175547e+00 4.284906722885455821e+00 3.942956290832807617e+12
5.225656722547753041e+00 6.956918426364707386e+01 1.808128420648677788e+159
7.642705674553837980e+00 3.079773431732476041e+01 5.037802446740757536e+101
5.069814996051650979e+00 2.397146186922212152e+01 2.574759439040749092e+53
5.756394051883627405e+00 4.674984488529406690e+01 3.131037503834203578e+116
3.884809091509831891e+00 1.307456222382094957e+01 8.575047783230096802e+21
7.763925341560178772e+00 4.938684951058886696e+01 4.836896060231317192e+165
1.172994982668270403e+00 4.782598687680763305e+01 1.639699041069097095e+24
2.356195541926292325e+00 6.057822574571705587e+01 3.257398337971750045e+61
2.783769835961137584e+00 1.839157171010401726e+01 2.714184985971345326e+22
6.808874329441571227e+00 6.410942538775748289e+01 4.517825179926336324e+189
8.795845350649566186e+00 1.687800318014229362e+01 2.489652415051909543e+63
7.636365068464366246e+00 5.955158183759947832e+01 2.599114792599383742e+195
2.502132896728174849e+00 3.785124218769353632e+01 1.019889541492224697e+41
7.557591052997151948e+00 3.840656267430273374e+01 1.757297776418261280e+127
5.379008352411322136e+00 9.572263626655814051e+01 1.852146971935563322e+226
8.530027157202681565e+00 9.372816280009472223e+01 inf
4.763395891209570188e+00 8.409502962109085900e+01 2.968235282737095327e+174
4.791993430589990943e+00 2.721386309626774391e+01 2.601778852108171408e+56
4.260835160140060474e+00 4.538711744073035703e+01 4.068712271196186735e+85
3.346401034691014242e+00 2.985258127122754956e+01 1.530967890925484858e+43
7.821965909407079032e+00 9.292129160470678073e+01 inf
8.209486675102258602e+00 7.269936604802498437e+01 3.512197771109833996e+258
2.153491843902536562e+00 3.909919150600593696e+01 4.969760237525740881e+36
7.978072902591698323e+00 4.427078150985328620e+01 1.579170779447025097e+156
5.900918954459334564e+00 7.053287445216214735e+01 6.047316160351854183e+183
8.903576807536831339e+00 9.434294971741610425e+01 inf
6.114917966144780337e+00 5.397463305241257103e+01 8.638566638648508970e+142
9.807067914773756057e-01 6.157491775877799967e+01 1.170990762015309750e+26
8.291609250577456791e+00 5.566767503915487936e+01 2.352344611226255982e+197
6.234814210707770421e+00 1.509473894073519418e+01 2.298271768881120085e+41
6.704435029953185854e+00 7.135496429122699169e+01 7.872339769465535618e+204
5.488294984740276661e+00 8.899382902983467147e+01 1.842501765817278064e+217
2.465850808287436635e+00 2.713180259885006507e+01 2.352016984258302146e+29
6.598695814200998377e+00 4.584799912514503362e+00 1.353372133286732812e+13
4.145225970912650437e-01 6.610059807664904952e+01 5.078758253439683228e+11
1.793276065942938757e+00 3.715573663958208073e+01 7.141730257214645406e+28
4.392718328003623718e+00 4.331798560343271021e+01 3.164517047597579149e+82
6.740846381896385964e+00 4.626017980831343834e+01 2.316381879766117875e+135
7.354967776026713366e+00 1.574930174233928426e+01 1.061663090516525033e+50
7.906821742308685508e+00 9.387627332594115614e+01 inf
8.904218452659021565e+00 7.783448864449327687e+01 3.955636783140820427e+302
2.092068101855022899e+00 9.737635296354972070e+01 5.936795275233055704e+90
3.460325688303516944e+00 5.257984687083103736e+00 9.263946830435122550e+07
8.097897381089918412e+00 5.645875434286035954e+01 3.305997722192621102e+200
7.584838171967692722e-01 6.128960412430953397e+01 1.268969078609843651e+20
9.461354205908808268e+00 3.271868668953428738e+01 6.208395808540691520e+133
5.063831521271666691e-01 7.301140895916108775e+01 1.565932649975579800e+16
7.697253111212326360e+00 4.011657940061829919e+01 1.591499166935128406e+135
6.287327218707008392e+00 6.559789199003405713e+01 1.220897470642847536e+180
4.014401650513530484e+00 8.047793181650810368e+01 3.659225506038612080e+137
6.424686808807833494e+00 3.507533324455732071e+01 2.539493926752119121e+98
3.244681877180421559e+00 2.356398611331362858e+00 1.952411971854742887e+03
8.937957359115225486e+00 3.169693271519738786e+01 1.351463544009685518e+122
9.441176590166943328e+00 8.712093269153882602e+01 inf
7.303108499518789820e+00 8.754932501041245985e+01 5.980771416841174756e+273
8.551457444258092622e+00 7.955675117983021494e+01 6.385747364903129519e+297
3.381242922832746745e-01 5.568260744289488429e+01 1.137512610098530501e+08
3.583418891378828075e+00 4.912532090819561148e+01 7.734359605931121413e+76
8.591036546206876068e+00 6.658297856639237011e+01 1.651199928886399682e+250
2.452724692719427058e+00 9.224568441499862104e+01 6.533619799108720956e+98
9.125489580895100872e+00 1.011836003554170738e+01 5.306231049637963444e+40
1.150099734179776290e+00 9.727493388700824539e+01 1.182724974490976078e+49
2.221887431311751815e+00 4.925235338379660277e+01 9.615362639481122903e+46
9.344110630306122545e+00 9.300233893814966279e+01 inf
8.658402085681554894e+00 5.142672798879459606e+01 7.350876788351442871e+194
3.993881307573299733e+00 4.950328276669754501e+01 5.338265432069040239e+87
8.450194195174044465e-01 2.538963039937394583e+01 1.829927172164204836e+09
3.446312026108127924e+00 5.120268291120137150e+00 4.839054678675904125e+07
6.519642011406165061e+00 6.545564686057436177e+01 7.414716863534410705e+186
6.904726605576162690e+00 7.179736556652744639e+01 1.350839874095347643e+215
1.226611049577403190e+00 3.145811413001659318e+01 8.163508235400689600e+16
2.618581196315017401e+00 5.913944040526640578e+01 1.804990498394165843e+67
3.598845481315620987e+00 2.086353870526787091e+01 7.078142484002163634e+32
6.215143371612065870e+00 1.689593235717422459e+01 6.453731762431257246e+44
8.516704021759167631e+00 6.421559555149401888e+01 1.445514271609157611e+236
2.490683840602399890e+00 6.795156630674951259e+01 8.580663607252521896e+73
1.448265294737576536e-01 7.305748192005803787e+01 2.992417598270660892e+04
3.643299865689347605e+00 6.450820943246843342e+01 3.920484918203860439e+103
8.707373985931152305e+00 3.088664930351646376e+01 2.414951351825784096e+116
6.659920624160974079e+00 4.003096783881228049e+01 4.930607065272607393e+114
7.332815384160451089e+00 1.984564341715276470e+01 6.217117907241492813e+63
4.293208015918807519e+00 8.477725382359601269e+01 1.799781979628613220e+155
5.772858012337813705e+00 2.538087517492351353e+01 2.286241357825872506e+63
4.309480692625962561e+00 8.121005260168440998e+01 3.643960195135815785e+150
5.262816777899620435e-01 6.147933073611243060e+01 7.277043786282725000e+13
5.693315833512738067e+00 6.018722403988060421e+01 1.772127876379650308e+148
1.271732978031628658e+00 4.954277048566528663e+01 6.384995267439748238e+27
1.457958558270421312e+00 6.084005849613217976e+01 6.925422551051244500e+38
9.224070185689544843e+00 7.230616287915211160e+01 3.894275598380630787e+286
3.345348328024054130e+00 8.544980670283409552e+01 1.952288855360649395e+125
3.768814794130330270e+00 2.163029751101516851e+01 1.760570205338425903e+35
7.354360595348315321e+00 3.114642399721264709e+01 4.279693972673845973e+99
3.766417381426225841e+00 5.559508068108541323e+01 1.173112922418815712e+91
2.627311013957369656e+00 3.945141308602914165e+01 9.259067779162579953e+44
6.877219519420948224e+00 6.884986782398340210e+01 9.005326849338784749e+207
3.765260459661129433e-01 5.305712680373403600e+00 7.588196570864991664e+00
8.580774915189881114e+00 9.453252034074876065e+01 inf
1.857021467794072844e+00 8.881235036029423213e+01 7.725875222702901060e+71
3.410524997663898272e+00 4.383908989515142629e+00 3.373831106088838540e+06
6.025261835443632918e+00 8.679105320733286533e+01 1.534672694256171235e+226
4.866783401782845075e+00 5.265339982577758349e+01 5.919155310262574633e+109
2.169171066517795232e+00 1.051748648886854731e+01 6.078981246940751076e+09
3.260124248352375353e+00 8.750226271975972736e+01 1.216008577539108582e+122
7.543471173745211367e+00 2.864997696355127133e+01 5.667540590482124889e+93
1.159255524719982944e+00 3.541727511134556750e+01 4.912931133364949760e+17
5.889254467295165441e+00 5.696915470393883396e+01 8.424645423935213687e+148
1.779518334500543419e+00 6.766919990844300514e+01 6.271845714606577749e+52
2.878337478106945957e-01 6.721703575884504289e+01 2.571999393825620115e+08
7.550826249600130602e+00 3.495807865355122601e+01 2.324917039201451772e+115
2.619786461867958494e+00 7.270468186203947880e+01 1.195710329826146532e+84
1.238620437280587572e+00 3.229552701180305352e+00 5.587254352908929889e+01
4.483741672875290796e+00 2.919088492762489828e+00 4.509346080161164864e+05
2.077229193765456117e+00 9.879371994666533396e+01 2.230103150649714934e+90
6.302383371880323715e+00 8.283193141907617019e+01 4.740226346176750346e+227
9.393615627231541865e+00 3.993118306395859207e+01 8.330166814493518190e+160
5.550666902982213102e+00 7.642284785131278291e+00 2.198832948100292864e+18
1.397804640440557522e+00 5.854573236984222717e+01 5.451691153692441572e+35
4.940503514516473293e-01 3.930533279424771109e+01 2.858713805954505205e+08
3.453281864385826072e+00 6.558836533522477907e+01 4.205348720686524929e+99
6.650769209840883711e+00 9.438297590071467624e+00 1.639342889052071937e+27
7.904796482707495464e+00 5.645847719829355071e+00 1.725395839656787149e+19
8.532810961712241848e+00 5.016050353557915287e+01 4.192074119469108776e+185
6.641212581318308494e+00 7.647578129071897024e+01 3.263751290166022341e+219
8.581197294269752973e+00 7.928841421689222102e+01 1.164103247213910891e+293
4.333284167927256014e+00 5.138544381133737460e+00 4.621276766836794853e+09
6.438049097204326721e+00 8.187289933725857338e+01 9.341190000752731238e+225
2.528337293980792211e+00 4.340427785917768944e+01 4.244341480696914530e+47
3.747653190612250551e+00 8.253191670081942277e+01 1.616906366753851792e+136
5.157492324880740497e+00 5.373043699913083060e+01 8.249779520918175639e+121
7.366619343015504029e+00 8.059656991210349020e+01 3.563608158302544805e+253
5.024382451611616673e+00 5.914259648265645808e+01 7.417956154064381106e+130
9.075927858924494274e+00 7.951317455858891492e+01 inf
8.412779694631517202e+00 6.277856176924176168e+01 5.073959104118905816e+230
9.090378954620843999e+00 9.483403095580868580e+01 inf
5.727674730596069352e+00 6.911206994999876230e+00 3.025953194780491520e+17
4.732940137425328153e+00 5.066024250834567511e+01 1.218108414546979570e+104
4.844426134351448532e+00 8.094858874035313079e+01 1.964529584595534608e+170
8.163323446365609470e+00 8.400078137630225683e+01 8.876153333791747395e+294
5.138362640320514707e+00 3.787321614186831198e+01 1.084319265246584946e+84
7.683526541929474263e+00 9.861397468440812020e+01 inf
1.811597516728643553e-01 8.381854004486677923e+01 3.651157559601443354e+06
2.624833670135942043e-01 7.403533846977745725e+01 2.729099662772957683e+08
5.221803579999376943e+00 2.721759825936787891e+01 1.270900467779369116e+62
6.924178370019904882e+00 2.495263307287718035e+01 6.253882709243758501e+74
4.463997013295731620e+00 8.416882939118629281e+00 1.705606127585846400e+16
5.547714374264143267e+00 2.386009805913142756e+01 4.628993412840069535e+57
6.203974265770007435e+00 7.207391094051752134e+01 3.348923542902964517e+195
7.469206858980980357e+00 9.755338391855741520e+01 inf
2.345902456039518302e+00 5.165991124128751721e+00 1.518187169889877550e+05
7.799196880073782978e+00 9.032185318416431130e+01 inf
8.923173492162142395e+00 9.475648289681919323e+01 inf
9.544989546212556686e-01 8.756556345739863900e+01 1.741839897662741711e+36
6.694095539945170259e+00 8.417257295303488718e+01 3.207438103563408048e+241
8.659062180138514364e+00 9.909065627139445098e+01 inf
3.053061615870722001e+00 4.092863000941490981e+01 1.366573190222880388e+54
4.751272878272440714e+00 3.911705409423070989e+01 1.256736437949488741e+81
1.983985689250110207e+00 3.326982717487170760e+01 2.628759890048997713e+28
6.456267529371400471e+00 9.323183155392227661e+01 1.287384919699322359e+253
1.313967891735961402e+00 3.855078653739116845e+01 1.244258163847822993e+22
8.836873831395388734e+00 4.399691663418178678e+01 3.929866307063955760e+170
1.254803851105723012e-01 3.715241272722240495e+01 9.290189503292108952e+01
5.149738872781339794e+00 6.539445732958523649e+01 1.066389165215915586e+149
9.430264056626176838e+00 4.382029396766770191e+01 2.776521796756058385e+178
3.047086504654036077e+00 7.494201699429326879e+01 7.650175137398429416e+98
3.383313951682759058e+00 4.723726341981560495e+00 8.278358765744474716e+06
4.873371989293277196e+00 9.343471343362789128e+01 2.123660138643663701e+199
1.142467038824426684e+00 1.238955152390660785e+01 1.307133084372338839e+06
3.862294501985926054e+00 7.393103346188631519e+01 2.435927962467457709e+125
8.851966033591418537e+00 2.033952345614559576e+01 1.271102707424572675e+78
5.819867493635512368e+00 5.581102286595162099e+01 4.545626306757579218e+138
2.661575988557068673e+00 2.465498169041614673e+01 5.985946726964875350e+28
1.753853121628678569e+00 8.573108420776463845e+00 3.337293148537407629e+06
5.588306660813734617e+00 5.686965381874733794e+01 8.188649654720101039e+135
2.473465464121756607e+00 9.522391260715541250e+01 8.228196563534647551e+101
9.934879681266099993e+00 2.728091593710268370e+01 5.465008306416896511e+119
9.035694037129289313e+00 1.507948685635550490e+01 1.233241290995113569e+59
2.716409569876928387e+00 8.593726528251235663e+01 8.463912271443914155e+100
8.144157267108896647e+00 6.660106814039893663e+01 3.171211972209862013e+230
4.398962373723196428e+00 4.024408933795250931e+01 1.748035957658917206e+77
8.072995671350954083e+00 4.838174086175635935e+00 9.001896000135892800e+16
1.592306804172727075e+00 5.257672445690649710e+01 9.577032985212902544e+35
6.187858733919779475e+00 2.361204342500685982e+01 1.475124943781995193e+64
8.672310772222676434e+00 4.252002305284313621e+01 6.726910776272948061e+160
1.750861991984640431e+00 7.453853339455022819e+00 4.817349401883217506e+05
2.692188506836853401e-01 9.664339165012965793e+01 2.259681018715485840e+11
2.659037055125095250e+00 7.054267074374295987e+01 9.462793790773390047e+80
3.960671297122487777e-01 7.615863587946526536e+01 1.359195088590221289e+13
4.558661846944281670e+00 1.972644393544130281e+01 2.748373506209570577e+38
9.396873846991590895e+00 9.411573775344290027e+01 inf
1.589891412723277997e-01 4.502574789091146101e+01 1.319454355967392303e+03
6.719097599573659707e+00 9.873581202032079318e+01 1.610739660204234269e+288
4.020886108913980017e+00 8.141230760788772614e+01 6.225246284002435186e+143
1.962374875454199641e+00 1.210643295532084629e+01 1.959908326912274170e+10
3.730981283105808011e+00 3.963599467427339818e+01 2.068354951510900024e+63
8.840998797925117003e+00 5.564565107447338477e+01 7.521489744124489768e+213
2.979774685871081630e+00 9.880791600095426475e+01 1.324719226671052122e+126
1.008850070378305652e+00 5.812840583343123768e+01 9.627528879705389613e+24
1.513908514482924295e+00 7.019904673761504910e+01 6.059198480271281291e+45
4.060040295874179250e+00 2.911389703848899391e+00 1.305626613933420012e+05
1.538954584515780821e+00 4.883351577263965737e+01 6.275515083572123704e+32
3.049600939528748889e+00 4.968360349788629549e+01 2.004237505792539078e+66
7.211572634951335381e+00 7.562199793811926440e+01 2.272240108527883299e+239
5.074639687450039460e+00 2.253295232835789363e+01 2.315130623178397354e+49
3.391199317014155223e-01 3.345995333995672638e+01 7.246352061186661012e+04
5.752099580028666281e+00 7.738266495072402051e+01 8.108406037274279885e+194
8.770951522453888316e+00 7.013652726282494143e+01 2.427999469680727794e+266
1.539110124237325961e+00 6.707023944845639107e+01 1.509505898201809300e+44
1.485257452447279469e+00 4.576456559289311343e+01 3.255679039318419401e+29
5.431822033543924455e+00 6.954307435900207679e+01 5.860080320606886637e+161
1.985747458161944312e+00 4.113368547484785864e+01 6.654164891356879370e+35
5.003570313453095331e+00 5.366818218024120313e+01 1.422240591262081090e+116
3.671324552018225607e+00 3.533200818214527317e+01 4.896631267758071927e+55
7.376405292476239772e+00 2.637104025561310650e+01 3.309067393060174104e+84
3.428213502832590520e-01 8.137567437427345851e+01 9.447960623248420410e+11
4.501510877910239294e+00 9.025000672360557985e+01 4.312258390268974761e+173
8.885868717123731386e+00 3.924048870722269555e+01 3.928573212289422521e+152
8.110845335111148691e-01 3.276082488564112793e+01 4.295291429288673706e+11
4.154485118367615470e+00 1.102898187247559925e+01 1.224693018277467423e+20
7.934290598778233949e+00 4.254592695108183165e+01 5.742604995975363284e+147
9.888457070107754987e+00 7.947288523805046623e+01 inf
7.820093247272861703e+00 1.541643508565554654e+01 4.299110739696246152e+52
7.745181679836195876e+00 9.367474805519624681e+01 inf
9.009586930865555843e+00 2.779267556578035325e+01 4.111479244596179115e+106
9.194058998065031574e+00 7.579224670756389060e+01 3.525976153573260702e+298
9.789488657384515236e+00 1.767311991474170441e+01 8.835282647628922833e+74
2.047250851147866424e+00 5.958260749639606502e+01 1.527705417803162490e+53
6.158262981683489734e+00 4.302606953746893481e+01 4.186046523046753183e+115
5.653666468770201625e+00 9.029763810341037811e+01 5.558187639608053386e+221
7.570796403987904100e+00 3.569147439181615056e+01 2.723877650726877160e+119
9.154523752663637381e+00 7.171771889218113927e+01 2.250029773715443028e+284
5.974218880715389979e+00 1.318525035623172803e+00 2.620308559411384522e+03
7.972777691373686970e+00 8.912386866944856934e+00 9.599778503429266327e+30
8.653553087682821499e+00 4.768340187020091037e+01 5.995259669595875934e+177
5.051029531515642823e+00 5.922770793426587943e+01 1.097408191055718400e+129
7.801586549861085018e+00 6.217631310203075401e+01 1.123520817524128286e+209
9.569109479150846198e+00 4.835820613743230467e+01 1.042881621348247848e+201
7.884426709969292624e+00 9.372922800968252943e+01 inf
8.410053421323913980e+00 2.059141461215823199e+01 6.471018129795517438e+74
2.563608392193616137e+00 5.640530551285831962e+01 2.868951537682327671e+62
4.619663080413611844e+00 4.598309933709573727e+01 9.303232082259181859e+93
1.895921015929462383e+00 9.297780676405341183e+01 4.385151432718540184e+75
3.552788153686311734e+00 3.821756452884556410e+01 3.756314026837358829e+59
1.785262817872997676e+00 4.314117107469613899e+01 2.676175095925036802e+33
9.301583659628571255e+00 3.712022017384978056e+00 1.444500197021271500e+15
5.898991510402129990e+00 5.323499758427699291e+00 5.469231437011997656e+13
4.113972081194135377e+00 7.380596341409862760e+01 1.632102929794190149e+131
4.853695951332516856e+00 4.623566252236594565e+00 5.351763845099271774e+09
1.012566803276936156e+00 5.439445374978991055e+00 2.420958304107424794e+02
3.598087809121221614e+00 9.941958131644398122e+01 2.499547885421883043e+156
7.416271610525759783e+00 4.744680076874261943e+01 1.281132586622610383e+154
8.554468464256052229e+00 2.131093174561360115e+01 1.737553443282954701e+80
2.438151075097565901e+00 2.915418249761439995e+01 4.543728195942509431e+30
6.315756987677042744e+00 7.729475326383510492e+01 8.109563261746890184e+210
8.616849321843698561e+00 8.280084054294346174e+01 inf
3.934079394615571434e+00 5.479150919608763814e+01 9.333472592156091687e+91
1.186358766776444695e-01 6.537557653283502646e+01 2.423760726321100719e+03
2.828815700270867151e+00 6.682656945480553645e+01 4.674483188832801943e+82
6.053618227333969593e+00 7.742636898758402708e+01 1.766665853068041146e+206
1.837680070320214076e+00 6.546826799321425483e+01 2.699882281351975364e+52
1.774903092030543528e+00 1.430991959044093420e+01 1.283807798072825470e+11
3.673956285672544730e+00 6.083681067772693751e+01 1.392766984806184156e+97
8.485111193855416900e+00 3.629734170549893690e+01 4.208669059717588635e+133
3.849558905830145150e+00 1.812675255007194508e+01 5.032768383437378775e+30
8.685834498452109642e+00 8.510992634920222599e+01 inf
7.287886112782255843e+00 1.116379739833699247e+01 2.146083257711523809e+35
3.032997490856219613e+00 8.375079264395371581e+01 2.777214540630957865e+110
6.885600513391788802e+00 1.730570638639786996e+00 1.698661092281268211e+05
6.955801548875562901e+00 1.626217313178366908e+01 4.362738206675193762e+49
8.250797525602164839e+00 6.720400120794566590e+01 5.420195639174576810e+237
1.164509830085009634e+00 6.508216122471147003e+01 1.095233039402357541e+33
9.011766766494025305e+00 8.483983236391591731e+01 inf
3.167812213120652753e+00 6.219977662124269813e+01 4.018414526701255663e+84
4.033972826508438914e+00 2.258229575805286160e+01 7.264532573473417184e+38
7.702399105284964520e+00 9.374944830043897070e+01 inf
3.930810119515629530e+00 1.266029205106028144e+01 5.042634049367804215e+21
7.513487400983143161e+00 3.025469280424819729e+01 4.272670201104050103e+99
5.508046751625736093e+00 6.823172123607915296e+01 5.197143184439543094e+161
7.137430539119179684e+00 2.534652579093261338e+01 1.948887409890538658e+77
6.406147757641559082e+00 6.145648908778081676e+01 3.873034011875633692e+170
8.520185800466036241e+00 6.887346902806429227e+01 1.774896995213788368e+258
5.856651985073256128e+00 1.946052085991077973e+01 9.922742979641910670e+49
2.385014968341927943e+00 2.669964539910703039e+01 3.833081116054241164e+27
2.517864935785850466e+00 6.290301073942595167e+01 9.635312646433814567e+67
9.190351278563266391e+00 9.704941637085718753e+01 inf
9.419517118497921615e+00 9.596538436685897011e+01 inf
8.415119043882908656e+00 5.556319957576310742e+01 1.764169743496995150e+206
7.220489482523086089e+00 2.083290477844850130e+01 9.901217387389633286e+65
4.859212770510359380e-01 3.372462524854435539e+00 5.197827050555930306e+00
8.195117780913194760e-01 9.398350407703733822e+01 8.020404001282211548e+33
3.775046294542359071e+00 8.208197967641528692e+01 4.978883800061698575e+132
8.461680591299575838e+00 9.361671058704668269e+01 inf
8.159122636079789714e+00 8.259913292394531936e+01 1.406751512130418823e+293
6.729229891623387694e+00 7.798281593405695844e+01 9.032952637077891541e+228
3.556999343217638110e+00 5.398664995718733906e+01 1.425860758700813009e+84
8.388056168469134377e+00 5.902607469025142706e+01 7.632786851948894671e+215
5.282779941805788582e+00 8.266090650692596853e+00 1.244434339949185229e+19
3.644535301004617533e+00 2.025685834224040960e+01 1.566383610128946345e+32
7.766706662187575105e+00 7.439143484372597470e+01 6.148809929251842223e+249
5.411706906517235183e+00 6.633061241699213184e+00 4.627976732692279000e+15
6.509169186711081245e+00 1.583599747275832570e+01 2.948206866511596208e+45
5.989314891588345624e+00 9.955414437115931037e+01 1.381088719156605205e+260
7.584435766909341403e+00 7.580282299726546569e+01 6.712811384450528822e+255
2.636916621235634750e+00 6.942872236789136231e+00 7.427841888257038593e+07
7.445980818500615328e+00 2.296746492021007313e+01 3.667537237119108027e+75
4.551360334310313505e+00 7.207367409496103505e+01 4.155858603821120737e+139
4.745284200428406152e+00 4.652545141118595851e+00 4.568616196454053879e+09
3.045821328272138029e+00 1.793287392921373069e+01 7.417474202608010915e+23
1.950841492736932858e+00 2.084619755752600945e+00 5.825969885428141737e+01
1.633086193186580770e+00 9.560926489465067846e+01 1.955109540403681629e+67
8.114288321010306504e+00 4.452293273068682566e+01 6.729065490937696391e+156
6.037069022758261738e+00 4.352792149743221017e+01 1.469331926738903856e+115
8.354270605281124418e+00 1.379316948875480975e+01 2.107552959019767093e+50
9.223909235353499048e-01 5.771401458171904153e+01 9.191342867681171105e+22
1.251239159951054392e+00 9.661196324516282630e+00 1.865367354047507979e+05
3.136377763427609988e+00 3.149191171686065971e+01 1.379993994683068174e+43
3.857675932292599530e+00 7.777991377905834725e+01 3.213780982424763318e+131
1.483331460822929548e+00 5.771958262308793763e+01 9.153584527038990552e+36
4.693931820944189148e+00 2.875976031049720660e+01 9.768877345766242375e+57
3.290283187693393563e-01 8.976592776515829541e+01 1.039511338740568555e+13
4.983473352018258140e+00 1.143330113570771633e+00 3.291597510076489925e+02
1.039008006911251503e+00 9.038680200696880718e+01 2.206218949725100984e+40
1.571804683039796702e+00 4.046446375019534258e+01 3.534172585604721089e+27
8.483671541354311785e+00 7.180392253912992828e+01 6.337777514617926015e+268
4.324416174194499085e+00 7.216435913420670545e+01 7.667704306276096796e+133
9.960955940063723757e-01 2.657448212028516821e+01 3.263858525016870728e+11
3.971550094274388432e+00 7.915367819162358387e+01 1.510606418507556013e+136
9.331321945937784079e+00 7.044714630997420102e+01 9.678770563782975840e+289
8.599306678548490623e-01 8.570137083574775261e+01 3.411569839417325939e+32
9.057822371818311069e+00 8.890437573864299736e+01 inf
5.882725441811267331e+00 7.412958212649954248e+00 8.531564212506418176e+18
1.901149899958119116e+00 8.971227740730547850e+01 2.756071133110266042e+73
5.158314717378273073e+00 8.717990048050687335e+01 1.221485989472350045e+195
2.489715699963005235e+00 9.010834039027260545e+00 5.252056930772375107e+09
2.039045406454985887e+00 6.871898598756953191e+00 1.521967424983133096e+06
5.531445481592649926e+00 5.397498410654538503e+01 8.999035265546109350e+128
9.413805440676222602e+00 3.968603302089594820e+01 2.991207723428979405e+162
9.434944509819114700e+00 2.241465890175465248e+01 6.268679592658641596e+90
5.721712010166551288e+00 7.165797123564708215e+01 8.229323320376222284e+175
7.781787037856432221e+00 1.407114049740456174e+01 2.555998611900950691e+47
7.201441112242108034e+00 7.195015140911149842e+01 5.481081318590714454e+225
7.445079804162670456e+00 3.726393221908382003e+01 2.320279760787013896e+119
5.540379334119362120e+00 9.306927220075401408e+01 3.573168827566692082e+225
7.975760750368213081e+00 1.068075867024484893e+01 2.033848776402632148e+37
4.724872249339916230e+00 4.822698662547919213e+01 1.629752094962443584e+99
6.765781073855750449e+00 4.471654606275242827e+01 2.486370863734994242e+131
8.489087879533519398e+00 2.867065668339798279e+01 3.416788317724355706e+104
8.320077372150368689e+00 4.930012399669220713e+01 5.887306586665793183e+178
3.747910138267027680e+00 9.779179507414836792e+01 5.173652963269377930e+158
4.010958251945375252e+00 6.383807681639287246e+00 9.802881005300338745e+10
3.841206865676479509e+00 3.739035846286022480e+00 1.342259219449137105e+06
6.217779169454400900e+00 5.127474328125392589e+01 9.593668277513074988e+135
1.331128905547185548e+00 5.767704528283956478e+01 3.440782280789372184e+33
6.346923935731336286e+00 5.098023164009183716e+01 2.113408514704611027e+140
9.765368550369149858e+00 2.410319586891269239e+01 1.081643337997387065e+104
6.773316617411345497e+00 9.671714871056467189e+01 1.225829547989955323e+288
1.601556414993830835e+00 3.284697694551149283e+01 7.349591633870072263e+22
3.190971305042753503e+00 1.987008461278148985e+01 2.016467345182218602e+27
3.491212865537691723e-01 7.576143756519029715e+00 1.458933159798720247e+01
9.945671161326913534e+00 6.234942938872634954e+01 1.186282818096249361e+271
8.487856196911302220e+00 3.185472493678877726e+01 7.265080289319096776e+114
8.677795909703624133e+00 1.284217122813787881e+01 2.047773942798876676e+48
7.673240423372928554e+00 7.499826842126947213e+01 9.044087556659594465e+250
4.855782108950098319e+00 6.082511720188479742e+00 6.221408442999751953e+12
7.359794771266721547e+00 4.856794712836470040e+01 1.962644817348293946e+155
8.615377858595939742e+00 6.871388121062564380e+01 5.578418031315858499e+253
3.296780338753491524e+00 3.590793979807288139e+01 9.982923894955136307e+50
8.849562681424165689e+00 8.136431320405495882e+00 2.157006329224468403e+31
3.640548134351786924e+00 9.321253929276895178e+01 1.858002525901159187e+146
4.115249469200301213e+00 1.513380766260311461e+01 7.011968029796729576e+26
4.543973768379958589e-01 8.726098392318345986e+01 9.387949644764529600e+16
6.590161661100389923e-01 7.532685174262763894e+01 2.970166896952961663e+21
2.489452273384964442e+00 8.736452594783420977e+01 1.358840745920266110e+95
8.117252652341093722e+00 6.487904209276501888e+01 2.290473550553072556e+228
6.717574640385230111e+00 5.385230420678574603e+00 5.970969142888090000e+15
5.975484263297016874e+00 9.651908027985105321e+01 2.063566761273347633e+251
7.271155159888192721e+00 2.424988934787979744e+01 8.341519162568463344e+76
5.171647364527248492e+00 7.134342635893608531e+01 2.713749118854498190e+159
1.183876445471483185e+00 8.372027958016172988e+01 1.265834737644953491e+43
4.728614975805091269e+00 7.884960328565063037e+01 4.545063808027183874e+163
8.150503368245894720e+00 4.800900689384638653e+00 1.089843932399631520e+17
9.465078400803651704e+00 6.516603028768940931e+01 3.581804167026281062e+265
1.305603090884253525e+00 6.952598239195745577e+01 9.471765447899492810e+39
3.508606677127149798e+00 8.823311285038479923e+01 4.178971012732614558e+134
5.692764462879329912e+00 7.319011583783287733e+01 2.733905480589221862e+179
5.441166447853819754e+00 6.938193903216979663e+01 4.355917122754329809e+163
4.643520340303770588e+00 4.682488738227431924e+01 5.198641347891477590e+96
8.268630228013613248e+00 1.221091242240010821e+01 3.635148651552659317e+44
9.312537522934192680e+00 1.044800531799343624e+01 3.829894305048847593e+42
8.591251257352343629e+00 8.910175749469446771e+01 inf
3.045646866359426941e+00 9.042256706278308798e+00 7.927016600746678467e+11
9.071727260476514232e-01 2.446811579342642773e+01 3.919862315679737091e+09
5.070918515606021693e+00 3.937111734682601139e+01 6.527328216279886485e+85
3.609003377066001494e+00 7.773069532560568007e+01 3.802698469914447897e+120
3.251181338783545094e+00 1.953758963464827580e+00 5.258982446473669370e+02
3.825274519948404173e+00 1.586730523965417383e+01 2.281384636867430350e+26
7.120222165330971187e+00 2.781452842994432473e+01 3.255078393589684632e+86
9.191148685376287375e+00 3.568438675544945227e+01 1.899704616285599929e+141
4.710777045242101835e+00 5.161813698325408950e+01 2.144369662623230980e+104
3.778766313166768587e+00 9.142419530696262342e+00 1.235928986046976250e+15
6.001582154357770094e+00 1.531365686222494915e+01 2.288126433401603662e+39
4.799814477391746159e+00 2.671043975173416385e+01 9.818384001718091020e+54
7.030413894769186101e+00 8.156274143412343847e+01 1.035660012341334343e+248
2.422406740903454203e+00 5.527826580664096667e+01 4.442506329652260501e+57
2.085960804333208962e+00 6.076094910937540305e+01 2.435804319367011961e+54
3.396593733581313224e+00 7.572535313001399970e+01 8.361126867574792774e+109
4.134332579096485993e+00 8.577419871763046899e+01 5.429629666208080509e+152
1.578154670295518702e+00 1.087456541098354457e+01 2.577622804966931045e+07
2.875802906067707720e+00 9.098361298289486143e+00 1.658379938769052429e+11
6.301024299653469996e+00 8.792087760469583202e+01 1.812514701112936784e+244
4.589859981074289053e+00 1.369897722100942161e+01 1.397219435408798103e+27
3.545563706941510240e-01 4.706997264601685060e+01 1.668001600883828476e+07
8.496850582659467577e-01 9.688286417156079722e+01 9.370976794061223127e+35
2.666209270738531867e+00 6.439091436083192832e+01 1.789794364686804352e+74
8.159632887940750479e+00 4.700922352307316743e+01 8.336404336823625469e+164
1.559184013792775492e+00 4.935115804177161891e+01 1.894889034263566675e+33
7.107977800425712367e+00 6.711411929431899459e+00 5.332253247373154714e+20
5.911317564676775049e+00 5.242954032090237604e+01 3.324726385528429869e+135
5.133112099364260494e+00 8.351205528250605425e+01 5.148133998615486682e+187
9.987919097865370688e+00 2.585619716757804198e+01 3.740023651853982277e+113
9.404717053506777447e+00 8.149474754833391899e+00 3.222789633460498494e+33
5.103457494167522590e+00 1.111789661166036858e+01 3.023441712171790526e+24
7.118179357496153159e+00 4.030281945619677231e+01 4.335327280626705949e+123
6.509206836076509184e+00 3.113992764552495629e+01 1.837697173356081201e+89
8.406426537354455775e+00 6.548014279779417279e+01 7.912018379158057111e+239
1.259214532683683219e+00 8.772511257171670707e+01 2.983903911783756151e+48
6.383044099818516948e+00 4.712024130681935219e+01 2.212381139741743267e+129
1.032890711201848832e+00 4.782323958005923004e+01 1.326373223315176948e+21
9.186583540676576121e-01 7.308743273468235202e+01 2.788239905439337621e+29
2.325057128139365492e+00 9.662334234040615399e+01 1.053377279516542433e+98
1.996288727124813311e+00 5.630246327458178257e+01 1.900214975002359241e+49
3.590506157749055127e+00 6.327679152013912045e+01 2.055131205189076160e+100
5.048615159578636380e+00 7.483395468808588191e+01 3.774041503489238898e+163
3.220528300966028823e+00 8.686811989451348381e+01 4.576670949890016010e+122
8.803292060612632142e+00 4.893309253176118290e+01 2.101338498222172425e+188
6.847402668195065045e-01 5.272934989001577577e+01 7.198513283562933000e+15
6.820923033911094002e+00 7.853549734028408125e+01 2.978078471225180180e+232
6.048315860819554857e+00 7.283045664619511683e+01 1.531087976710484648e+189
7.818294438605270180e+00 3.587781770876651422e+01 2.522551936829579899e+123
5.805949603203226062e+00 7.512596972565167164e+01 7.579359794515133348e+189
5.045046397369511659e+00 5.597238957958459338e+01 2.742993356204262986e+124
4.913765161017160210e+00 6.209993484241441486e+00 8.934873873894388672e+12
3.170569450869059835e+00 7.521730478191639691e+01 1.709367882086297974e+103
3.544196442852825868e+00 8.357894552802177657e+01 8.470722125034867052e+127
8.204678230426770469e+00 6.901767357842713579e+01 3.389524963217887903e+248
8.428905262227138095e+00 5.202429707315225471e+01 1.083176191588955632e+194
6.428652133355407194e+00 8.034446051558732904e+01 1.118914440085697073e+222
8.058354613750161377e+00 9.667463450372375178e+01 inf
8.733534785374297726e+00 8.146502424183530877e+01 inf
9.433758462451280025e+00 4.121882118883879542e+01 5.152475562154095109e+169
9.837129500840230634e+00 9.677075629438694193e+01 inf
2.555949976809122060e+00 9.970697319493882560e+01 1.015502254791668631e+110
1.402124691792969724e+00 2.959719910114285923e+01 6.731057689144565760e+17
8.253142813889772000e+00 2.163539550988976856e+01 2.206383950971823841e+77
4.133739017427735085e+00 7.173551504386124122e+01 7.663028160248380621e+129
8.659691458040818191e+00 7.325667712585878633e+01 1.420182648091378900e+275
8.210491005846659363e+00 4.890749979196123576e+01 1.965254635868637405e+173
9.373237719002277757e+00 6.403823485722879738e+00 1.561694342330776366e+26
2.832038919751269646e-01 4.128947532443395119e+01 1.181894494180709735e+05
3.935971065377433131e+00 9.104155988239507735e+01 1.695462829183466444e+156
9.957947331872185615e+00 3.953668181487486066e+01 1.463121627141010097e+169
7.132359912755731557e+00 9.547093001387830213e+01 2.277808113091806786e+298
6.040517011907711620e+00 9.747311617332323408e+01 8.225959391753592540e+252
4.148261044387407281e+00 5.020730708586295776e+01 1.191255724921412597e+90
9.118519545092889089e+00 5.189565277604141436e+00 3.366956439277509673e+20
6.728528417612748669e+00 5.906479803765277126e+01 1.019301312058868044e+170
6.836767027433269917e+00 6.530592653598637298e+01 3.500529985649765272e+198
9.610733751787425838e-01 3.470474662237314600e+00 2.854258501246955149e+01
1.721450621399348124e+00 4.871790138015551008e+01 6.272991946348194436e+36
3.089840556689976037e+00 9.188801972850725974e+01 3.333968329106938602e+122
8.655344583857150553e+00 9.510633831091533352e+01 inf
6.649566629292394282e+00 6.970684304574791668e+01 4.434611506927880361e+202
2.099523793190580356e+00 6.559118665793177172e+01 8.213569620302398957e+59
3.339479242252357594e+00 1.760649546709808178e+01 1.150149774171969082e+26
8.752625366439929167e+00 5.738810528615883300e+01 1.878974423157232288e+215
3.388522644259517325e-01 8.960872933249622463e+01 1.092607963632429102e+13
3.997359912532086224e+00 5.157017893884295034e+01 4.299339774983098375e+89
5.445323283522931490e-01 5.803299510403473249e+01 4.711099188546385938e+13
1.615341778459578270e+00 4.069082767108547927e+01 3.610722637181970909e+28
7.707742202754277017e+00 2.231646508644989879e+01 1.765757175263583095e+75
2.634640915603240430e+00 3.985699337580579993e+01 1.496592901614389296e+46
8.023906541912916524e+00 5.727115020909300824e+01 4.619349234793295420e+200
9.443811319424490591e+00 7.289701488374005578e+01 4.816864489540263727e+303
2.844216737467844425e+00 2.017831078180945070e+01 1.004543787688097723e+25
4.811963903806757870e+00 7.601281714173495629e+01 1.011624337275971028e+159
3.621676206680900734e+00 6.330822934288260484e+01 5.682773858768743986e+101
3.652132666332508215e+00 9.608354227503348000e+01 8.195345260444002007e+150
3.055271205141542712e+00 8.453536268278797650e+01 6.022007120365466413e+113
7.660633109111677719e+00 7.958428676282677827e+01 6.406134139950601192e+267
4.707116546888097552e+00 4.939633426786613057e+01 3.903211321228481010e+100
3.806200825929330733e+00 7.371946395904382143e+01 4.789379655701150438e+122
2.476662320015857954e+00 9.792551230898498105e+00 3.233450560216411209e+10
7.121800043435969840e+00 4.498637838176140491e+01 5.892757451345633683e+136
3.825738529383936992e+00 1.069541753118111593e+01 5.324343447510413440e+17
1.023930154087255628e+00 3.191714945218328126e+01 1.045972168505821094e+14
6.935545784013663173e+00 4.131659573839012012e+01 1.159169050477433093e+124
9.734889687960928129e+00 7.173704681050224963e+01 3.219459827887370576e+306
4.151082321607453274e+00 1.607939372346245221e+01 2.559302156996412773e+28
4.980392057911190440e-01 3.892706843682358908e+01 2.475092030714924634e+08
4.941925098290782969e+00 2.392733807012902503e+01 7.052318704003505410e+51
2.359572756150005723e+00 2.874111143300217464e+01 5.868472620727242212e+29
6.157527922585429359e+00 8.777666560894594738e+00 5.122600649344987295e+23
7.249490165216033510e+00 7.801698069597764018e+00 4.799075451454343428e+24
6.936230208012910126e+00 7.425519587315192460e+00 1.312708267930059748e+22
4.492260445276466285e+00 8.067105271532430777e+01 1.214963458973352406e+158
2.678499980874467834e+00 8.339976868205140192e+01 2.075080384846095920e+96
6.324987770641633311e+00 3.598386868886323864e+00 6.639132577390153885e+09
3.366496690429679362e+00 7.200423795617781764e+01 2.255266077687749556e+105
4.791222079648347787e+00 6.438297983422650361e+01 3.073071178253013412e+133
3.859771544627586870e+00 9.016844302030982305e+01 1.852240056700088604e+153
2.572359340863494381e+00 7.376489524280982835e+01 5.538284466182207834e+82
3.208178373924702065e+00 7.437632907450802122e+01 1.302233349541642913e+103
6.810564271972250339e+00 2.993103102551059536e+01 7.216457977818463745e+89
9.037173648281260796e+00 3.540397093646201654e+01 4.763878655146310056e+136
2.076644984192671517e-01 1.373464226792136955e+01 1.660932736767920659e+01
7.017018325537698331e+00 8.574407772650465631e+01 1.710060800220805956e+261
3.017946333774086387e+00 5.079483166447919729e+01 1.653769630924435036e+66
1.370137641459651556e+00 2.944278774250826203e+01 2.840932669922236800e+17
8.364825528802873222e+00 4.023582011312050355e+01 1.729427528877852345e+146
4.126458122064649459e+00 8.434042059638754552e+01 4.866793563911144789e+148
4.986068299214458932e+00 7.210510104454257885e+01 2.061035934841911276e+156
1.242793207870058536e+00 8.300127516822404061e+01 2.997589797296433098e+45
6.046535546569081987e+00 1.290453149994887561e+01 2.832922462518512491e+33
9.919074491748514077e+00 3.719957734462435184e+01 6.018158078332033888e+157
1.318271012668190134e-01 3.406636829494107133e+01 8.897305515956954025e+01
3.337425665028399546e+00 7.888536984578351507e+01 6.321701878441482488e+114
6.138766297682842321e+00 9.451353364018339676e+01 2.486133266854800862e+252
2.874182618749428375e+00 7.109500860932166688e+01 3.954990400457953566e+88
1.964185528248892698e+00 3.152129413351268283e+01 1.004036304204520856e+27
7.670732795053047504e+00 5.981860151952943028e+01 7.520766492975128272e+196
6.244949358401360451e-01 7.400584167182719852e+01 1.877465362425096110e+20
8.635337068345824818e+00 2.825877164031289723e+01 2.415407763235591395e+105
3.744391500181471599e+00 1.677569069462885309e+01 6.153262840111727485e+27
7.779875950770818172e+00 2.981616500102497014e+01 5.315400460365058834e+102
8.969007636707866382e+00 7.615933941844945210e+00 3.943679677177278217e+29
3.288325176051213883e-01 4.649052037615657440e+00 4.498935269452627672e+00
7.926519947452408843e+00 2.431530809707596319e+01 1.014099774772140429e+84
4.875036244324524759e+00 9.411007073077475127e+01 7.975085484887427477e+198
6.094562513420028083e+00 5.731177809641068421e+01 1.450986717284849960e+151
3.904739675468555049e+00 8.220045496899224702e+01 2.410249416148389905e+139
1.015616736312158208e+00 9.436657047932519049e+01 1.587792878693008288e+41
3.929976247156049540e-01 6.847862048637229293e+01 9.757387074404147949e+11
5.452519467501080186e+00 3.652279857853954326e+01 1.417680106351951138e+86
6.579316871239225151e+00 2.726569174963139730e+01 1.071661006126793735e+77
8.595954546234527704e-01 4.775435515347951565e+01 1.144974722404244352e+18
8.389049710197159726e+00 9.568793526370440361e+01 inf
7.117910493545331008e+00 2.183692833746223627e+01 2.406421239274555686e+66
9.435278664322952480e+00 6.145879573521872885e+01 5.798853856173849951e+252
7.536765870127378975e+00 5.899616641558437635e+01 4.924232951857663817e+193
2.762818908556115449e+00 1.409502792100439805e+01 6.406082881155388800e+16
1.169080100878175710e+00 8.692213233929631144e+01 2.934951730140904190e+44
7.482035233503881999e-01 9.817322693703677317e+01 5.866598246949016377e+31
7.716149987900775997e+00 8.905345996722172686e+01 5.494228714184007988e+298
4.865059234348512174e-01 2.400893556611048041e+01 1.507506843904617126e+05
4.247496487914220964e+00 3.632034708768122755e+01 2.344036588560794501e+67
7.303528001928972557e+00 6.152425150411990273e+01 1.720797569298825055e+192
7.717792754536742628e+00 5.316875253339238583e+01 2.188695284696211008e+176
9.686742610899669259e+00 6.670772295258794315e+01 1.604533196697687856e+282
5.933411703955211891e+00 4.959500208011416333e+00 7.962702916952037109e+12
5.656141345801499298e+00 6.850663058997233179e+01 4.249921401555262763e+167
7.460422239027736602e+00 4.244589016680348692e+01 3.053453100711297096e+140
5.434547151639485207e+00 8.084894210932748138e+01 3.420852910779800230e+193
7.185279197534966578e+00 6.149298239442527603e+01 7.722924593052296325e+191
3.324025456765447473e+00 1.688754252533501798e+01 1.832218085462347155e+24
7.258203331404997627e+00 8.243115929041310608e+01 7.063383119791928703e+260
4.191089952717371503e+00 4.698947941215726587e+01 1.001087515533523892e+86
1.025465153722135009e-01 4.186309492212102867e+01 7.063943465062466487e+01
3.037172923440548011e+00 9.212870107556517496e+01 5.335399777326150488e+120
1.128313396127869517e+00 4.459948567279842990e+01 6.294571185901657915e+21
8.389489157687384235e+00 5.318483122209493530e+01 1.787698400900538263e+192
9.830023260808074426e+00 2.410141706498094294e+01 3.640590987357990757e+102
9.410046302574453847e+00 2.351892533524555162e+01 8.736236301548778189e+95
1.881815081470945561e+00 2.233483829669017240e+01 9.732709517146195200e+17
3.403235947471759726e+00 8.440712317188112479e+01 4.013138410183740980e+126
7.213410788365662185e+00 6.433901616874300089e+01 2.897511377087836757e+199
3.565093706472523660e+00 9.294332912009322101e+00 2.757002240415866250e+14
7.870891405753823733e+00 5.112830303377133134e+01 1.155403109710160339e+175
2.517138101603662026e+00 8.147401066682572690e+00 6.210804243228213787e+08
1.965400043205640213e+00 3.080154480829119734e+01 9.045025503062035227e+25
1.009051888604368896e+00 7.170507724767544744e+01 5.401207673552050382e+30
1.036947219872945247e+00 8.606695214193453580e+01 5.751439272537743591e+38
4.758132069186343793e-01 4.848312558116643345e+01 1.062136839816552353e+10
7.387716775634372013e+00 2.522083426792686112e+01 1.248777184579772694e+79
7.300485707056107998e+00 4.109199709310280468e+01 1.470209817184149368e+132
3.539237705159280267e+00 9.754526141904942449e+01 6.498609086033005430e+148
1.421748089292264261e+00 1.096743227868953507e+00 4.640157326390415449e+00
9.980160410697538342e-01 1.716644159426554594e+01 2.624536827298352867e+07
6.358628151362448300e+00 6.576736267410250747e+00 2.084970145225787392e+18
3.385821067902190062e+00 2.223019785171939944e+01 1.036709343774544504e+33
4.827033254970596765e+00 9.639558237221521608e+01 8.444205145765899091e+199
8.918790903212792998e+00 9.386550071831704756e+00 3.300857002785605865e+36
8.483847132474631181e+00 7.071037628805865438e+01 2.485047910848920036e+263
3.870912386554348217e+00 8.119895999573380152e+01 2.285405123993727284e+137
6.646010159777624438e+00 8.333529503580363951e+01 1.155786695720434308e+240
8.958701997389493243e+00 9.721189604067591006e+01 inf
1.576192716488473144e-01 6.215467757581103569e+01 1.898710333516483297e+04
2.078574567208033574e+00 4.931092199435937573e+00 2.675528482196474579e+04
9.740395635917156625e+00 6.651634439275085242e+01 3.072193524054773420e+278
1.960863179588470784e+00 1.882709277159988659e+01 1.227366086481326000e+16
2.143153034931663647e+00 5.974417400856393101e+01 6.750270897660658603e+55
6.669869031376961743e+00 8.501689609251356217e+01 8.619513583344471958e+239
3.997649020074009574e+00 5.230903511721485444e+01 2.186741646104221562e+92
4.607371923842313421e+00 4.092191551206149569e+01 2.840936720392487057e+81
1.737915992689334388e+00 6.572317556970662622e+01 1.258628419225774263e+49
4.665722644939419794e+00 6.288005636278808197e+01 9.429984144825841129e+126
4.831429187853827578e+00 8.803052342926291374e+01 1.677631246817319377e+186
9.862652288190682626e+00 2.041522440135145189e+01 1.369298025744966709e+88
9.675498229346407797e+00 5.911351020338749152e+01 1.554874470522751752e+254
8.502079020385734154e+00 3.731820214320215001e+01 6.504475342951521371e+139
1.444091675270920083e+00 6.305117440935084261e+01 9.043877880123831099e+39
9.563044899298297485e-01 6.445176937823441676e+01 2.112584026609861428e+26
9.584927202241786404e+00 3.038497844232040990e+01 1.906223471164561145e+126
6.776261154346217452e+00 6.490656449984809839e+00 1.264351824493467238e+19
9.604774487565181929e-01 8.205787360517402362e+01 1.891328196731860563e+34
2.586330587302029915e+00 2.868881815550078329e+01 1.763511889112545560e+32
4.461227738803463794e+00 5.108632119808446959e+01 7.711532564308370821e+99
8.709083765342272798e+00 7.151949682770376171e+01 1.038416175625547660e+270
3.406098084931639569e+00 9.398236159656680400e+01 9.166551535709637874e+137
5.343915592254314895e+00 7.598951587247756834e+01 6.654198661425580586e+175
7.296739513975773583e+00 4.694768464160992494e+01 2.199891411143821597e+147
8.943578417866286046e+00 3.563577473117325667e+01 2.636927378874191337e+139
3.738897782974493822e+00 5.692893091046059340e+00 1.303805759230076790e+09
8.477483023810483687e+00 1.464339436987539855e+01 7.055016622341928707e+53
7.312939733441679913e+00 3.598440915117540584e+01 1.620777067586827327e+115
6.254606472985614118e+00 6.418808702172752589e+01 5.053106031077392436e+174
1.516401650215015273e+00 9.180289992394349952e+01 6.180719874780040916e+60
3.935122870628198655e+00 8.249017707637906938e+01 6.783649363937446870e+139
8.681308234754427033e+00 8.138174841328597608e+01 1.891680335793240490e+305
1.645600955597115167e+00 7.457611615608306010e+01 6.328500193413261703e+53
5.715099594752619083e+00 2.970913200245920649e+01 6.175832400990503451e+72
3.628829993872284110e+00 7.294992053291055356e+01 6.514278521626756420e+114
4.102424623687310756e+00 6.034135456072385040e+01 7.630085718114909038e+107
6.332366758722939082e+00 3.104441412780920828e+01 5.878586888218904925e+85
1.359055482919771629e+00 4.235297492516355788e+01 9.904523878745568069e+24
1.367239508155508876e-01 8.396022280261965420e+01 1.078939639103059890e+05
9.811193300367989423e+00 7.000327876303693131e+01 3.701526788602958134e+300
7.717228763804393488e+00 9.113195793716175785e+01 inf
8.422901534765914633e+00 9.922758202030104258e+01 inf
2.815082447403510990e+00 2.566952985767862216e+01 1.982964695300765444e+31
4.963097463298907996e+00 9.133480318855793811e+00 4.099126062079434752e+19
3.014310797785171303e+00 9.358083837151583850e+01 3.730737173106948986e+123
9.228740140300676131e+00 9.017368475650368964e+01 inf
5.794176866079450150e+00 4.670241711329998680e+01 4.816891793401363073e+118
3.730903022616208986e+00 5.546657919703397255e+01 1.171318666595906876e+90
1.940622325165744844e+00 4.415546137694445150e+01 2.807802215007956880e+37
5.271558127722562936e+00 5.228724313369446719e+01 9.408307290967696706e+118
2.248678477026117672e+00 6.320377314036353056e+01 1.037935658534208384e+62
5.085494131398130335e+00 8.924348773878557495e+01 5.692247350470378879e+194
1.051251581186719575e+00 2.956858839292099361e+00 2.287187704597373283e+01
9.001123261319150970e+00 8.504981244389568928e+01 inf
4.152219176902616660e+00 7.718586866938696289e+01 6.984343013745466622e+138
9.154715083629458405e+00 3.245946438431711556e+01 5.902539998034705881e+130
3.073138270315473708e+00 6.386305814131700487e+01 3.295735205580478577e+85
4.289058670272852147e+00 8.708706568245123236e+00 2.769394675106201600e+16
5.442244547229391216e+00 7.786790928855126026e+01 1.714478670505761858e+185
4.902896718609875748e+00 3.964827472502321370e+01 1.255349011307519762e+84
8.175058190734768360e+00 3.675090767493704647e+01 3.745502575764624889e+130
2.972465688762823799e+00 1.241109184924929743e+01 1.276752159787706600e+16
6.492152090105698825e+00 3.209857296679942351e+01 1.855825250577715800e+91
3.918316350350336652e+00 8.878040679975673299e+01 9.931431252216190839e+151
7.595646764705534792e-01 7.009614017716977230e+01 2.146262424222579661e+23
9.097472074771063788e+00 9.820724621476779603e+00 2.923988027312541992e+39
7.661450024674012482e+00 1.012955959592587618e+01 1.248616112596588297e+34
2.354514060682189935e+00 9.813389457779848613e+00 1.133098459660807610e+10
3.835429504619422225e+00 5.485912400195292093e+01 3.295397046242359666e+92
2.839495278136765943e+00 8.901387393537169146e+01 1.288610054130611576e+109
1.641724587371570454e+00 2.113238495179762566e+01 1.430149922259891750e+15
1.705501046618544292e+00 2.629165292161880885e+01 3.908594364361508454e+19
4.455300892837736448e+00 8.010534770154163198e+01 1.705531515850774570e+154
7.138225434690559368e+00 7.553369060404106961e+01 1.347511027051017971e+235
8.283165264835966823e+00 7.199185075054892025e+01 5.563181644869178175e+256
4.796739827348484475e+00 7.718115742391734102e+01 1.803559822435063181e+162
8.227943569342141217e+00 5.833893218871798680e+00 5.672268043403627725e+20
7.188560994544324956e+00 6.887345970692952335e+01 1.695950347587167627e+212
1.949714426149595781e+00 7.928859044084693153e+01 1.906476745222450930e+67
9.983225602237654428e+00 9.966255646329805984e+01 inf
3.512911666243177855e+00 7.151911708618459329e+01 2.576029782524045418e+110
1.568667444199599803e+00 4.817031647782258830e+01 1.562700966549841098e+33
4.184115017522559654e+00 6.082653910606553893e+01 3.768246829235872511e+110
2.173555059055189087e+00 8.872078771048077073e+00 2.284781844914717674e+08
8.013271163519736007e+00 7.469577091669485469e+01 5.816951995694160618e+259
8.573062589412324686e-01 3.880987247616923952e+01 1.661133795465015000e+14
7.584843103783800444e+00 4.516756941799219049e+01 5.451872215891566720e+148
3.374035739617084584e+00 8.378752523341566416e+01 1.586519853061587993e+124
1.555662036124920711e+00 6.141793306331099700e+01 3.525618744867926454e+41
5.938274184553168134e+00 5.917926375734475641e+01 1.924225283036361783e+152
3.835046488934420683e+00 3.182593521081124521e+01 5.852176007272319110e+52
5.451181853387956799e+00 4.615460590571860422e+01 1.219440360815938866e+109
5.492087054795519840e+00 8.678801699283505400e+01 3.048666906120771662e+210
5.073606174305662186e+00 8.638940378152508970e+01 1.047903869295379505e+190
7.029387349723820400e+00 4.683851366589374265e+01 1.552099044691015149e+142
7.858719074963050666e+00 1.808880846657944730e+01 1.180001740825871119e+62
1.046764300386104907e-01 2.060950907082892769e+01 8.732233454747564849e+00
2.293913845147031338e+00 5.708733836619727242e+01 4.195159749688694102e+56
1.001652871561560909e+00 7.798233838443952948e+01 9.620785810197454189e+33
6.679705797300434789e-01 9.807455233538338746e+01 3.642062065768788888e+28
1.727753001841569214e+00 1.894402819725899434e+01 1.814898953006194688e+14
9.445923880132641060e+00 7.321947736737730850e+01 5.943388213330440302e+301
2.109845463680072031e-01 9.859038937216409693e+01 9.186334979005761147e+08
6.930982458592266360e-01 5.355794295011470041e+01 1.109570436560189000e+16
1.232074472118115382e+00 2.976295523679111454e+01 6.948974163893009000e+15
8.587062097231672908e+00 2.989977218656738955e+01 9.976089754914527150e+108
2.207007420321431823e+00 2.303923127295134776e+01 1.088617915392417438e+22
9.848068561025517198e+00 5.209080810958671037e+01 1.436800145926116451e+223
7.718864286149030640e+00 6.283247134345872453e+00 4.863082948721664590e+21
1.055663923572249807e+00 6.664407988637327662e+01 3.902184297818536404e+30
6.659463320628959515e+00 8.656611460126651991e+01 1.061702588776806776e+249
6.769767327672791879e+00 6.358471416419548206e+01 6.704662781208977061e+186
2.118453871720169079e+00 5.133740180482211457e+01 8.526848972711964265e+47
3.099199996022857118e+00 4.023206832731857752e+00 2.643187494272384793e+05
2.231486257282741636e+00 4.066476786720328107e+01 7.658464636380312198e+39
8.793960958471751965e+00 6.327257149739319075e+00 1.653538127488570419e+24
1.759806649298413517e-01 6.860279642378735332e+01 1.525879626059956790e+05
2.044467998691601007e+00 6.872773742813326692e+01 6.361532155910457744e+61
7.952134127969168631e+00 9.228225706677388018e+01 inf
9.640139053127533941e+00 6.388281471253841204e+01 2.710978342750965265e+269
3.694340789907789802e+00 4.582100075042579768e+00 1.872120010757699981e+07
3.369517165534853476e+00 3.376569005293782766e+01 6.634016575879437041e+48
8.503142296943398293e+00 4.049472920031350043e+01 4.292216063056038223e+151
4.422828733306011229e-01 6.042125341906015024e+01 2.833621339352832642e+11
2.486084870217148080e+00 4.611167953249542251e+01 2.094704459018939337e+50
3.636744433542665078e+00 8.856593676703317897e+01 3.048032778541558014e+140
3.472178119415898934e+00 9.753622093426660911e+01 8.310235947193770763e+147
3.330442887507039096e+00 5.979603896749159020e+01 5.252713571940640818e+84
1.252581781979470676e+00 6.105014649347357647e+01 1.651042439803310168e+33
5.316915722377783204e+00 8.130289120993104746e+00 6.356125186449455104e+18
3.497104217504533263e+00 4.639458297550505961e+01 3.166759596306632365e+70
7.682512576606347565e+00 1.465035798894151853e+01 1.073651956269563805e+49
4.377946486443081042e+00 5.529692568723092450e+01 7.424712408115780490e+103
1.199762623148686425e+00 9.999130641441297485e+01 1.286427813977215398e+51
3.457286948883062205e+00 5.013477359000639666e+01 1.392901873870696727e+75
8.246088447432137203e-01 6.738300690353432287e+01 2.545954275567585288e+24
9.409167378092316625e+00 8.886495468670653963e+01 inf
9.418871745047606714e-01 3.227982048573741025e+01 1.159135670187235547e+13
9.526930771746474846e+00 2.100002707123818091e+00 3.666314414072528481e+08
8.784461996504171921e+00 7.279534702359229925e+01 3.612862780933180357e+275
9.041788579931539616e+00 4.805953546525839926e+01 1.779324830750527462e+187
1.382115108658522606e-01 9.279341539722148013e+01 3.392007087119205971e+05
6.222070157816469660e+00 1.703860094102888567e+01 1.044068310160266565e+46
6.828344699597471035e+00 5.440736909142030697e+01 1.292494208333837720e+161
6.852165827083857685e+00 7.090534929872723069e+01 2.490929190060453485e+209
9.561318204760226536e+00 5.612989694084451742e+01 4.318875446513933605e+229
6.795961317516043820e+00 5.330416006785425509e+01 2.678734925900284924e+154
2.983330074900540030e+00 9.602610409045431084e+01 1.279924137821853773e+121
8.891652802847817227e+00 3.293463227923064096e+01 9.066524157632464972e+128
8.436630648052229731e+00 4.107037009575322628e+01 6.582410351682222588e+150
8.089404591612900930e+00 4.358667932653924737e+01 2.756842627424271663e+154
1.611114660458315140e-01 4.850327196218047732e+01 2.568497475712205869e+03
7.009640326747206274e+00 8.091519188406702767e+01 3.421957545590826227e+244
7.485165850595490333e+00 4.554748276198353807e+01 2.125903560727248396e+146
9.531789477593990867e+00 9.129014734213899374e+01 inf
8.806096631463635305e+00 8.761369062754883430e+01 inf
3.829548514459328423e+00 2.314857880754846420e+01 1.442769734857144969e+38
9.995052395106636567e+00 5.620494778678713743e+01 9.121046057673674251e+244
4.156036921923220717e+00 3.580127615833711729e+01 4.264127808654793418e+64
2.723475438787491765e+00 6.233872764857827065e+01 2.420218628020414154e+74
2.643734418135551323e+00 9.836720793628447268e+01 1.187085343875812499e+115
8.821122607876320743e+00 8.048303586233360818e+01 inf
8.827929491388120553e+00 1.880785608604649539e+01 8.451037888018440129e+72
8.498165221482400611e+00 8.213086279575283299e+01 inf
1.171252034813855314e+00 3.694799810760384418e+01 7.870793943250566144e+18
4.691796987697512300e+00 1.299541626878902001e+01 1.284614330043546651e+26
7.288051663741452302e+00 8.331871497097177226e+00 1.224353090727803981e+26
7.147795023405509873e+00 8.069233108210097782e+01 9.340472608363063960e+249
3.888444591096078540e+00 8.895407121571086861e+01 3.554743909778611963e+152
1.110684110639764466e+00 5.297575782493139940e+01 2.954637508501960667e+25
3.151326401858385751e+00 8.285333092173364378e+01 2.972310473558520500e+113
3.560598767006283305e-01 5.338101798692168387e+01 1.907499851624914110e+08
1.596077599517763401e+00 1.871300138571855243e+01 1.102646959618761914e+13
9.210734300083082360e+00 1.677052024211051062e+01 3.088881642486383532e+67
2.701461514605543623e+00 4.416969965535297860e+01 2.719253979844720901e+52
8.019976194437989037e+00 8.656610970744934264e+01 2.840234098816902289e+297
5.303119440728872647e+00 5.982439419719158025e+01 2.277965220953881513e+137
4.873589057968327865e+00 9.456978319051229676e+01 5.504356739656936133e+198
4.979002049546212838e+00 5.285367254923776237e+00 2.218268822565465393e+11
1.727679027123049771e+00 8.406845687005717593e+01 8.954145182531350744e+62
2.857465730714332963e+00 5.567454683317758679e+01 5.345211783399213598e+69
2.656718115947915404e+00 7.813901755200143384e+01 1.249841555475720788e+92
6.049596691342568278e+00 8.417771347224535816e+01 2.241678122514868199e+219
3.816285146295617103e-01 5.506822603143496586e+00 8.073915798497575125e+00
4.135515234322470590e+00 7.465886234264527843e+01 2.469309238624368418e+133
2.150603329485943238e+00 9.235006964259450513e+01 4.127893146963108920e+86
8.304878219543423867e+00 7.705727899076629228e+01 1.939153150241047510e+275
5.074633193253943020e+00 3.999543217192915989e+01 9.839497937052421886e+85
7.419474283961575267e+00 3.990800899273068580e+01 1.148371242324888795e+128
3.750950323892046079e+00 9.149636511732649069e+01 1.179163114600744685e+146
5.644864324845449310e+00 6.251855895623324244e+01 1.300403725242614343e+154
6.279166255885535008e+00 7.642745493668988388e+01 1.067652698775520294e+210
4.442340157418230184e+00 3.356828409153997939e+01 1.044597911978415833e+66
7.669008681451103371e+00 7.320573427638183261e+01 3.093679137251697505e+243
9.934314357093288805e+00 9.459945837543295966e+01 inf
1.286283594181450773e+00 1.499725413847131428e+01 2.632938874552884102e+08
6.073834588233941290e+00 4.421048187304179322e+01 2.323829591667317985e+117
7.265592420940001794e+00 3.704983775336761198e+01 1.450244054613731067e+117
5.590172640294635009e+00 9.929267112182616017e+01 1.588465821642779209e+238
9.246461329983782562e+00 5.125454915758729157e+01 1.222766924176540675e+207
4.265087961849956422e+00 3.737052482617659876e+01 2.774558756720413814e+69
5.135967017345857144e+00 6.554380358703127740e+01 1.917177350275840010e+146
1.491355227684877605e+00 8.325721808601163332e+01 2.299521198130183650e+53
9.058582684385733330e+00 7.138913839126159644e+01 1.159062376795650772e+274
1.431055723625989762e+00 6.345549901137856352e+01 2.905165374993456263e+39
5.115778234564629656e+00 2.853768746652346522e+01 5.363904305440013678e+63
1.173871850271511974e+00 4.574078505784869009e+01 6.957259892842694328e+23
1.192566265950065540e+00 3.833031207705485599e+01 7.515005065948241920e+19
2.473304727538669479e+00 2.343048022382093265e+01 1.139548777388139858e+25
2.457015645443671459e-01 8.933672466820107161e+01 2.421182548354590416e+09
3.892227331334496387e+00 8.696507775813725516e+01 1.919083835562916562e+147
4.278779930325574909e+00 1.940179586604542550e+01 1.130248425278486325e+36
8.399990196465234149e+00 8.382832429690758147e+01 inf
6.450666555707275762e+00 6.734110216014032346e+01 1.921027712580739768e+191
2.013182577171841015e+00 3.912143714128076510e+01 4.425835896353208166e+33
8.378531745235523687e+00 6.579997151275367173e+01 1.702457479458553964e+241
6.331104228509984111e+00 7.016309403415415602e+01 2.867438015037235512e+194
7.346419243206483429e+00 7.612622863559529662e+01 4.147739909510059716e+240
2.231882149018086459e+00 2.739518220891532252e+01 1.198549143761792197e+26
8.231692554596746092e+00 8.867718630762121279e+01 inf
5.352241546144132833e+00 3.854776038559300133e+01 4.140821165148628763e+89
8.981953324673385808e+00 1.004721662877139998e+01 7.045519406019932240e+38
9.677221027820502641e+00 2.112507138415631047e+01 1.235026708723753665e+87
4.836502893908966705e+00 4.073892959261638680e+01 3.364094149203879342e+85
4.969463115458899516e+00 9.343439723224187787e+01 5.201887069507576443e+202
4.190380871618739178e+00 6.765106816386327715e+00 1.692128629127377441e+12
9.144894028193111257e-01 8.825771657212423804e+01 7.599060520037513283e+34
9.745444971105127863e+00 9.006363437728070664e+01 inf
6.538856350085920255e+00 2.104398694750764420e+01 6.913038903329201431e+59
4.451839658016366386e+00 5.150832366052699030e+01 1.543687265643377675e+100
4.843754037749575581e+00 8.087690770446724287e+01 6.875671211235338272e+170
5.046680122414241687e+00 8.724230045022476077e+01 2.880604743042433503e+190
4.116594986905170117e+00 7.031862520579991838e+01 1.853899040497275190e+124
8.545122958677371372e+00 3.031832885045194104e+01 3.565195957302285856e+112
6.218682283855180515e+00 3.929551268130949637e+01 1.390418963240785762e+105
6.171434322620813484e-01 2.634511760073527142e+01 1.069716236152831465e+07
2.547791742824463856e+00 3.620065568618663576e+01 1.382585163497686938e+40
5.264670026996122409e+00 8.980136832064836483e+01 6.603498515217286259e+206
7.341308091591693064e+00 7.501894291330239639e+01 6.182782952486156577e+241
5.912797072513782837e+00 3.798390529184128184e+01 1.364613537039209138e+97
3.804008236256127606e+00 9.052990939064815734e+01 1.265964968581612235e+150
2.822417567960663121e+00 7.698606020618025525e+01 3.771210299045156681e+94
9.466822297285183652e+00 9.543511672300256521e+01 inf
6.053119277864389858e+00 9.412901791311830380e+01 3.584446763321964781e+250
2.603283953263904493e+00 2.087668754239764723e+01 4.231510833674567538e+23
9.708245516607497905e+00 8.017715291732804417e+01 inf
2.646545378576643515e+00 4.483212325795963693e+01 8.078163280322005374e+51
9.575036573042911670e+00 6.484826082499220945e+01 3.622597270992664164e+267
2.529243184503247921e+00 6.130384949551121565e+00 5.281678008747403510e+06
1.350780255443350786e+00 9.457615184799767860e+01 2.084080337054587069e+56
9.298010511792391242e+00 3.734260409029188565e+01 1.320019424882185859e+150
5.130337339375644845e+00 4.831533263618386087e+01 4.653919477740617961e+106
8.661265904579215302e+00 3.596194459993018455e+01 4.914542990785163540e+136
5.297625641980038935e+00 7.738851748242740136e+00 4.418271044528599040e+17
9.570300959835757126e+00 5.651141407738018785e+01 2.422680054704083129e+231
9.016837198257443120e+00 8.767475438111623021e+01 inf
1.538049877765689022e+00 6.036327995423347659e+01 7.867672621684533998e+39
1.815794431194382108e+00 1.290143803600790662e+01 2.523261146551549530e+10
5.518391153228219714e+00 2.042181406974336966e+01 1.073592239522166470e+48
7.579582038118690690e+00 4.437903900041942507e+01 3.798062840948759285e+149
5.998920528124505935e+00 6.233654931183622239e+00 1.049751774295362000e+16
9.322980702444969126e+00 9.526029446892391661e+01 inf
8.941619453322802613e+00 2.467715996577102899e+01 7.813608193215773064e+95
2.819937728022917423e+00 6.218448541625366488e+01 1.050342518088129683e+77
6.201262936779976975e+00 8.609944808640859648e+00 8.809196865040867236e+22
8.577152748960244821e+00 9.659664184650651464e+01 inf
6.196591725680902663e+00 4.214982250925680063e+01 1.244291539897532652e+114
7.634270486753573337e+00 7.165788535286533545e+01 8.553003224979006621e+237
3.562942988427895141e-01 3.670986751003777471e+01 5.158637447061163839e+05
2.779633167348423584e+00 9.464208869755947262e+01 2.527373992818215633e+112
1.837401145729855578e-01 5.725501387962848554e+01 3.557037446505978005e+04
4.669725387560755614e+00 1.325539738075785756e+01 3.514983389442553726e+26
8.606150416625855115e-01 1.266036445158152546e+01 5.358992844313982641e+04
2.209433376735318699e+00 6.858634324505379709e+01 1.710736724430680066e+66
4.317858091666604281e+00 2.548814484457750495e+01 2.486439744736174972e+48
3.933740891208193258e+00 4.610936782513745413e+01 3.954073754440863645e+78
8.338495622696306953e+00 1.530533791456736914e+01 2.617464817261290365e+55
3.058116151975666330e+00 9.724884768304374916e+01 4.329157310458800955e+130
1.491661173382261785e+00 1.995027712992224878e+01 1.141067719096561328e+13
5.572141818198297791e+00 8.963161883682873565e+01 2.441060393506242833e+220
8.379309469238174657e+00 7.217545628927743451e+01 1.909027382623790895e+257
9.964365731933847670e+00 7.570806429181023134e+01 inf
5.911039127036169738e+00 8.223612883648742411e+01 8.571576028434837418e+215
4.951490106726054385e+00 9.179427887437545053e+01 3.270333794062114919e+193
8.699455025192484925e+00 3.857311311218524708e+01 3.103205858647082514e+145
3.137026289756193798e+00 6.921808026582745299e+01 2.663566649290015443e+94
5.318845746556649878e+00 4.078608086767429342e+01 6.533297585868945416e+94
7.837629285528660006e-01 9.213300244024846108e+01 1.664268809662523688e+31
5.500351980523581652e+00 8.815120636996360304e+01 2.582429203286693228e+211
4.871239137817583220e+00 7.639580665324433539e+01 2.177371798845624942e+161
4.832835009811272009e+00 4.527356756214270206e+01 9.646627357284239987e+95
1.506611745249857970e+00 8.560167831376826086e+01 3.835508734211822062e+56
2.301792142038864064e+00 9.812498906253178177e+01 2.976951397641737447e+97
9.542614506786456730e+00 4.985239104139385091e+01 2.924261219587704848e+206
4.242270017923003955e+00 6.099845762371185742e+01 4.664162234535076873e+110
7.193720520451330813e+00 3.673749633268298709e+01 5.969670612013926700e+114
6.630890897381599425e-01 4.974365482191605992e+01 1.003855464921177500e+14
8.444151956585438157e+00 1.636474021501906861e+01 1.041013661134743449e+60
2.249948968454932530e+00 5.451488990596703843e+01 4.183191990269374313e+53
8.960744335155700568e+00 1.659621278047337611e+00 3.022982114983940031e+06
3.546193310285034261e+00 2.203329837413906134e+01 6.456335381724937916e+33
7.815767526169365098e+00 8.421146226258360912e+01 7.260401674185285990e+285
7.864834963482153718e+00 3.016076907052939760e+01 1.742451325885460168e+102
3.059719006325407054e-01 7.039846684628528806e+01 2.048686882239778996e+09
9.405043473993375258e+00 4.150217696172450133e+01 2.176443449966828198e+170
2.049519044755734765e+00 8.657602069664609701e+01 6.401414318843064210e+77
6.029290976297465576e+00 9.490070085826700108e+01 2.829999419011915743e+248
1.773775243288932879e+00 3.200341814685950936e+01 1.717423345145286180e+24
1.083269751425673277e+00 7.542865262466674103e+00 3.501093922781580204e+03
9.089613923153351038e+00 2.713581731021910315e+01 6.342052331650417298e+107
8.576081035391556640e+00 8.704790028484943321e+01 inf
8.339515857063317661e-01 4.700028241032569554e+01 8.262940609172433600e+16
5.326203994139592224e-01 1.080926146563112056e+01 3.022467484308291432e+02
5.259065092438248712e+00 2.199230323359955719e+00 1.042366106704610283e+05
5.234324632198841254e-01 5.393744695581129633e+01 1.523229019876560791e+12
6.709430920055768688e+00 4.237616142289400756e+01 1.211461507181087156e+124
1.133032585245234758e+00 4.479079811815158507e+01 9.780756402709133787e+21
1.335913063795453048e+00 7.199928699956556954e+01 6.017072795206854658e+41
3.340571370614696001e+00 4.013476294468553363e+00 8.645260677211770089e+05
1.321334091637706543e+00 8.984350125315800994e+01 2.428890421522460687e+51
3.989787050799645129e+00 5.555076822350910959e+01 7.878207965273849734e+97
6.799720962709189465e+00 8.146806810281586309e+01 1.064007483087013343e+242
1.154386847045213216e+00 4.228542579257010914e+01 2.280529293907215254e+21
6.274912552850869574e+00 8.004403096699981290e+01 3.511401367930997774e+215
3.245008580567082523e-01 3.357813045189489998e+01 5.763038006053901336e+04
3.153818910300436151e+00 7.181499896998444399e+01 2.415907033944342219e+98
3.404382436299474346e+00 7.830635179291222414e+01 2.437778834933134466e+115
3.929467203428512523e+00 5.612702850701867874e+01 6.201967585895658081e+96
7.918136145582506114e-01 7.519443231848853770e+01 1.057745986441279314e+26
1.564127444491318908e+00 2.671041198554425478e+01 2.125980749081766144e+18
9.611832397032220143e+00 5.522358726282623564e+01 5.605580235266154615e+234
1.796996430404778522e+00 4.711683482285781110e+01 1.270268765337611858e+37
3.076372307908081249e-01 4.687329657292208651e+01 1.947500153298054123e+06
3.832827396282983745e+00 6.902336923969277116e+00 3.446036767874143677e+11
3.118051787555879972e+00 8.504132043658708540e+01 3.634706963708196022e+115
9.173771939539669518e+00 3.148304720704791393e+00 3.640191028312891113e+12
5.919889353553133837e+00 5.666598518884957691e+00 5.165631541791463125e+14
8.463786653747449762e+00 9.727141213479217186e+01 inf
4.420792085262612581e+00 2.478244856056264211e+01 4.714111756859837350e+48
9.559123420631909340e+00 6.639832316877925678e+01 2.456343595206543268e+274
6.910997080094625211e+00 9.767898450775518882e+01 1.920371776557882701e+294
5.585346983155590195e+00 4.436183584882468267e+01 3.361995359700128404e+106
7.402446456727845181e+00 9.645842978018383462e+01 1.560713668664357801e+304
4.531099691967989784e+00 6.593071328434060518e+00 1.094581751696503516e+13
4.312472224494412032e+00 7.549848868803593405e+01 2.548697855670064410e+142
8.502611277020665881e+00 3.703053903809047398e+01 2.249555797540886761e+137
5.407169180194484337e-01 9.561990465153013474e+01 2.403440995430471985e+22
3.218064594777538256e-01 8.210263083043238908e+01 3.086322060944174805e+11
9.717463039933820212e+00 8.824367450724238893e+01 inf
4.747097359604289579e+00 3.986098918251982148e+00 1.682715792427691519e+08
4.396009244698868557e+00 9.176898315373017567e+01 1.107265718544209400e+175
3.459170940567488639e+00 7.881302371807809948e+01 7.836958234728247747e+119
1.735957743135082554e-01 3.046360242008670127e+01 1.951486757510528207e+02
9.537183451116854060e-01 9.977094823079757191e+01 1.728252363017048632e+42
9.992178962922732666e+00 3.642480952619781220e+01 1.946559014911764757e+157
7.973533659372749938e+00 7.376660698918277603e+01 1.233984844411075458e+256
9.872985319482811661e+00 3.566866025453629874e+01 1.718705583861925349e+149
4.725955479947909765e+00 6.664677199022403897e+01 1.387344694060446360e+137
7.156218384524485110e+00 1.458603439905565402e+01 2.722276647279789424e+45
8.978694281754821205e+00 3.486032783668309776e+01 5.235287362837720959e+135
7.450257565735979526e+00 8.947085493168712844e+01 1.163250847343719642e+288
3.202686242457933319e-01 7.747408414853940428e+01 7.956475808151057434e+10
4.374594567022842995e+00 5.630550002946588961e+01 4.095855845717662855e+106
5.157755384207390215e+00 8.089166129072690126e+01 1.049489267159027641e+181
2.686861751316976132e+00 3.957622048313228191e+01 4.950988759037774645e+46
3.913987932408788950e-01 2.203605765608092781e+01 5.204495258774147260e+03
9.237929917969779581e+00 6.506169691637661856e+01 2.377229250285787112e+255
8.410117019438988706e+00 7.136154472001813964e+00 1.721912588584719472e+26
1.482086191848655865e+00 8.744202037366260072e+01 5.624342547257541972e+55
2.090987029991298485e+00 1.190306327836358946e+01 5.043762190598511505e+10
9.447880845928290583e+00 1.518032564741897694e+01 5.687893373336665008e+63
5.854377866065562763e+00 3.048863784909659103e+01 4.160881668811158738e+76
9.334498279481048044e+00 9.183152425118579743e+01 inf
4.987865059244743549e+00 2.908644469789079778e+01 5.553046709087990632e+63
8.519237750947585397e+00 4.694793093317153421e+01 4.556543005713176004e+173
1.422591658286620930e+00 7.949515776172063397e+01 8.151274764950373845e+48
2.279618886800262589e-01 8.708919829692565884e+01 4.232554069675080776e+08
8.153636096837711733e+00 8.953387254078216984e+01 inf
9.973892385506230696e+00 6.537176956970033359e+01 4.083633541260679633e+283
7.785469518995960847e+00 4.279968234201417232e+01 3.376251822295037335e+145
7.251612374677439909e+00 5.220144517118777827e+01 3.747428240607782279e+165
8.538770346747424966e+00 1.314281043667268456e+01 2.754645110048075508e+48
8.333905514856507324e+00 7.527411962728091055e+01 7.521416518013366330e+272
1.620792154749996383e+00 1.437185860040731100e+01 1.512695246550276375e+10
3.643260940378616475e+00 5.066398257612397593e+00 1.031459070741954148e+08
5.825288746374076787e+00 8.817759582811908103e+01 1.952597448176564454e+220
9.679492740392205974e+00 1.201967302628887424e+01 9.260721907428999843e+50
1.521271591909587162e+00 5.339333419653365809e+01 1.224659699235020796e+35
8.503701038029928938e+00 7.790168928232405676e+01 4.757360311853817181e+288
9.017688696245146573e+00 5.058036549885942179e+01 2.079232539439492107e+196
8.018838250022970016e+00 2.008441442886072892e+01 4.655550068003345103e+68
2.774090083708382615e+00 7.873543298696364445e+01 8.796639523238327378e+92
5.269091563255640764e+00 4.567584881956346976e+01 9.136467133267864497e+103
8.674392538957748755e+00 6.398385125433668996e+00 9.613513257314821761e+23
2.650328648662309217e+00 2.066901034936980608e+01 9.730658820352040617e+23
5.962576059844438836e-01 7.490466800346598575e+01 4.275592207238701875e+19
7.886222830535048800e+00 2.657411722372017948e+01 1.367756979952064587e+90
4.062665672293313435e+00 1.126278644701824305e+01 4.111109730402263859e+19
2.228905215712367216e+00 4.072507135030076597e+01 5.603651333385484810e+38
3.681008579634558409e+00 1.587852932593837707e+01 3.270895554339856536e+25
5.751327200265341943e+00 7.324272259154675169e+01 7.683294517815356808e+184
3.546005723800768283e+00 6.208919659387536427e+01 5.141594434864188456e+93
6.817843238188642019e+00 8.164124158199491887e+00 7.782473746568845501e+23
5.192488143367597786e+00 9.056240543688579692e+01 1.322561425061814976e+203
1.275037112468488387e-01 8.978860419872825105e+01 1.074374401031037560e+05
9.557409299626060672e+00 6.562692700324220141e+01 1.023071296029097409e+277
4.226789197827414135e+00 5.611854202121558899e+01 1.265220715005583072e+102
5.948679397069702723e+00 5.595564589756018847e+01 2.450320545064241727e+145
4.652970473582779043e+00 7.070152038596256716e+01 1.435883060253936176e+142
7.935109384923176634e+00 5.362610445577406182e+01 9.750018363717623409e+185
8.209029163770050763e-01 4.568411335309093602e+01 9.486765046795226000e+15
5.995079459441075009e+00 9.926328954336736388e+01 5.052337022375177381e+258
9.524810427966764692e+00 9.851891847216920439e+01 inf
4.465714713034277139e+00 4.536394486040254037e+01 5.404343840398577794e+86
7.804323568117610854e+00 4.046022551400946554e+01 4.035227317880020472e+139
3.658272908456319250e+00 6.811247251952244675e+00 6.240017605658789825e+10
3.636340077973716944e+00 1.426889179687237430e+01 1.833107613372846703e+22
7.303366135494363753e+00 6.264648461727363582e+01 6.978250722526764528e+196
5.379283940365104044e+00 1.414418619081306616e+01 9.956846694874312178e+32
4.729685876767437236e+00 1.444635983624332098e+01 1.026913861988605488e+30
2.019308426759927944e+00 6.357530502047355014e+01 9.141290927577353871e+54
4.299682081353006780e+00 3.068171033661057123e+01 3.369286874334508790e+56
2.710406288494921601e+00 3.793420277642614025e+01 4.524509966207069970e+44
1.891548283486822912e+00 5.043660460916736099e+01 7.186513890356697931e+41
5.861413116933631429e+00 5.365119384800055968e+01 1.071205185495497670e+136
3.980437454334661229e+00 6.672641975684875604e+01 1.711272497133871728e+114
9.057122222624716557e+00 4.785588792213092546e+01 1.445830363467163380e+187
6.387659857190555179e+00 9.501738083798544210e+01 8.291687611244703560e+267
6.755903145474299265e+00 9.364472089490681128e+01 2.550644851239923439e+272
6.208185962933358226e+00 4.292957983925908216e+00 3.630297415664402466e+11
4.501787373263120173e+00 7.037914024577101202e+01 1.379823095684024049e+137
3.761452728125438849e+00 5.316421475084577963e+01 3.903340829618793925e+86
1.016237068291816925e+00 5.390193846146611634e+01 1.109453867583448434e+24
8.118707188186174761e+00 1.760906066160599082e+01 1.178255354338645266e+62
7.727211454790734457e+00 6.661299317908755313e+01 3.315340876933323985e+227
5.959925788456996720e+00 4.439645369479426051e+01 2.129795108743591007e+114
8.783291900962717946e+00 4.386173522477908904e+01 1.475482713418292073e+171
8.488125380489705663e+00 5.977558387195589518e+01 8.006131011065638053e+222
2.894086336437193374e+00 4.157593055743062394e+01 1.339918780204881908e+53
8.240989884387213138e+00 9.739115757001243878e+01 inf
4.001661001910898463e+00 3.049415101755225876e+01 1.446914370277043984e+53
9.918351256992975706e+00 1.397666668082169927e+01 7.738832565983220170e+60
5.043710336430721419e+00 1.690316422668001550e+01 4.310108440618181127e+36
4.057059151092133220e+00 6.819926224391875280e+01 4.918098432556996571e+119
8.434599159952140823e+00 6.688243237239485950e+01 8.335135030153549500e+245
2.204212619535423467e+00 9.879588127442174539e+01 3.857561550705099276e+94
4.825508073227687156e+00 4.893178524250541983e+01 3.372899264720443466e+102
2.329402271503711486e+00 1.509032195546246236e+01 1.019306806991824125e+15
8.962058602146651509e+00 8.890431046770570944e+00 1.282196150470032985e+34
7.751050951559476765e+00 3.212354520288057813e+01 3.186101399799222159e+107
5.079344820567778918e+00 2.372385836931287884e+01 1.448397212464086761e+52
7.147993251572905216e+00 6.893307122632798212e+01 3.185733871914386819e+215
5.090586480031695338e+00 7.896448511291328742e+00 4.320675236898222720e+17
8.976958840870278067e+00 6.828717639644058579e+01 5.750237504559288440e+263
3.974729837761703521e-01 6.748835026570735351e+01 5.112236019487944336e+11
7.806227882327836376e+00 6.787983403986966380e+01 5.097246330366452044e+232
6.350884971144519220e+00 6.598926730295616494e+01 1.560643047834331829e+183
1.332031389779498587e-01 8.418970442270851606e+01 6.620158155503787566e+04
7.580469512396894594e+00 3.148665412405369324e+01 7.953251467899220035e+104
3.274501162652534880e+00 2.893693425173350775e+01 8.096988099016446360e+40
5.159297853052161820e+00 9.619124085839683858e+01 8.335019549930025951e+213
1.422020136852677696e+00 5.378200927109782725e+01 2.087458506979334975e+33
3.544236603905590588e+00 1.419387125006372763e+01 8.047770219714134934e+21
3.449498180005153181e+00 8.702211062790497920e+01 2.069926526359705264e+131
2.089221601894243552e+00 8.488170882339692014e+01 1.060208132935076412e+77
5.475725911459604411e+00 6.317042061707994094e+01 2.787489357434419456e+150
6.024478483019087172e+00 7.480072477825976307e+01 4.832623664160432064e+196
5.897825098365170327e+00 2.264217619687964422e+00 6.633171930243023671e+05
8.541021870875782795e+00 8.474532088502810723e+01 inf
8.369306291390296693e+00 2.079991703629151800e+01 2.897168486215134738e+76
6.144987977384682054e+00 4.805857219337960373e+01 6.494865906785663494e+127
6.290142938302315301e+00 8.280232170044882878e+01 2.877498317047801844e+226
1.318765171819353155e+00 7.853212785832816678e+01 1.232478463115566248e+45
5.526783400379572164e+00 5.387187964716397914e+01 2.557280996261410835e+129
5.883614681457448592e-01 1.720953116858813559e+01 2.798779936932735291e+04
1.153379051663881993e+00 4.895130683094283341e+01 7.046920040358898370e+24
4.233223856481412861e-01 6.492020418561878614e+01 8.329085018718486328e+11
8.595642034245205565e+00 2.761847073174933342e+01 2.983093485900538199e+102
6.166689692541728718e+00 9.352255127633452503e+01 1.011919003654800229e+250
5.990184291362625757e+00 8.482616445273865935e+00 1.176002304203837302e+22
2.202852419189059718e-01 9.196311233028909271e+01 5.698152162619365454e+08
9.237231875864598152e+00 9.038715194460638713e+01 inf
7.219550156228302207e+00 2.979517997356764880e+01 9.936543151433578858e+92
8.181847832741249604e+00 5.764546811080120570e+00 7.097470485460489339e+20
7.164970266481848427e+00 8.482596262321733604e+01 1.886979673134520339e+261
6.607863470234773828e+00 6.000934693893661631e+01 4.263657275072819821e+171
4.503330515423647817e+00 3.447371563067775213e+01 1.677985046490796822e+66
2.291376465105015470e+00 4.357134574121285908e+01 1.352917837996873675e+43
4.901884360443079736e+00 2.740400472304366630e+01 8.559968077956741786e+57
5.996689540817421893e+00 5.188043295305928382e+01 9.835786382745620182e+133
9.344211099176414237e+00 9.697173815711975919e+01 inf
5.448140516590840754e+00 6.880521825928612145e+01 4.267136033843736025e+163
7.226806109485853113e+00 8.254825192696422675e+01 4.445164499579196128e+257
8.389331153561522925e+00 9.701778780114371159e+01 inf
5.271845412178846502e+00 6.323644905234728242e+01 2.662632345514129686e+146
5.951041570563469385e+00 1.159372539283100068e+01 5.663449235574296855e+29
7.556505129843455570e+00 1.793695172904699575e+01 1.009987685619653572e+58
1.351378168969338933e+00 5.238122149050510501e+01 3.072299289133225096e+30
3.244312056276844825e+00 1.771386344086913311e+01 1.164975400558698441e+25
4.738992428909551080e+00 8.970866534585020702e+01 1.005670674859765033e+182
9.502628619116167741e+00 3.550089141085602762e+01 1.529207388740952203e+144
1.408290257680965718e+00 3.628598251532599051e+01 1.401876583538035471e+22
6.658016316852086725e+00 2.208307655050167284e+01 4.202160753184622770e+63
1.123915698514211137e+00 8.543012997734989256e+01 1.027102096138548030e+41
1.499564325986358693e+00 7.420797966278105662e+01 7.460728068062078016e+47
1.316270763320679826e+00 4.905112323663259843e+01 4.230173717448291414e+27
3.811766459764671655e-01 2.463115837274606790e+01 1.177839364884398674e+04
3.609357849637164772e+00 2.364975009160104946e+01 3.932172372660705998e+37
7.065713125690010976e+00 8.682829350765885579e+00 9.779810753974551587e+26
2.558795743391512723e+00 1.201417557738328412e+01 1.862001425383709766e+13
4.909707162619546317e+00 1.460081068552493910e+01 8.162875450721570537e+30
8.848903699564607095e+00 3.995228451644878476e+01 1.349263432790360015e+154
8.348423252109897774e+00 9.968987204413703296e+01 inf
4.219285910483957736e+00 6.760417320429830568e+01 5.567418652301142777e+124
4.671276416250276675e+00 9.129505047943152363e+01 1.239238044835801021e+184
3.725371026108728501e+00 1.380899207266328510e+01 3.764696957882334183e+22
7.740888646442203758e+00 6.848998821026046357e+01 2.742325884869324426e+234
1.342764721718662513e-01 1.242595258474765263e+00 1.182633882892085264e+00
9.851723861447403863e+00 7.004706606437071059e+01 8.438102128703618287e+300
8.152446820558944651e+00 2.611396949489514796e+01 1.127749266121568669e+93
1.047167873223289636e+00 5.488084728296010439e+01 6.436548840284722309e+24
5.905419495746212277e+00 2.073591156870725172e+01 2.316856460949484253e+53
3.259286461157283821e+00 3.544563262030804651e+01 5.814346289238377746e+50
1.040997903063612062e+00 9.051985792416778054e+01 8.349036823948257116e+40
7.467424281519015494e+00 3.532296302567512924e+01 2.004190191909158123e+113
1.586472633428389845e+00 6.323094720360312948e+01 2.482196385525725300e+43
3.838542373550053899e+00 3.116967690675494751e+01 7.660683694875636148e+51
4.561062460988150491e+00 5.005921427320579653e+01 2.518959510402202439e+99
8.128902416982267676e-01 1.697958480063283915e+01 8.376428156680495013e+05
5.488623222637891708e+00 6.663274392074998786e+01 1.884636750618346851e+158
7.878880083598832407e+00 2.931979539422115622e+01 1.228643994129032284e+99
4.909836884502324139e+00 5.936255107789475716e+01 3.628833082775520238e+128
9.164063861956954327e+00 1.597950494481048977e+01 2.414760730962345346e+64
3.681968430531663117e+00 4.587054710951411352e+01 9.392721419902087596e+72
7.502848475925103955e+00 8.181836182020003179e+00 3.831595051771525647e+26
4.851253991050028525e+00 1.019111650952414294e+01 1.185355382343038927e+21
8.501071581928966836e+00 5.825162145503919930e+01 1.319456543638065636e+217
2.549299809812843431e+00 5.747115626788975362e+01 5.780729444954001321e+63
7.496699937852891793e+00 6.353172787254395359e+01 1.966572571786639588e+206
4.891513174003773834e+00 3.954300454164024092e+00 1.914933807003446519e+08
8.682991048777529031e+00 1.687412997997949304e+01 7.147168079731419826e+63
6.655211686401737659e+00 8.955987215275568758e+01 5.273566538594170211e+258
1.459788537227498573e+00 6.599679505310072614e+01 5.970405968323703541e+41
7.151499171765880014e+00 6.679551987074024311e+00 6.450532288909620019e+20
8.098938192212791876e+00 5.858203840119772110e+01 3.474797420996143609e+203
1.960096899112376834e+00 2.533550423686369157e+01 3.625707946241700135e+21
9.569833823043586207e+00 6.854148967478171528e+01 1.340572212021615245e+285
4.410804960437288536e+00 1.296365262248412442e+01 7.104905809332044730e+24
3.939988658187360659e+00 8.045687748482838231e+01 1.002974220435805431e+136
2.703066485464609148e+00 7.281910072911236398e+01 6.633752731593699235e+83
4.363041606626850921e+00 5.885161147152509642e+01 3.018160941575281970e+109
9.576837438616401244e+00 1.689085200304592149e+01 6.636149331534156003e+69
4.351926331260647096e+00 5.992260107768284172e+01 4.381699116153150074e+115
6.947476953440622438e+00 9.566005039898990958e+01 1.023720691754186301e+287
6.285625750102817655e+00 8.539929088825687131e+00 1.100706829285591467e+23
4.011241316601456219e+00 7.321801952691589577e+01 8.555765358776219785e+126
8.385156833408268895e+00 9.027348088795764625e+01 inf
4.644450600529045126e+00 6.455468943273771742e+01 2.813437768872624578e+129
7.148527145633410740e+00 6.488169096050884832e+01 1.684683032267154615e+204
9.297309056329460475e+00 6.745424602081831722e+01 2.611184572892476056e+270
5.595809590108735243e+00 1.339423765326754356e+01 1.124227017734412547e+32
8.588891835611381254e+00 3.801217204925286808e+01 1.327345878413798871e+143
3.074723119096278268e+00 6.426583651214256676e+00 3.847234358692864776e+08
9.034172396534078331e+00 5.295196036585112154e+01 1.469049835843330103e+206
7.925181101319956234e+00 2.928279591836620099e+01 1.923071627561380230e+99
6.104544524314464482e+00 9.875476980835341578e+01 2.035319509743485150e+261
4.506849839963485316e+00 4.731799985638885886e+01 1.997930940122978663e+92
7.920026360945602306e+00 3.288785215706210607e+01 3.140253565367303076e+113
9.960944802587876623e+00 3.333894659115414072e+01 3.570310358428659989e+143
6.129160150761351566e+00 1.388240706853955153e+01 2.058513385705525098e+36
4.985230266101468466e+00 7.521371503942772563e+01 7.295013737970021789e+161
4.846827432876866126e+00 7.403787257022817414e+01 6.051603635753932734e+154
2.928176929376734350e+00 7.885415573651040688e+01 1.603208185283693751e+102
8.172792144679011273e+00 3.037947775536199657e+01 1.984986159633615261e+108
5.561821250436505437e+00 8.536075994161822678e+01 2.338327595710603636e+203
1.276206130241913206e+00 9.629822291877501073e+01 2.121854547777262402e+53
2.943153626751741747e+00 4.206303785235689929e+01 1.127183060551734383e+54
9.189017557097752587e+00 3.792749517106200585e+01 1.150362662791002856e+153
1.985918295953559731e+00 7.214088169610218415e+01 2.384401422294155055e+62
6.906125064507256717e+00 4.870449541197165644e+01 3.583709364040374203e+146
9.571614445825689543e+00 3.632857520470373913e+01 4.337693234567677254e+150
4.757104904580534921e+00 5.887480348282022646e+01 3.799613941939589985e+120
3.976193314086655217e+00 5.221943443013648434e+00 1.014264025979073763e+09
9.931390659430311629e+00 9.475163467607745815e+01 inf
5.036873498801712756e+00 9.321805563219594148e+01 2.621354738651410876e+204
7.560652611389749866e-01 8.389293736017614833e+01 9.064229728939757602e+27
5.200733565987901708e-01 5.444897192772976524e+01 2.020467569404319580e+12
5.359116547485335502e+00 4.310710194557846542e+00 1.355246040469938087e+10
2.479311527407260130e+00 3.101112562816805962e+01 1.104263760349425331e+33
4.692135855181117421e+00 1.410256435146194320e+01 1.904145324124469759e+28
4.153108257887994093e+00 5.493202385362525320e+01 3.100340996708894374e+99
1.128867147816088101e+00 8.682376375639906030e+01 3.151631068204245655e+42
2.260976834432397720e+00 2.949699470893799713e+01 1.659861613737722797e+29
6.148121443207087644e+00 8.985494700544141722e+01 4.836369666377580718e+239
5.138610305032499603e+00 2.309402592512990893e+01 1.327753944345306378e+51
7.420742437174769002e+00 3.323465386451011483e+01 8.775753767143314530e+106
7.391381793201142747e-01 8.393812003598603155e+01 9.842751559367413380e+26
1.246268993065684949e+00 3.622392793025611013e+01 5.508386367255452058e+19
5.259533322263075128e+00 5.535664230001525254e+01 1.323003088703018207e+126
4.330031489832738778e+00 8.105434849472740666e+01 1.621815072721244605e+152
3.568681952844961813e+00 3.772241964898269018e+00 7.484382280911628623e+05
4.896960943385486154e+00 2.662986879485001879e+01 5.421092641630865320e+56
6.933099372722483222e-01 4.518203980059379887e+01 6.054642620516069531e+13
1.001422956463513980e+00 3.859633789402657555e+01 5.821053416392036000e+16
7.343167573743810017e+00 6.657479584597818700e+01 2.685880664945062043e+210
1.810469393229989121e+00 8.175201787893886518e+00 2.251850641451454721e+06
4.291461471014871520e+00 4.158525844906621671e+01 3.365559193666208673e+77
1.537951081558934119e+00 7.240313347491189688e+01 1.446175253288216680e+48
4.378875190805186612e+00 3.377742695913752158e+01 1.978352409950632632e+64
7.558031327329513438e+00 9.830666481821755553e+01 inf
1.973660388667661136e+00 4.547620336551565146e+01 1.325381285898750875e+39
5.528719987438191374e+00 8.361620143543491679e+01 4.027801413196221162e+203
8.494926512075529956e+00 4.081662356890840471e+01 2.706822198385825479e+151
3.816552927769220060e-01 8.206982669824068921e+01 6.270506084390658594e+13
6.266720687828820635e-01 8.190222875967791083e+01 1.475329400118927216e+22
1.091340213629446998e+00 8.654037517712185945e+01 2.902848345218314920e+41
9.185047006456287022e+00 9.988438051644584448e+01 inf
7.860219754925265256e+00 5.047798726854890106e+01 1.222688983277393447e+170
8.968528477624696293e+00 6.200989708944488399e+01 8.016195118617453924e+239
5.309205291410816763e+00 4.246041826096621286e+00 7.379938877178730011e+09
6.654019621737571555e+00 7.238701435476069435e+01 4.124910477896068237e+208
8.637028018551774267e+00 8.049823435024160290e+01 2.255358423464028435e+304
2.598761702900648451e+00 5.324075017447895419e+01 3.192203731633450741e+60
1.015760004220298329e+00 6.451828053310958921e+01 3.778239913587012841e+28
4.317359669785988174e+00 1.810013631302250303e+01 1.018589953493913436e+34
1.875410147765104840e+00 2.511934375318945811e+01 1.536861513519500493e+20
2.644010123481211227e+00 7.436000907606978672e+01 1.463753838408406259e+84
5.010305462098510354e+00 4.741188761497488713e+01 4.491430551008122807e+103
9.933762678679267655e-01 2.885453390369342941e+01 3.298402025277201172e+12
3.435360608896758539e+00 2.362218510177983077e+01 1.261183221744258370e+35
1.828133974221269220e+00 9.138440660104978974e+01 1.999768358384723245e+73
2.875772397574036798e+00 9.905287203507513993e+01 8.408416018835867028e+123
3.867161460178065280e+00 7.742523886575156666e+01 5.174504445617889939e+130
3.456789595009232219e+00 7.705005373265863966e+01 3.198181743953085223e+116
6.502704625146556339e+00 3.112392533059339783e+01 2.733467822090495123e+89
6.623815256631333526e+00 1.850155206151380582e+01 2.239848831650559176e+54
7.794444605469888820e+00 8.567198452539639675e+01 9.970306448473896877e+288
4.768920502043440202e+00 5.858829390028914474e+01 4.909466722472483831e+121
1.821943604717916720e+00 8.036691323724438973e+01 7.855622105263423702e+63
4.735006584584262157e+00 1.154082161804239703e+01 5.558363917798526702e+23
5.734559666832494074e+00 7.357765780977173264e+00 2.558099956579903488e+18
7.687437193749997455e+00 7.076815814683736505e+01 1.668447987184081689e+241
8.004406051248640352e+00 6.224379490000427495e+01 3.578695404739525767e+218
3.147051441569157948e+00 2.622965268076723788e+01 1.849705238952228464e+35
5.415549381906306969e+00 9.264240563621889635e+01 2.960228377718321277e+217
2.591475162475893601e+00 8.601075150703699990e+01 1.968305264639859734e+97
4.716359077954638046e+00 6.642721489796454648e+01 8.037270937896738975e+133
1.361511232163186147e+00 3.368315485884238569e+00 9.979713746567323085e+01
6.194001609460157987e+00 5.703947794737807442e+01 5.154100538709369735e+154
8.762407158649107686e+00 7.970035178049489843e+01 1.429649345080962240e+303
2.186488156069136490e+00 8.394723586649566016e+01 8.105448070162291619e+77
1.949863521474241024e-01 5.480068801183190175e+01 4.743475636081716220e+04
1.095990914320263965e+00 4.881632500052170087e+01 2.548928664357597201e+23
4.431799309313354529e-01 7.640373498104779060e+01 3.482502692457777500e+14
4.553768442452267529e+00 2.078388184616756895e+00 1.238135878368564408e+04
1.083382009344344699e-01 3.210992482636611101e+01 3.279484142753214115e+01
7.395674302802832223e+00 8.621969685360188151e+00 3.416485268370632939e+27
5.642533874926689563e+00 7.631220808845426973e+01 2.565761649819609986e+187
2.504326148704322907e+00 5.399938756240449322e+01 2.919894413504487528e+58
4.353268137942161609e+00 8.106213435442504078e+01 6.204929539942755171e+149
1.739263906424582506e+00 2.850941167984022684e+01 6.371766392665527026e+21
2.081581083035652924e+00 9.700828863693485005e+01 4.264711516512743788e+88
9.510893941539082519e+00 9.060275683332973529e+01 inf
9.181126121804771500e+00 9.245492880337133457e+00 9.930164287994526917e+36
2.777908352014414994e+00 7.617964380234346855e+00 1.230986343165588856e+09
2.980028919231536566e+00 4.339149924521603197e+00 5.246984169088749913e+05
4.845804492011275499e+00 8.500003931247682942e+00 3.593793618956307200e+17
9.296944403519209477e-01 2.862755857864386400e+01 4.468333002006090088e+11
1.749634552436079904e+00 9.389701019258474446e+00 9.818339133306400850e+06
7.011867431996609668e+00 6.483201909721671541e+01 4.313176098357109929e+197
3.225371111530478618e+00 8.348769857571909370e+01 3.859088893523606903e+115
6.176731235289141253e+00 3.820710930016799978e+01 3.448653835189142995e+100
6.031084436849865504e+00 4.628475916159310799e+01 3.316004498043439667e+123
6.874676274782722807e+00 2.482997646988319929e+01 4.216882015430346865e+74
5.569637413894846789e-01 8.062172652591057442e+01 1.382784078383133491e+19
7.610012337602460875e+00 5.283823938337234694e+01 9.135890136953489366e+171
2.579466661791713467e+00 3.322548915440991379e+01 3.932386048790359620e+37
7.803659768683094633e+00 2.044903499459875462e+01 3.332010842227633323e+69
9.634514322722283808e+00 3.344630442919924462e+01 5.677040718199907072e+140
2.060741434341090805e+00 9.659968385565194637e+01 5.869545049367153133e+85
1.405252199067856589e+00 9.866794665976550505e+01 9.842286136813568537e+59
2.572462766900259989e+00 9.796795721156928494e+01 9.633269109396828156e+108
5.807302285432173861e+00 6.775433047778106754e+01 5.153879223426536676e+173
3.406476772390114593e+00 6.634752593197457315e+01 2.236751526455356448e+97
9.846393255073270012e+00 9.868791646849837207e+01 inf
1.641315864851039974e+00 6.198156075093296380e+01 5.648439866182753031e+43
2.371768993987859897e+00 4.689887435229593393e+01 2.896850573263074307e+48
2.902049515568753346e+00 5.178879644264831938e+01 1.894544771471937047e+65
5.759492711851912361e+00 5.827779941340399716e+01 3.875106216133728911e+146
7.905753710194779238e+00 4.136611908412319849e+01 2.835689151841713842e+141
3.625366966518290379e+00 6.248319120794277381e+01 1.618967451696983611e+99
2.783932596289302897e+00 6.612112141002477017e+01 3.662668817530252776e+79
6.725049810371525716e+00 1.871904965395243181e+01 1.753902788545134536e+55
9.637878045379562053e+00 1.344313268064043498e+01 1.894349543026240862e+55
6.612455980315668391e+00 2.975802810293012968e+01 1.009745151299458918e+85
6.666047893216501485e+00 2.522476945770749523e+01 2.757985227961421164e+72
9.282851846639223581e+00 3.422087380895009545e+01 8.679573551525920885e+138
3.282034777935075809e+00 5.411982941858844498e+01 1.528403227298227350e+77
4.761879431265667151e+00 2.554508617162112216e+01 8.086742088331752084e+52
3.553887151873975192e+00 8.921294077804580525e+01 4.851163344382996077e+137
4.212331908522584989e+00 7.065388374913254665e+01 2.075423635061369120e+128
4.184981715252645174e+00 1.140070026383750879e+01 8.295138143945339699e+20
1.871941442976485570e+00 2.574507669376463781e+01 8.116416904460229673e+20
5.313904905810692192e+00 1.877974724330170631e+01 2.201810713737375939e+43
6.075467160368380526e+00 1.660304943780446862e+01 1.275542881440192666e+44
5.726509446315654728e+00 3.650680209597994974e+01 1.407292999485608203e+93
7.938139302225246219e+00 8.672561937941656751e+00 2.375998180941711748e+30
1.480190846014334261e+00 1.737463629373907992e+01 2.244045525060497131e+11
4.163972710396974364e+00 6.197982012620549597e+01 3.239125673801572706e+113
2.866953357082118625e+00 5.495679142397620787e+00 7.556438320817145519e+06
8.497082040139039449e+00 1.583451972150466602e+01 1.326442849936960749e+58
5.206850272427438142e+00 6.210163508368415464e+00 7.847331221563707812e+13
6.945012569933138202e+00 5.623660278258632417e+01 1.065540054831822000e+172
5.786455639530637463e+00 2.440572355864165388e+01 1.122629739286930822e+62
9.458699129850341336e+00 1.456928553242818225e+01 6.418407759875776608e+59
4.901315006010209530e+00 8.779838177535430077e+01 6.482233678428428108e+190
8.115443299091946727e+00 2.329252284650454641e+01 2.352087718850835738e+82
2.914730462609853134e+00 8.105282596935536787e+01 3.142852848452034467e+103
5.323654480268408484e+00 4.848621786656109123e+01 3.374641932956517972e+111
8.163993455877308625e-01 7.274146979406802416e+01 5.315179785952533601e+25
8.244235766619391725e+00 6.016731818573566670e+01 2.988110698730043679e+216
1.494595412355512076e+00 6.710487840945835103e+01 1.431527925667101751e+44
8.351980852680979339e+00 5.181944707871905820e+01 4.742278147348864437e+187
3.536008209100461652e+00 9.123969640107870305e+01 9.737327521845406271e+140
3.708822429490355344e+00 8.229024063303833714e+01 4.606775483781421622e+131
1.795627651464448915e+00 7.762303897983898082e+01 7.383966472417177814e+60
9.295849602167159276e+00 9.352852279970400673e+01 inf
9.543416461194535572e+00 8.313999446399959581e+00 2.254561778295742300e+34
5.473664546984871038e+00 9.757924500832417891e+01 2.042227874771343215e+229
8.353159776325471242e+00 7.900861978691970933e+01 1.046370533848222996e+284
1.311517013498151751e+00 7.971372722864772697e+01 1.580347377375996435e+45
9.669084419331156255e+00 3.535596957223109627e+01 9.025843252205426637e+150
8.560690812739334632e+00 8.923287504281152849e+01 inf
5.711357242268488399e+00 4.156368277291797853e+01 5.694708162669203913e+101
3.380450460528404033e+00 8.859768534110581584e+01 8.535409415345447206e+129
6.042811612846278990e+00 6.520930569702720447e+01 8.844421987700622936e+169
7.217207326560991731e+00 2.202376763034386187e+01 2.140850653786323640e+69
1.951487961780725700e+00 7.932943830434417976e+00 5.745582884445331059e+06
1.494273092809513592e+00 5.977410821808692987e+01 4.814679538183287315e+38
5.129440907638381120e+00 8.375407781361924719e+01 7.950010644967449148e+185
9.611513256127681259e+00 9.499193312918737320e+01 inf
3.882719460218081675e+00 9.738719815764946475e+01 1.512840700350190297e+164
8.032519851718099346e+00 2.525286839142511841e+00 8.516335222386956215e+08
7.403202666763172957e+00 5.495756676403736662e+01 3.262580332164197340e+176
1.903325950117617238e-01 6.749396919435459274e+00 3.733724861841106524e+00
6.577111949000311597e+00 3.171511316558685323e+01 1.821790654039835425e+91
4.511989056780515206e+00 3.603578220597746906e+01 3.501829685155613624e+71
4.782160943940849673e-01 1.752568461818333034e+01 4.455915041619153271e+03
3.770048045147019522e+00 9.329872285707185142e+01 4.075676112728476360e+153
6.316464531528435344e+00 6.763542905927155857e+01 6.612907873404444817e+184
7.389358428828950665e+00 6.404537697771243643e+01 7.897960188978940254e+200
7.187834314771066602e+00 2.329947949909720961e+01 3.050481799675579885e+73
1.773361163401738494e-01 9.301096532044329024e+01 1.945199067933443189e+07
3.450847263067553961e+00 6.262165109267876950e+00 2.326667173562330723e+09
1.029096938059247401e+00 8.973841131965252771e+01 2.398582912204662347e+40
7.741502335731182072e+00 6.728406469717506866e+01 2.483725951273984499e+225
8.992668614231630997e+00 8.560772744988173599e+01 inf
3.682288881218796384e+00 3.493906366658900708e+01 2.682764915334624214e+55
1.415574066573369150e+00 3.689077708272001388e+01 3.881865943745040902e+22
8.862813342918939297e-01 6.266215866913741905e+01 4.801433608177874222e+24
5.077103762671653087e+00 1.654233375119988381e+01 5.391438024092316072e+36
2.381744906538854067e+00 4.761195911866364128e+01 1.968987423243012299e+49
2.235138982315132417e+00 8.628044760600865004e+01 1.265619332038914851e+84
3.262232023109576051e+00 9.017027022781691414e+01 2.022396902083140652e+130
9.793310330000558395e+00 6.566560120462283123e+01 2.813277241832682182e+287
9.417404531704601567e+00 2.474596329929005734e+01 4.638965176567255098e+101
9.309895514023558860e+00 4.751626198797731604e+01 5.520171218665085578e+191
8.338622229972230571e+00 7.680035730201971944e+01 2.650084126440096707e+281
3.556038102365598474e-01 9.704522405394081375e+01 5.463158258441665625e+14
2.518347823035480992e+00 8.897783579547504473e+01 5.687483730540304285e+98
1.386681656061719448e+00 1.343199990415576472e+01 1.208570223591988981e+08
4.274605292851420657e+00 6.873615683595635062e+01 3.147702080597031491e+129
5.161474240078017139e+00 5.394812694650241269e+01 1.325947391186457790e+121
7.835891014701292789e+00 7.840997739555287183e+01 2.877582688956050640e+273
9.105108772670289952e+00 1.044868144077043937e+01 1.227752806209426775e+41
5.958319230265521682e+00 6.497278220069321719e+01 8.561280910376575321e+166
6.022597589547894259e+00 2.587542363400822776e+00 6.850944113172370940e+06
1.628605261927333681e+00 7.686007233564242824e+01 7.797069370596211932e+53
8.594721667829121614e-01 9.712304848203683605e+01 7.697938425296451483e+36
3.613104451373871928e-01 4.066699516799000236e+01 2.347845696770434268e+06
6.191731932110680958e+00 9.940300688140471408e+00 3.542114323836631339e+26
5.120970305303317538e+00 5.747339090768108605e+01 8.747122036837724016e+125
4.505802595162043289e+00 1.357556170386326500e+01 1.005102130956263736e+27
9.937253143485788698e+00 3.191223517523547670e+01 6.462904279354798162e+137
6.001082034210459604e+00 7.863509375447631555e+01 2.169548495968430210e+203
2.457980714271163603e+00 3.950937292218567620e+01 1.274655599857892435e+42
4.114101088876738643e+00 7.142804519722004386e+01 5.421532437770423759e+127
8.230573621413330709e-01 7.491286671178868062e+01 5.532586421651779614e+26
2.371700385996918126e+00 2.594610675772486985e+01 9.489012173495624678e+26
2.312260251337016737e+00 4.501076333747003844e+01 4.230737039645879864e+45
3.281754857062639363e+00 4.020366410596954765e+00 4.874318689787818003e+05
7.453745045951214010e+00 6.351395310904658942e+01 6.570786964597558897e+203
5.970820825717527924e+00 7.389736712924339201e+01 9.991291218275554040e+193
9.333699026065659154e+00 7.184372202838967603e+00 1.839026168500557349e+29
1.093924859578479514e-01 7.874195557669861500e+01 5.539173322894442208e+03
8.763942539359508288e+00 1.392151206622606985e+01 2.056515659781811255e+53
1.852305020754540232e-01 9.652022522763574841e+01 4.797671009024535865e+07
4.701672602457491301e+00 1.176803318629153416e+01 8.495449008907908641e+23
5.401313967781220526e+00 8.464022594955932277e+01 3.075128312817879252e+197
4.595454057824099436e+00 3.665112621577799956e+01 1.871328754179278954e+73
5.714595589862727643e+00 9.243789684457021849e+01 4.323084570552370619e+233
4.069632562800151732e+00 4.926323556469005638e+01 2.913383660845268384e+86
3.412760176757663189e+00 6.303375926933078688e+01 2.423459261456335329e+91
4.198447523277975435e+00 8.264790249631627717e+01 9.360918832720265682e+149
7.226390428984711178e+00 5.037659658215956426e+01 1.832269630110585457e+158
6.663023649040629159e+00 7.586947217088680873e+01 1.086387134754488890e+222
7.489648346891258690e+00 3.702978397755597229e+01 1.220762523218686573e+119
3.107644165567863048e+00 1.146712170719901991e+01 4.604768471229488000e+15
3.230074762617912043e+00 6.783163943661797646e+01 1.214143796762946038e+95
3.919323225691402790e+00 8.687089534184133299e+01 6.923807832159405622e+150
7.734042547132903289e-01 5.894346601536792463e+01 1.338703657498442301e+20
7.952045023776245891e+00 8.192995289379799928e+00 3.654132562080759344e+28
1.220974254311038232e+00 2.595400539813769214e+01 7.371905804753189062e+13
6.381184518175056830e+00 3.412950250720616907e+01 7.804817885243295706e+93
8.146033603776199783e+00 5.927511342442259235e+01 2.715019047239819300e+208
2.042263542245096097e+00 4.782687105822937923e+01 3.841317081506379990e+42
2.652507644630469841e+00 6.678097271384167755e+01 5.474044513152318903e+76
2.747634443951459282e+00 5.308264663932448002e+00 1.987441404230074491e+06
4.071883920162249204e+00 9.090700738589687546e+01 2.509308273253121500e+160
2.811888941038779510e+00 3.221974084182539855e+01 3.804798567879391490e+39
3.101730850967123754e+00 6.815635327733605209e+01 4.183243563395496989e+91
8.014548056766502171e+00 6.822358843012223417e+01 1.408314815971009786e+234
2.935823654747047762e+00 2.334829322032191712e+01 6.763508846856345197e+29
4.414053495062652210e+00 6.434409085117457039e+01 2.957443500178662813e+122
1.597784208526455085e+00 7.346584266289535492e+01 3.606704244164886989e+51
4.827396404735210034e+00 5.880595017763302934e+01 7.612378273300521227e+123
7.625619652217722866e+00 7.391623044514357588e+00 2.431878330160772668e+24
1.563507988169416718e+00 1.419363625811251861e+00 9.117665868068694834e+00
3.850585903984236502e+00 4.099769397396407555e+01 3.353753968531017340e+67
2.195118846412416502e+00 4.142971349789336699e+01 2.291905528736336986e+39
2.091052475173353908e+00 3.938818631207554688e+01 3.539438988455647068e+35
6.526600099852275960e+00 7.953890338863200782e+01 1.581358427007618115e+223
6.135524090058365188e-01 8.485881631687836091e+01 2.753853466901439998e+22
9.392399018597339833e+00 8.749999589258521837e+01 inf
2.109462482688420959e+00 7.774383749938924382e+01 3.123757143094448634e+71
3.973853845100328019e+00 9.817964673786299556e+01 4.765216908172625042e+167
1.838687526781259018e+00 5.493871758428414864e+01 2.489036797825488539e+43
1.261939850731959689e+00 6.150553877664250990e+01 1.535600158223481971e+34
9.099384984247775421e+00 9.399552464730903978e+01 inf
3.322776250488949312e+00 9.309194225702003678e+01 1.296493055908426466e+135
5.149902247623191265e+00 3.403243349133136064e+01 6.177309844894774088e+74
6.484062124855353382e+00 8.864925274391464427e+01 2.082212502896803457e+249
9.123974962176774284e+00 9.286714344899128548e+01 inf
6.817181979626480981e+00 2.459061156313610752e+01 6.871174066067419822e+72
1.112878716853650918e+00 5.456857296209667396e+01 8.608944963030148707e+25
4.181774364134072108e+00 9.955138908494309646e+01 1.086997041689581668e+182
1.494204586566385551e+00 3.979418189753164370e+01 4.267225153912080517e+25
2.009278286529581958e+00 4.493119249133576432e+01 1.862385721896738441e+39
8.226140897534323315e+00 8.871258392208740418e+01 inf
2.238940789578879098e+00 5.710512209191151811e+01 2.736080558487242424e+55
7.600361945704656286e+00 3.621839225774502324e+01 4.946556902800174336e+118
3.134093183721330167e+00 5.483646787371738895e+01 1.420245658981841148e+75
7.004808814073880008e+00 2.436243061828728429e+01 2.624556961941897710e+75
3.658117342055470900e+00 4.819913405997399991e+01 6.287916367155486410e+75
7.575444904050961270e+00 7.058846245695373511e+01 4.607032393709138531e+232
7.039552560629981137e+00 7.673428493457568322e+01 6.036063547630510740e+235
3.009618895569709629e+00 1.354963041871408791e+01 5.714882827000785920e+17
4.493989804327132909e+00 1.642414454733131635e+01 6.622118711577231870e+31
5.060700834872582377e+00 1.126926929991699922e+01 8.911383426473377801e+24
1.380554859673038148e+00 3.677686954341020709e+01 1.463702438466447370e+22
4.987143416321920597e+00 3.623055876127593677e+01 5.245135792971616131e+77
9.322317496984668495e+00 3.284358109390322511e+01 6.727663914398552376e+135
9.337617326980679477e-01 1.081299976864527679e+01 2.316618563345802249e+04
9.559104553345001420e+00 3.708697107689696537e+01 3.229909270547583654e+152
1.254611743856641759e+00 1.827201733329961542e+01 9.044565193331329346e+09
6.269644502208175929e+00 6.569750631788286555e+00 3.620452971098001280e+17
2.170821532688210986e+00 4.011789970233952829e+01 5.479432584926126652e+37
2.169321375182001965e+00 5.731697434381278811e+01 1.421728944598931240e+55
6.878561144533065885e+00 9.667029817800656843e+00 5.229547965591691673e+28
2.050502314044839736e+00 2.031184468427876411e+01 9.522795034297166080e+17
9.147264229095139143e+00 2.756855633795558802e+01 1.305558770247405308e+109
3.830723973136914484e+00 8.450086821960138650e+01 2.641661693744418966e+140
1.401705572066984873e+00 2.667568484447589761e+00 4.364157301852987558e+01
5.998553217065741849e-01 8.540496415458666490e+01 4.721195453706622363e+22
2.402291384249225281e+00 4.583206823106522165e+01 1.639098445833449198e+47
4.657119690588060745e-01 8.810908271326995589e+01 3.626090351709493760e+17
6.153660636334931766e+00 1.647748821055774471e+01 1.073702129767380891e+44
6.036930254620709313e+00 5.739943044270717998e+00 1.516352335446732000e+15
7.704969231557760700e+00 1.257046331034666409e+01 5.458941629356565194e+41
4.706282930115562202e+00 6.020816211546915042e+01 2.773465576536338104e+122
2.485365792830699583e+00 5.032670178590358034e+01 7.858495479999838821e+54
7.497678198478286760e+00 4.737549311341475544e+01 1.458001696953256128e+155
6.239325157099042229e+00 1.698274607752184195e+01 8.106134201136608038e+45
5.595486284059434379e-01 1.668539738722215304e+01 1.249579425725695910e+04
3.536227256093027904e+00 9.085374513057902846e+01 2.273455491081573515e+139
5.577455458771777286e-01 3.975753855287360494e+01 4.526879058773901939e+09
1.796526311158537448e+00 9.563185125724827174e+01 3.634510807491315401e+73
9.505615492396966459e+00 5.407346789878027948e+01 5.516296874891075430e+218
3.788940841891919931e+00 3.287714436897888959e+01 1.146656119906881727e+53
6.078295045568868460e+00 8.621167723726672705e+01 1.266387689963061586e+227
5.368415383559485221e+00 7.751954426746186755e+01 4.762344510754177433e+182
8.057515916752775453e+00 9.417983794978719914e+01 inf
8.215007013591288043e+00 7.408644553582712433e+01 4.413437210615499847e+265
9.778413519945816645e+00 8.908827541259957172e+01 inf
1.941436879987162856e+00 3.660363440024705994e+01 6.113059698970496668e+30
5.632040068399518873e+00 3.358585193901677535e+00 1.310207100016169250e+08
6.735472634293692806e+00 8.171597238570008415e+01 3.750027359674826623e+238
5.566111466692443166e+00 9.024853543501228614e+01 1.011441561234690290e+216
3.718744493034470189e+00 8.131780274961504063e+01 1.199428395721922889e+133
9.175521750118171838e+00 9.237379308381265730e+01 inf
8.728173102185252219e+00 6.954345783256300706e+01 1.094416246297681218e+258
1.086132933897323571e+00 4.682911866347986063e+01 3.163791165042267783e+21
5.114457062316371427e+00 2.191898732367200786e+00 7.043842976550804451e+04
1.635099582784798944e+00 3.835810816623853725e+01 3.194182868653450092e+27
8.527404887781202092e+00 7.537985425372380632e+01 1.088500434752642463e+281
9.157165157368947206e+00 8.193485371392844741e+01 inf
6.556395997373464013e+00 7.812414552099205878e+01 1.892033301610291637e+221
6.913458819489700424e+00 3.567668023626266915e+01 3.230397455853210990e+109
3.868217562608626370e+00 6.991112376894822944e+01 6.723261127615786047e+117
3.504900050226150698e-01 8.901416135456071288e+01 3.681468725328844531e+13
9.934556194208154167e+00 3.296215603131265937e+01 9.079144321822793240e+139
6.563041815496776898e+00 5.929825879698002211e+01 4.399660001539167868e+169
9.134931520229674362e+00 5.270755812410575913e+01 9.541663033945502267e+209
9.835568748802362649e+00 1.576057968519057262e+01 1.733857803535456205e+68
5.049783196286520948e+00 6.173031978543626508e+01 1.327610547510255196e+136
3.481340804180384829e+00 9.683012873310825341e+01 5.017718556868640915e+146
2.246682831397221580e+00 9.262804361765525130e+01 4.168108643607097047e+90
2.956982241271469025e+00 4.264759060985029038e+01 6.512962721596923979e+53
3.383391214058588670e+00 3.806455303797039846e+01 2.359366035388044091e+56
3.668673812105768040e+00 7.879827114363074259e+01 2.560081808844892602e+124
7.139181327479954264e-01 6.085822543983696598e+00 7.973096387969508214e+01
9.005563116226248610e+00 5.408414306125590088e+01 9.968048746240932893e+214
9.825997970999353015e+00 3.715081992317139736e+01 1.425133569186167876e+157
4.135224581192839644e+00 6.706739292357839588e+01 5.158175251888838557e+120
7.549906450034402638e-01 6.449724874994799961e+01 1.860553953441405731e+21
5.195517163949122441e+00 7.846184702359718699e+01 2.467696871432609429e+179
5.384696193571349987e+00 3.442888029361594704e+01 2.213981073683407853e+81
4.838818936311356289e+00 4.144743243075009786e+01 5.023035756412489358e+86
2.634735898367494222e+00 3.518302672594817437e+01 3.627626834334575490e+40
7.483901341388912165e+00 6.134329895769155172e+01 1.161763476504478081e+196
9.943032717013911892e+00 4.945372055089713115e+01 4.855114310987816864e+213
8.906562787639886736e+00 6.029019206012334564e+01 4.986147323639422556e+235
2.719123073965455273e+00 5.741681543741633220e+01 4.074286499379916118e+68
3.277641340478726351e-01 2.852737819350810966e+01 1.150312683679984730e+04
7.384147860077682424e+00 6.679008858854737163e+00 6.401983625345600848e+21
4.940277435252542482e+00 6.341584927251508930e+01 5.426984896062074154e+134
7.557913974647292754e+00 5.203227986214617573e+01 2.692666206352695053e+171
5.823536028678362619e+00 6.204337356661321223e+01 3.644844778251124708e+155
6.985697904510663747e-01 1.958099472496592952e+01 1.040473362584615708e+06
5.191304997985054293e+00 7.173724587260919350e+01 2.503738054124182717e+161
6.557870528754712325e+00 9.691350350355574506e+01 6.464680651601523169e+274
5.610478097255393592e+00 5.726314540460377245e+00 5.769227017725028906e+13
3.398700960308107089e+00 1.666946710388923236e+01 2.865437729311356346e+24
5.805046302581312823e+00 5.637442161179385636e+01 1.187433698181556317e+144
2.394629475103985161e+00 6.279844173146390318e+00 3.021275241100985557e+06
5.091574287209465588e+00 8.395128911009926753e+01 3.403606887227091967e+184
1.815790836035445999e+00 5.487161573081068155e+01 4.757686675635849956e+43
5.509786970723701494e+00 3.501686246287877680e+01 2.694489214104786408e+83
6.163981833196126026e+00 4.484919232603760264e+01 1.332650126003893726e+119
7.584818163220307774e+00 3.039241982532653807e+01 9.876074456713009016e+99
4.284639877407545150e+00 5.382594246046611630e+01 5.896204112031702414e+99
2.698602075151005586e+00 8.849883860839649685e+01 6.899381171223390610e+103
7.408851110969342235e-01 5.933834385465840633e+00 7.942090973642581275e+01
4.634761964514641619e+00 6.337578011080083229e+00 5.102812053711480469e+12
4.449620684456242259e+00 8.569917555002319887e+01 1.461134725041085271e+164
1.793835739622175351e+00 9.374593928239266916e+01 1.298784373060178103e+73
5.063487986240602368e+00 3.129148235715980775e+01 2.032384496701993773e+69
9.618422209444875692e-01 6.267736197451392854e+01 3.105499042512419869e+26
7.657761846572721964e+00 6.731905619160998810e+01 1.208596714051279057e+226
8.188887101437394733e+00 8.048902951695446006e+01 1.332567147608446909e+283
9.914690533855635479e+00 3.193404133103618037e+01 1.936863186492905433e+139
6.637293047935257206e+00 7.960294729315640438e+01 7.234408344129477302e+227
9.210039098699386528e+00 1.383606599222527223e+01 3.976849264992561579e+54
5.359953076948950290e+00 1.735187006559199219e+01 5.527231815901386045e+40
4.692040359619685574e+00 5.179229273900601527e+01 5.228572081710278714e+105
9.643382017085022184e+00 7.115801146180209003e+01 2.925140648108481289e+293
9.984548069160991801e+00 9.297680092917272532e+01 inf
1.860165553494580681e+00 7.894530678026681514e+00 2.090259740741993068e+06
4.556606532099705120e-01 2.252139335185768942e+01 3.202970781869874190e+04
4.195909155182506289e+00 2.324572303705814846e+01 1.826368401662103852e+42
7.181944306749739049e+00 8.851953766758406061e+01 1.186460869161583954e+276
8.263053395076894958e+00 5.862774699635371434e+01 1.177491772058632650e+211
6.111030343713159674e+00 7.739399262369740029e+01 4.269234725299745699e+208
7.203411872552969442e+00 6.525276213711269691e+01 2.587477189335304179e+206
3.294228325207464447e-01 4.625660558215231788e+01 4.369617345052942634e+06
6.366950738884531447e+00 4.737835199352181093e+01 2.401876256631700786e+130
9.586235403624973728e+00 2.582407715785150160e+01 1.471375424946941903e+106
7.475082874461948634e+00 4.076633896359634690e+01 1.436833021490772002e+132
1.561646150899582697e+00 6.413506789096948069e+01 2.396147666019808473e+43
5.564943098358865470e+00 7.850220896285772199e+01 7.184470999367033715e+191
3.241874787797314195e+00 9.770705605582111275e+01 5.315871962248618176e+137
4.059498122012702659e+00 8.160366583276189800e+00 2.637027963815252812e+14
9.904921864341229565e+00 9.312007079608130766e+01 inf
5.948872074731896831e+00 7.963431788445772952e+01 2.993327831440633181e+202
3.023788695963446127e+00 6.111566945727545175e+01 1.924604980646840793e+79
2.402449885455518186e-01 2.833228985910916720e+01 9.421877771419077590e+02
4.893232443127971676e-01 1.303207525499878905e+01 6.309233913319380918e+02
6.244601539048530547e+00 8.860983312203617857e+01 8.662821768780014783e+237
4.241233963339777979e+00 9.202049319964547891e+00 7.351735631164076800e+16
2.782437005899351945e+00 8.193683965481997689e+01 1.100643404757574449e+100
2.280738643834811175e+00 2.032879530879037944e+01 2.256747175009914061e+20
1.218628135184819827e+00 7.454149339497684323e+00 8.250187900217100832e+03
1.326606989420850091e+00 3.280217386799647272e+01 1.208463452993891738e+19
3.810628395500089916e+00 6.464036248679336438e+01 1.103138368826149212e+107
9.813672934752730725e+00 2.390962179177942559e+01 1.985871723763538967e+103
5.965979957597544292e+00 6.718802016597567928e+00 1.896608177611179840e+17
5.327509793848922648e+00 1.631458577352692174e+01 1.956860791096361872e+38
1.792236338441313137e+00 5.204103155198779262e+01 2.331760916659510005e+40
4.098228692148278896e+00 6.339143874810415724e+01 1.558049858747195000e+114
6.308057157332371823e+00 5.479689869581055461e+01 6.447094912602691180e+150
3.296072498281183538e+00 8.587316652440128451e+01 2.281044197542838553e+120
3.858589547240947049e+00 3.441134477832174099e+01 5.054599569502030044e+57
4.696786898985559233e+00 9.390160897485559133e+01 3.688244913027327570e+189
5.570244959222822700e+00 6.933440340299211080e+00 6.810348458819552000e+16
5.165728744827246643e+00 5.481886808348320983e+01 4.321891646990683946e+122
7.479094308436994964e+00 6.397147989289774017e+01 2.082101876493534162e+207
5.089837168632612041e+00 2.033515719071082728e+01 1.503347609623034470e+44
8.470899183799213361e+00 7.443705321539746933e+01 2.398622004689444249e+275
9.725497487729638735e+00 5.286792215334224920e+01 2.121139518312848303e+221
6.068313791378495914e+00 3.037206354228971961e+01 3.017776946408289445e+79
3.211460162457962397e+00 8.317976011402113556e+01 1.525159592826521568e+116
9.358444543933941873e+00 1.080426998483499546e+01 2.596405867357974172e+44
9.997488555621670159e+00 7.172833007573436248e+01 inf
1.860601171691346867e+00 9.337204287719995932e+01 1.086041053756978206e+73
6.569576855150137007e+00 3.494784047949407579e+01 1.347385688815633284e+100
6.702967350481501718e+00 8.593058609194149255e+01 3.435787339374023538e+249
1.125169476807265534e+00 5.802400121154110302e+00 6.691278140216157908e+02
4.790214550824633655e+00 3.131368659583161218e+01 9.153404538206205525e+64
5.469055653106506654e+00 1.212513668505635778e+01 8.417549662113074996e+28
7.101419363799021056e+00 8.874866464674150279e+01 2.558979551892144605e+270
9.799176022161363520e+00 7.898864104476456305e+01 inf
7.111109738860198703e+00 2.983317579023077482e+00 1.312739687820845842e+09
2.507405146467598822e+00 5.043911497121563059e+01 2.414884880226723276e+54
5.084231706451534549e+00 9.743756267752694100e+01 2.806307769479972481e+213
6.675291506377804218e+00 5.547501444588341712e+01 5.992252588471938467e+159
2.843205475852274233e+00 1.778993124662051883e+01 1.232600420315715286e+22
8.959649524324047043e-01 8.728439673704981772e+01 9.833321503215468848e+33
1.020408147810439647e+00 9.022252874865372974e+01 6.181789801788577413e+39
4.449208333444340191e+00 5.780942241131572956e+01 1.781230440710377407e+113
5.256953589956375517e+00 8.166565870727424681e+01 8.674446280923216155e+185
4.003811172795048279e+00 6.459924117035663471e+01 2.328081247528355664e+113
6.902200509901435410e+00 6.649744101569044119e+01 6.562513185060960498e+199
8.728856777257544053e+00 4.025807112148826405e+01 1.885168865482440277e+152
2.467151662611513974e+00 5.295720383020238842e+01 5.682889806194950092e+56
6.647601210402572569e+00 3.248372066402861691e+01 2.952490953656218107e+93
9.292585775018048722e+00 9.251849748882733593e+01 inf
2.992237428342318761e+00 3.457225227552239488e+01 1.439453042028174247e+44
4.631486198484628503e+00 5.405154352666993844e+01 2.776054134143076229e+108
1.804135795785581919e+00 4.418973212465954248e+01 2.137348711450770570e+34
5.130281217531147853e+00 1.763658585324550643e+01 2.471244676605349767e+39
1.849945139439129749e+00 9.109438892600368831e+01 1.343164937214341518e+74
6.583173102983206348e+00 6.233958690420566384e+00 3.826595813214919040e+17
3.574368393410144673e+00 9.487453027982506626e+01 5.431861762564834233e+146
6.277052249237543791e+00 6.056110124346552226e+01 4.431010634583650114e+162
2.652094857158313168e+00 4.461437411359748495e+01 4.603073984250537669e+52
6.003690967694187641e+00 5.496091351337359043e+01 6.501407851746737260e+142
7.086317661316194005e+00 9.456117374518485974e+01 2.036416443081664173e+291
6.068048729085074200e+00 7.799526869719656474e+01 2.243263129513726764e+206
7.599668257835806351e+00 8.253849841765804740e+01 6.891578501929665921e+270
2.580975908215556114e+00 7.639095238090041562e+01 1.117531616949420681e+85
5.326421397046396500e+00 2.376610961525879517e+01 2.639768140768300276e+54
1.554324161999676379e+00 9.204739442843644781e+01 8.426438345791354966e+61
1.774388862024266045e+00 8.622081152858949338e+01 1.914591483701993357e+66
8.868690653137479174e+00 8.193908690263600647e+01 inf
6.968050976858997103e+00 7.568609554770596048e+01 2.868284640524333548e+233
9.564474395646522353e+00 7.382052628727433330e+01 8.172582467075554306e+304
3.166844022851560858e+00 8.176413897040856682e+01 4.068004238022980781e+114
9.500397409525724868e+00 1.704802439010122939e+01 1.171276854222207028e+71
2.023351280645903305e+00 9.448234716159174695e+01 7.851004819159358772e+83
9.121969235286451649e+00 6.176175552005023661e+01 1.532549322998739606e+246
9.954534030863245064e+00 9.492713670091141864e+00 8.897028665810712841e+40
4.332309667200904713e+00 1.024534925349011338e+01 6.656848638277177344e+18
4.888519095550454274e-01 5.913416819127224500e+01 3.113809209670779297e+12
5.014642330901098788e+00 1.092138740098797278e+01 4.832516456969214750e+23
3.254681897768455290e+00 1.254549841070063465e+01 5.836184621695072000e+17
6.750316974572890816e-01 5.900126997279363650e+01 3.700644656231889920e+17
3.439053645011609817e+00 3.364869362841584177e+01 6.907927461214937534e+49
7.661878025649128787e+00 9.835965304059718051e+01 inf
1.644921662453313393e+00 2.005801560044677956e+01 1.730180827536070938e+14
8.967642968073134213e+00 2.990717057307100468e+00 3.837726931906409912e+11
6.499737531944141944e-01 9.233037882934712570e+01 6.741696304130508884e+25
7.924504565961266067e+00 1.398010886224938076e+01 1.418300362347836391e+48
1.527078488320075533e-01 9.753371193709806164e+01 3.088260039051422384e+06
5.815946907650953790e+00 2.903383688124791817e+01 9.714172301870379505e+73
9.908074752426998089e+00 1.692547649658272491e+01 1.876659843594189921e+73
6.669905022837292918e+00 4.071500993030043425e+00 6.076838967346226807e+11
9.796248993576723407e+00 4.302072481074670662e+01 5.709270334959717248e+182
7.219090181954401331e+00 8.618874454296870624e+01 1.608563556997014611e+268
6.168527405581885503e+00 3.111235567962690141e+01 4.369049020506642983e+83
3.863850557992626999e+00 9.237040917597791179e+01 2.293420131831167044e+153
3.857523944977625074e+00 6.067785779943486091e+01 1.545451777680295197e+102
6.594595296620980873e-01 7.183321570020235924e+01 5.169438180610165309e+20
6.738448686991716841e+00 3.487416279588497048e+01 2.879567337314169175e+101
2.731289946940991697e+00 4.764264398758179908e+01 5.759751964882193796e+56
4.327827229121142594e+00 8.474181609044876495e+00 6.828498572784087000e+15
1.518842712975968956e+00 2.746785501053542333e+01 2.057060798438820352e+18
5.715420074818968743e+00 8.301923714804243559e+01 1.151167230375543607e+206
3.638614783197579250e+00 6.102791729571174528e+01 5.041086066091597393e+95
2.599207779527326956e+00 3.870417754206299321e+01 2.641728354259968885e+43
3.421638998235892792e+00 5.754932823405944475e+01 5.386051039975079878e+85
6.118534713373572131e+00 7.498155927707531987e+01 3.924685949214895163e+200
8.450299717420051593e+00 5.717308213343775947e+01 1.030299668632559154e+211
1.930896545848009405e+00 9.655204645859977575e+01 2.165214653435598718e+81
1.588265914915925281e+00 3.741971020438626283e+01 5.499434230603928627e+25
5.342786848260725030e+00 9.497192665072029172e+01 1.843865122937769518e+221
1.935204772706218268e+00 2.739695596291671009e+01 8.944663541256472337e+22
7.993817659126390751e+00 2.577064993488938072e+01 9.620477477440472447e+89
7.685190950313712577e+00 1.786528975494348259e+01 1.400742479499174296e+60
5.681710360300455065e+00 5.908654359327099570e+01 5.678750964056762002e+146
1.074176801712180218e+00 9.798518085436866443e+01 3.006580129935710146e+46
6.286329227444083401e+00 5.235616468704675697e+01 7.511890368789879041e+144
3.230191956437862721e+00 5.266121700116210747e+01 3.713413735122482017e+74
8.526701002588588096e+00 6.243162853288780845e+00 1.145264368169835823e+23
8.306416206420895065e+00 1.853828777849015097e+01 1.963892065446633985e+66
4.067609836003446944e+00 5.556762738985668904e+01 9.242302499978560251e+98
7.886668751361449736e+00 9.355809789524984765e+00 6.251714345183379018e+31
9.822909530909225140e+00 1.375930010786151847e+01 1.512701730197557617e+58
1.008846137992250425e+00 5.342409321467714989e+01 2.514286807428770164e+23
5.649682946139416906e+00 1.666488828672483535e+01 2.141080127871021323e+41
4.981723871522637515e-01 4.498175898565347808e+01 4.714245738712617874e+09
3.271934029316118320e+00 9.912688742469526915e+01 1.809562686399678741e+138
3.534564680900597278e+00 3.908766616493404289e+00 8.961763391336427303e+05
1.766379533993342132e+00 8.815713108325186909e+01 7.420021516058639341e+68
7.829637115054977059e+00 2.618186201766116739e+01 5.537744866353768840e+88
3.889919578854617033e-01 3.331245964260691039e+01 4.649491887811331544e+05
9.816253802573275067e+00 4.827297150520088564e+01 8.149627384200485211e+204
4.015611524270704669e-01 1.806884779995007761e+01 1.416062623250918932e+03
8.330399711410143126e+00 4.168518152921574682e+01 1.668249335899776603e+147
6.822801999592565281e+00 8.418364881858018123e+01 1.356204851242499287e+253
6.705533634350938632e-01 3.522181218203218833e+01 2.229202180002036667e+10
8.597134125806597638e+00 8.351276824990846137e+01 inf
4.359561727556725330e+00 7.925539418029717353e+01 3.670867105209771630e+152
8.724134672927277734e+00 8.097082415522122290e+01 3.725251946080247540e+307
1.060746538427943753e+00 7.302950541322523748e+01 4.172809048777140989e+33
9.209198050213583286e+00 8.684132167722087559e+01 inf
4.973674955556935950e-01 8.319303161562007176e+01 9.681107862048531200e+17
1.352594071846005885e+00 8.590268622521320196e+01 1.546878699059293045e+50
7.434991144459868195e-01 3.273398821824999061e+01 3.240470663323928833e+10
7.302790879167766036e+00 4.378407115684298390e+01 3.216772263747748124e+140
5.901830884916909881e+00 7.497577541608623619e+01 2.638169007233423973e+187
9.607647566699736075e+00 3.504962526487339147e+01 4.399158733756213093e+143
4.590443492304961737e+00 7.348408068728356390e+00 4.671830052027012500e+14
3.868465975237590726e+00 1.752464505210867074e+01 1.246982392051088527e+29
8.798203713421841599e+00 3.904988062109591596e+01 4.181203950297739358e+149
4.792792312171516578e+00 7.167131006868842746e+01 2.211381214432273611e+146
8.431503858455130285e+00 9.088706758658102558e+01 inf
2.003069946331512252e+00 5.753080705216014934e+01 8.961245074870284596e+50
5.835476564813153466e+00 8.456974544321236920e+01 1.644835023364311573e+211
1.614917652051867325e+00 7.983471364342423726e+01 9.623792470361536979e+56
5.162828850412734205e+00 6.509682104384988577e+01 1.468259237447347075e+148
9.981315564816773289e+00 7.725008823406038516e+01 inf
9.177380165153779856e+00 1.858307346431951146e+01 4.333185956330123130e+72
6.731554177432393260e+00 5.392895404789091884e+01 7.466839834564319411e+157
9.313035450875672083e+00 6.672370173133802496e+01 1.154929248998141448e+269
9.872578794222000909e+00 1.750623890089845247e+01 7.803288789064568863e+75
1.488692265639724344e+00 4.551136161001767277e+01 6.126327308165382867e+29
5.107642387891775826e+00 8.812251149505512160e+01 3.331937985768653971e+195
7.858123535313320751e+00 7.027621810410039416e+01 1.040928897446037619e+239
5.901079742380227477e-01 1.786759391310979339e+01 3.737737345752133842e+04
2.075293054074045962e+00 8.261103106837101961e+01 9.855122745963267748e+74
1.599296648949166233e+00 7.223129356875541873e+01 2.324193625360658964e+49
1.838555341834329004e+00 2.631642455579317286e+01 1.493964319283875152e+21
3.042417202739464255e+00 6.266058951052234960e+01 9.698717386826780780e+82
1.181060482644222365e+00 3.329824986075033078e+00 5.184792967988978063e+01
3.690099892384452573e+00 5.211277234503773315e+01 3.717942605167323133e+82
2.703681169994682776e+00 8.132780491088391273e+01 5.003862418400371308e+94
1.150059823643759138e+00 3.264861151012908635e+01 2.016767217760790400e+16
4.491717806171180882e+00 8.218999641788929011e+01 8.322426157640149335e+162
1.228566087855770039e+00 9.878142164459864816e+00 1.831940746457654168e+05
3.140696361727982833e+00 1.522573200571974716e+01 4.939421719647911936e+20
6.282069135787423875e+00 3.055278391207023958e+01 1.728289696342870887e+82
4.323415117568200294e+00 4.708776486426425123e+01 3.131430659942066240e+88
4.535898828604156385e+00 4.075749111810383596e+01 6.028333999916356963e+79
9.625855146800118334e+00 7.748503563001594330e+01 inf
6.095323007452599917e+00 9.125496113952866040e+01 8.719292563885227971e+240
4.722181034731899985e+00 4.538549687626758811e+01 4.772460309405370884e+93
2.839691437297254151e+00 1.070497463954100859e+01 1.905114870978227344e+13
9.763518359324232065e+00 9.069471571052092429e+01 inf
7.605946426875340727e+00 9.931631487104728251e+01 inf
5.278761591657647578e+00 2.905249808891484165e+01 1.484672160273360423e+66
4.933446554579055565e+00 3.814218172779176541e+01 1.388743112067395178e+82
7.050034323571985340e+00 5.563811617137709931e+01 8.371344712561173593e+170
8.443447356409045312e+00 5.521065423646386705e+01 2.390113305631079930e+202
5.748865093889303779e+00 9.976002387209536693e+00 8.902821774809682074e+24
6.334409959970689563e+00 1.164867445509151267e+01 5.123077403685922527e+31
2.431035551503726744e+00 7.252087705702999187e+01 2.247167036053850707e+76
7.646116956183859337e+00 1.143949463946848866e+01 1.327300692935726317e+38
1.633278523289240169e+00 9.352431848490385846e+01 4.222759386541879689e+65
5.379750578284440365e+00 8.319323449016742700e+01 2.119872799965917905e+195
4.554684373683198118e+00 3.588064216310359456e+01 6.616965364914947162e+70
4.430307272122368190e+00 5.717164674175613470e+01 1.807458385855298132e+112
6.842279007113925005e+00 4.369030035247057953e+01 5.717929072836537388e+126
1.745440120688454222e+00 5.126031897621635380e+01 8.069245147687400243e+38
7.029750316529787213e+00 3.735204588533090231e+01 1.173301631124036408e+114
3.163378789308469941e+00 4.211823045036229018e+01 7.600844892487176794e+57
2.600344272971577109e+00 9.263159380108388063e+01 1.593686903195481509e+107
9.613527608159058602e+00 8.822627859865067990e+01 inf
4.025770112624753594e+00 3.412467890872780885e+01 3.152631275229241808e+59
2.723696510405590132e+00 8.745067011986913030e+01 5.118032652291526656e+104
9.186791771164644516e+00 7.743296170932202926e+01 3.488318704621949478e+302
9.493068002207468936e+00 2.369952699877588387e+01 3.495094608407618468e+98
7.819568751964184550e+00 1.903187618469657849e+01 2.719404306837803219e+64
6.602409422670296735e-01 2.380398605200891993e+01 6.014801791684382595e+06
8.841657733037511235e-01 7.182339943515110292e+01 7.112459568049770483e+27
3.172591341259689113e+00 5.395768691541868378e+01 1.515962620047886552e+74
9.926908111496596021e+00 9.279049719765821180e+01 inf
1.056738279354352938e+00 3.465453459724929353e+00 3.806809824097619810e+01
2.152561744587365933e+00 3.541798771408924296e+00 2.193063865116255784e+03
3.461623044714354336e+00 6.105009979950806809e+01 2.238226561076182183e+92
8.587554418808196033e+00 4.123427386937094496e+01 1.232299098189186513e+154
7.903496644712729058e+00 1.583553800683241697e+01 1.225684607143122771e+54
6.942234841912880761e+00 4.660149440836728019e+01 1.246917900924157162e+140
4.394577314737814433e+00 4.996763012147556537e+01 1.897534340301384532e+95
6.030027264767766626e-01 8.023846370335708400e+01 1.014252639007814058e+21
4.311691584100645791e+00 2.502892855699678165e+01 4.184604498128517555e+47
6.036111387611330592e+00 5.620493901459427377e+01 1.468513721677665274e+148
2.045319494875237787e+00 6.299843708847319590e+01 1.707517768817645619e+56
7.722509468441611347e+00 3.566798149894568581e+01 2.114715502316705105e+122
5.866608170607451989e+00 2.428665096499580756e+01 1.350370862488964769e+63
5.364823436160447656e+00 7.006385115349570469e+01 4.462087972211760363e+164
1.234158635391467085e+00 3.159182238895297345e+01 5.275467262403932000e+16
7.789007745310593478e+00 6.581081639206111333e+00 2.967561200826801193e+22
7.278113816495177524e-01 5.526447612774682483e+01 4.850378494620019200e+17
1.101141939344473686e+00 8.576231268894552784e+01 1.055699078681070916e+41
6.794511490031897694e+00 8.238775988866051136e+01 1.271964064215731969e+242
6.476548045332827463e+00 4.152631980509688248e+01 2.309939708996155155e+116
4.749313748101524624e+00 4.496628667153873238e+01 1.108837823996254890e+91
9.866179884305411818e+00 5.716864886521713629e+01 6.569892233948213044e+243
8.888739856509721093e+00 7.341582383104237053e+00 1.123325427852938812e+28
8.923485222667315142e+00 9.157137137224557932e+01 inf
9.511152958152548464e+00 2.973752366023947147e+01 9.094304152463290861e+121
9.043272157845459347e+00 5.877643288366962082e+01 1.926942906562439390e+230
5.861183373446003486e+00 4.700463585267758049e+01 1.311654945287041414e+121
4.244431891075730157e+00 4.205339154137330837e+00 6.747114465207645297e+07
3.154991019496879989e+00 7.037564120327269279e+01 1.569322887993035157e+96
8.025248901521290890e+00 7.528809501028680984e+01 6.621464899048953163e+258
2.984031423865587396e+00 7.044995266804643563e+01 8.455235322668438639e+90
6.963295976249721519e+00 3.838210478953045879e+01 2.185041619585143976e+117
3.804190254884217692e-01 5.318965387659818589e+01 5.713907714730304480e+08
1.104191034459882426e+00 2.167803518549711228e+01 2.320606209767161179e+10
6.592691396508189028e-01 4.528048186468027581e+01 8.149001013506927734e+12
4.488804255384428288e+00 6.680664106359063226e+01 6.632530069756282218e+130
3.778956144984755738e+00 7.586968177409531222e+01 1.649556786620954632e+125
4.256442080825822982e-01 6.462110676429762179e+01 7.062670383099030762e+11
3.120936463824233620e+00 1.826288906625629593e+01 5.563946837230056511e+24
6.804997533370406693e+00 6.443710776679276364e+01 6.515951829130275239e+190
7.529831323174135171e+00 3.548513078846234947e+01 4.676722777919632117e+117
3.857814531141008363e+00 8.658633092222271443e+01 6.150863164052417596e+144
8.694138991429870345e+00 9.238925166358104946e+01 inf
8.334044411743390945e-01 3.968455228018245151e+01 1.922338746630722812e+14
2.213019759131352182e-01 5.628402410350407337e+01 2.610904604485195596e+05
2.279365368953200743e+00 1.444263972265003915e+01 1.315705497424672656e+14
4.197999040707691698e+00 2.432637503640088994e+01 1.789036354256195641e+44
1.191288140871769485e+00 6.845593750970419933e+01 1.193845824032999409e+35
8.457386985939806534e-01 8.455322375680449909e+01 1.245501939604194397e+31
9.932410092216507280e+00 6.396864948026784248e+01 1.209779830615428349e+279
7.550502504950070914e+00 5.623125041455562467e+00 2.967385017462136832e+18
7.148202732480144483e+00 8.200949934586220991e+01 1.139472492922246103e+255
6.041114295874012718e+00 2.690975881070001208e+01 4.071831903302695650e+70
9.730004484674603660e-01 9.004497597082163907e+01 7.968753589415405892e+37
7.312304954982992378e+00 8.353637538203247459e+01 4.480192232541629720e+260
7.509813345675136809e+00 2.211802211826437414e+01 7.238279416530828441e+71
3.556969266053760403e+00 7.003377300644554282e+01 7.966368641083552994e+107
4.244832361401789989e+00 3.622859322782825586e+01 1.066037825735846218e+67
2.469026544126122324e+00 8.717433329552576993e+00 1.898241952685068607e+09
3.450230134260030557e+00 8.312309078140496865e+01 9.517891784524224712e+123
8.527033293718776719e+00 9.401667650741630666e+01 inf
5.071574881689685732e+00 6.013993115134893230e+01 7.169765907601059401e+131
2.177795327394260294e+00 1.272180740196515103e+01 9.025100095207740479e+11
9.677160536915717870e+00 4.701557780380825591e+01 4.543977888343210235e+198
6.666144792401700769e+00 5.070475804714322265e+01 1.494515329244670693e+148
8.280257838887973065e+00 6.234878894829197549e+00 2.702734694181313393e+22
9.515002557812570316e+00 5.639098488947151111e+01 1.003852428318248257e+232
8.862350248006537479e-01 6.597417487578938733e+01 1.663627194839773103e+25
4.846973681246782739e+00 3.113223065081376717e+01 2.132644630185849094e+65
9.224556773942509835e+00 2.566514113775015460e+01 5.615963363531606473e+100
9.678388973768008441e+00 6.563243694614364188e+01 1.564078002066252540e+276
9.183295189633826183e+00 9.965976230315951057e+01 inf
6.406357311706401880e+00 2.449015984155966663e+01 5.787833168820317304e+69
2.465648916929644496e+00 2.227452416780633726e+01 6.039400874528801838e+23
7.449890702223252781e+00 5.162283423990619724e+01 1.669557080372849241e+168
2.982136346805001281e+00 8.493247756121135694e+01 3.420746385646938997e+109
5.027536344377812938e+00 2.053868788389335620e+01 3.500353179842310095e+44
7.917556785090017479e-01 4.364010066206727601e+01 1.694713920748229250e+15
6.392182265293357979e+00 1.068933244393197590e+01 1.667224679819669975e+30
2.913959307876682114e+00 7.264769971937147375e+01 2.427240208249708986e+91
6.670253951253346969e+00 6.419667952923495591e+01 3.755125308960374951e+188
6.059534979103962549e+00 9.564025043280888383e+01 1.109331638924356130e+254
7.069515709824221616e+00 4.309360743035644248e+01 3.310540920536499848e+134
9.717197747915060191e+00 5.834019829922820577e+01 2.694346598945543762e+246
8.937797058506751213e+00 6.910154919515306915e+01 3.044424519711264436e+268
6.486569199319765389e+00 7.689592726512621823e+01 1.643192025472993524e+215
6.551514346984545156e+00 1.107398941621176292e+01 2.066050895833648978e+31
6.134993103642431223e+00 1.106899677261080583e+01 1.689175009486136342e+29
8.762270779056004599e+00 8.442020138924101502e+01 inf
6.342874917842241445e+00 5.520797558456583687e+01 3.498294570021683566e+153
2.417128521330009772e+00 4.306338921231176897e+01 5.035509638136641369e+45
5.447070877397484523e+00 2.061841292617545562e+01 3.650233492720619032e+48
8.520801918089572879e+00 1.262642790649618085e+01 1.221328430454684782e+46
3.801921799819221182e+00 4.596649372088403140e+01 3.509719467918316776e+75
4.846953835620622542e+00 3.917203486152323677e+01 1.898720187196793615e+83
7.013986340529270613e+00 5.915471744149427735e+01 6.495369019075167020e+180
9.539600362374311970e+00 4.820337040924076888e+01 5.539987085728341144e+196
4.174039224119986180e+00 3.816641170693088725e+00 8.659244542437646538e+06
8.416728128038913681e+00 5.235247761052781357e+01 1.553521352587554246e+190
8.731681594107662647e+00 1.889013028397310023e+01 2.962818964997169116e+72
8.742642151922952465e+00 3.280238296786681929e+01 1.066443123025656691e+126
4.307364442802401605e+00 2.342186538353061209e+01 2.587426699457321607e+43
1.129342915494098376e+00 7.530514364777324943e+01 4.738608706133136046e+36
5.739691349297775247e+00 2.169628988620513610e+01 7.765716993879521348e+53
5.150764054262749525e+00 2.027641841427320912e+01 6.033209958151882777e+45
5.555220192213094599e+00 4.521207230511169683e+01 8.757611227798546654e+108
6.604564358251691303e+00 9.574381640290772566e+01 5.370654842409579748e+273
7.196875047036283002e-01 4.696934683589104509e+01 4.868777059667777500e+14
7.673919586629636136e+00 8.505162080882028874e+01 7.790364857782762931e+282
4.777449289650948394e+00 4.863225258537621443e+01 3.992968600194802892e+102
8.541386024444372893e+00 2.207918539504619559e+01 6.458305610390538211e+81
3.796129231208519528e+00 8.771115416096459683e+01 3.654031350001322312e+142
8.592309153965732804e+00 7.549839593569399199e+01 1.857785753243802523e+283
3.913078568678353797e+00 6.622238771118490774e+01 5.287095574373790061e+111
9.182169306872161485e+00 6.926157939927490759e+01 7.222532864063785387e+273
1.014567819175985930e+00 6.465321443932214152e+01 5.263106186781705514e+28
1.305735696645297095e+00 9.047582900169018671e+01 7.548497960166494568e+51
2.881496182564373232e+00 3.676832753247483510e+01 1.343022769448338758e+45
9.344346563551624740e+00 3.412593296645413687e+01 1.730605037542379643e+139
1.961338024691144266e+00 5.472322850286555251e+01 5.780579651282035399e+46
4.783589262640099093e+00 7.943042049327527820e+01 1.079816809801116520e+164
1.958359829136778973e+00 6.619222014567510826e+01 2.442883741087201816e+56
8.787120254221250093e+00 8.560790713840155775e+00 8.275960796106516505e+32
3.349042719304781146e-01 7.317246504082767444e+01 4.425903990424911499e+10
6.451131639820514074e+00 9.649224205805383292e+01 2.401755141989672963e+270
4.607910980948878965e+00 4.229480403673248645e+01 4.015849708205765977e+84
6.125141151933483741e+00 2.095326467935329262e+01 1.161892804510417716e+56
7.094747699869922819e+00 7.527633521374548309e+01 2.886931167994378275e+232
2.541785907994119409e+00 8.615329392926433627e+01 3.505218654073399018e+96
9.263067053309496757e+00 6.728389688323829887e+00 1.664039371736426676e+27
2.883623571069667602e+00 8.598375364562134138e+00 5.618436787766515350e+10
9.736901746538981328e+00 9.990478807542068296e+01 inf
2.050644785522902636e-01 8.527472936195636066e+00 5.711673154360001448e+00
1.241253757612447828e+00 9.536742461690823802e+01 1.000165472719513726e+52
9.372265129727582078e+00 3.226182779366227038e+01 3.268212265088162987e+131
7.705037580928789431e+00 7.914362722991846510e+01 2.545559074175091574e+266
3.212128316367089731e+00 1.461451126203155759e+01 2.083764730416643768e+20
5.197342908123446570e+00 1.976030767631197804e+01 1.079155314199017084e+44
1.507870184644252820e+00 9.347402295207214706e+01 5.921441877257015957e+61
9.715986825110948244e-01 7.455306531206771581e+01 7.025599866690501361e+31
7.878386116059610700e+00 2.414431981494890778e+01 2.950310385095396301e+82
7.926418725197510007e+00 3.897400908819100351e+01 1.827502315025873272e+132
4.355315773728539952e+00 3.004229596940386671e+01 3.461447367316507951e+56
3.141174482777716381e+00 1.579344971369793882e+01 4.859732295417662013e+21
2.199941789698803607e+00 8.733335412697140754e+00 1.716409914158593118e+08
4.430450001763401424e+00 6.768015903754699636e+00 1.236877183338771484e+13
5.505228199832808755e+00 1.964547453355259421e+01 1.040658974449059915e+46
8.146551270830155289e+00 4.909335946076603108e+01 1.032874113617619831e+174
8.085851997806935643e+00 1.607947355033704184e+01 6.355434375673180041e+56
2.370318712759671875e+00 3.706374269417679557e+00 7.272824793639870222e+03
5.084695091847539317e+00 6.105753165669590743e+01 2.901790770376699629e+133
5.442813592341605222e+00 8.701340359415463865e+01 5.700320564353188631e+207
1.434292596074192794e+00 9.415244714652030211e+01 3.430326547735319400e+59
7.572441396900374322e+00 2.163377735556696990e+01 2.246491943769103980e+72
6.720081195387133555e+00 5.559911408608278549e+01 1.431243321545465573e+164
9.588663988449809494e+00 5.685156192996677760e+01 5.765287905035705429e+235
2.179138773244668759e+00 4.792712842771649662e+01 1.358660735473667646e+45
2.354800081061420247e+00 2.075769661984097425e+01 2.268557495990244606e+21
2.074023741724107861e+00 3.644375772623516863e+00 1.750048159113716110e+03
8.888445937830621313e-01 4.025790441312983603e+01 3.466006122589591500e+15
4.270564850830832704e+00 5.335565406689288359e+00 6.611691199394866943e+09
1.073494046230228260e+00 2.373806868091856259e+01 1.820899802171201477e+11
2.251631762922668756e+00 3.061465300871340034e+01 4.028289512070922649e+29
7.054019067115520514e+00 7.720114886557814771e+01 8.487024854204048312e+236
4.074886424736382295e+00 8.703474822301147640e+01 1.444210588861618079e+154
9.412572377867597595e+00 5.920585128198571567e+01 1.683656306079545970e+247
5.926205009486474218e+00 8.086761070222824799e+01 2.194799569991633434e+207
3.858839958936509884e+00 6.807903521208298514e+01 4.318370978962057101e+114
8.243356405456775393e-01 2.586620176190072584e+01 1.416496049771158695e+09
7.165192841700008586e+00 9.461749062563494306e+01 4.877644943182241631e+292
4.010236588893335785e+00 3.204835712561065009e+01 3.427229599089109628e+54
6.699420940362982968e+00 7.190349142739385968e+01 1.518632878674749388e+212
8.578128210660047159e+00 4.295903725403041662e+00 8.601335029765426000e+15
9.854984899989068126e+00 8.408350967779415441e+01 inf
7.568046930089756152e+00 5.465497440730229073e+01 3.298699213799655091e+178
7.402523521685508534e+00 3.835113065774339702e+01 3.567322540594105686e+124
7.146072124241770851e+00 1.561269524133763120e+01 6.954153761578456828e+47
3.713191243624681004e+00 7.650875852308342928e+01 7.559100035176145037e+122
3.791706583228516170e+00 6.274622228916020816e+01 1.118444520123072065e+101
2.019673171921152921e+00 6.245796086922943857e+01 2.634548881958866893e+54
4.943879019422595888e+00 6.041179746536556650e+01 7.302104375895694054e+126
9.907373667726096400e+00 3.117784435020012523e+01 1.075298569921453200e+136
1.187476662685461815e+00 3.767760810698712959e+01 2.161403157208957747e+19
6.909293434610860984e+00 3.866870423618925656e+01 6.483931522323118563e+116
1.780255865014506389e+00 4.453564530331619409e+01 3.420655845270711116e+34
3.620637339018433210e+00 6.356583507822878687e+01 6.317808984184319088e+99
6.676545796102140606e+00 6.958304400749837271e+01 2.291408587460658410e+198
6.660042209868378471e+00 5.110128644680544063e+00 8.112339154908587500e+14
2.984501327850808572e+00 1.813486843384337988e+01 4.544658641687742576e+23
6.879325934201345305e+00 8.549964294389944541e+01 1.384282354945827489e+258
1.976011911416460265e+00 5.903905294515060831e+01 1.808263749158094322e+50
9.537904065880445259e+00 5.774918463737321872e+00 5.953516111502443691e+23
1.860309721113751147e+00 4.879732362618652530e+01 1.393628385388809541e+40
3.717641291848656326e+00 4.481292923110895998e+01 8.692143823227138499e+72
5.993365665674756926e+00 1.235989420526613891e+01 9.119878013352888826e+31
5.094901853574512529e+00 2.552363348576779600e+01 2.294420405269173701e+56
3.216019527450304505e+00 2.050957380936164753e+01 5.322604699799809090e+28
9.023308864109655048e+00 1.135081828859910047e+01 6.094260910429596132e+44
3.399146796097449741e+00 2.821030795351773079e+01 9.145281422027585578e+41
8.048389093143630824e-01 7.515752901883244874e+01 4.315278305298443452e+26
2.791677447467362794e-01 5.408970717425341235e+01 3.657294917572855949e+06
4.026240392177520278e+00 4.523539373004022934e+01 1.406080051401373540e+79
3.518826431222372708e-01 2.139112190304246397e+01 1.726109162558849221e+03
4.437324390477486169e+00 2.770243782423926859e+01 2.306415103753360169e+53
4.379902555336868453e+00 3.711807776558879368e+01 1.110603506384399329e+71
4.829775969508082412e+00 8.681315758817740402e+01 1.522331389930288926e+182
7.931241844905311034e+00 8.812119193425971275e+01 2.487518121337088570e+301
9.654398842095380573e+00 4.284845600998568216e+01 3.529554423357819780e+176
5.644832697443845859e+00 7.611272426588845974e+01 2.397207963103456982e+187
5.858826741251730752e+00 6.116937689322531924e+01 6.077941944290759676e+154
5.484648370219518121e+00 4.675515801251370362e+01 7.232401243691517245e+112
7.119276409334801770e+00 5.565435294733562444e+01 2.367389907050221843e+173
1.430738236130709273e+00 7.719810489014828647e+01 2.748838685764595470e+47
5.038111882257169327e+00 4.374921782227282563e+01 2.283408750354001132e+96
6.885299905475423365e+00 2.472771204131679212e+01 1.005936076038084708e+74
4.073200581351326122e+00 4.944285283112076002e+01 8.343351829191496428e+87
8.668866999683858543e-01 8.872606715210949346e+01 2.694006623160040085e+33
2.082383014239458152e+00 4.134872638776146658e+01 4.235431954302767184e+37
6.976047585022618236e+00 4.437303077791828798e+01 4.517231964664561396e+132
8.520264203059987551e+00 6.089230803724032626e+01 1.868494830687787142e+228
6.407840502609899680e+00 5.043455699917900859e+01 4.022239023393448917e+140
6.863214134312027426e+00 2.309299027396082593e+01 1.837802141248961374e+68
7.198656037981692180e+00 7.882583968584421541e+01 8.112329225456779812e+243
8.559718928874579191e+00 7.835143938061659696e+01 6.292056677673385599e+293
8.495702025425870829e+00 7.013844187125690155e+01 7.572038188534405459e+257
7.833139818095504303e+00 1.264457535051089643e+01 1.700433465044813757e+43
3.530973278364762713e+00 4.038996922054988659e+01 5.012194669594111543e+61
6.559677193187331667e+00 3.262567990779720617e+01 1.815681883926442263e+93
1.162471621472018546e+00 5.722927286093835875e+01 9.192907016841965062e+28
8.658160531288944028e+00 7.473508817251097014e+01 7.630745905106079826e+281
3.179428574844985089e+00 2.372934930434321288e+01 4.762337590530547588e+32
5.553102349274743332e+00 3.240181263999519956e+01 4.228135329192204444e+76
7.948935933528079367e+00 4.728785474612167405e+01 1.517971803618151803e+162
3.206235486232917875e+00 2.027090326209713922e+01 3.009206112452081919e+27
1.619739095796621231e-01 7.281273967303597772e+01 1.052742497350368649e+05
6.369944050953789905e+00 1.081235528272864599e+01 2.296710569111061377e+30
6.478551076674927689e-01 7.709749920385571897e+01 3.137969313665706361e+21
7.396229065541537473e-01 5.470487830585083344e+01 4.819377357549219200e+17
2.704962332705432182e+00 9.532586412429299827e+00 1.885775327172652283e+11
3.310802532106589258e+00 7.434726354624555711e+01 2.612204894733612402e+108
4.303094989675304127e+00 3.969777539776496411e+01 1.832552883011061295e+72
9.044890597616406680e+00 7.227662994902912885e+01 1.961387141902083417e+280
6.468800457133221826e+00 6.352166577617369470e+00 6.600458158280563200e+17
3.429685351127526705e+00 6.841991894360293713e+01 1.074244009468405417e+103
9.910426856079059377e+00 7.605410027509110193e+01 inf
6.456847615280919328e+00 1.811962261308013922e+01 3.889217659813914125e+50
7.857808538906582818e+00 6.140190048162879322e+01 1.354738065509533778e+208
8.561504122624681301e+00 2.417156105872928151e+01 3.119402319145054652e+91
3.150963440833710383e+00 6.340369556558251674e+01 1.297858652462154114e+87
8.380205267358682875e+00 9.417561179843916364e+01 inf
1.481842179607354870e+00 9.685480325082536979e+01 3.975054495288359784e+62
4.610414233960813846e+00 9.893306664650371829e+01 4.403907888413154079e+198
7.908678640322994724e+00 8.955524320518422599e+01 inf
8.719384700994692317e-01 8.883273718567275523e+01 7.854008438407595100e+33
3.236782007831991326e+00 3.162119042726243379e+01 1.701711574735622985e+44
2.969607895651991569e+00 2.905165274560206257e+01 5.653977179853430762e+37
9.042938860600621354e+00 3.765657065515910951e+00 7.838725388724781250e+14
3.863158846111371947e+00 4.776526542365591865e+01 4.539521207621734204e+80
9.004095385119104122e+00 8.150682197957654296e+01 inf
4.131080222071913610e+00 3.732580177054281734e+01 1.590428357423996604e+67
8.339534145517061958e+00 6.905174178651824946e+01 4.240709905710076119e+247
9.958016722161271872e+00 9.512600801557924513e+01 inf
7.588812670171887653e+00 3.533306851954364447e+01 1.484976546982586330e+116
8.551511742375826231e+00 6.000782620626330299e+01 5.884615937999985742e+222
4.688891360383533602e+00 4.229612581573973529e+01 2.469307915454648426e+87
5.769475619720444648e+00 8.435102607517791284e+01 4.912674618103233212e+212
7.289064066730314373e+00 2.072105114506022971e+01 2.853686635952088733e+65
4.865401404990296719e+00 9.510327422747860737e+01 1.306945183757453257e+204
6.130944943834932381e+00 5.603720108226468000e+01 1.249751812970146060e+150
6.224854711400442220e+00 4.705293089560372266e+01 4.227929653695281291e+128
9.264597741162379663e+00 7.836921713962196634e+01 inf
1.378213449072991093e-01 8.039606476278098057e+01 6.708523565293397405e+04
8.651487751755963629e+00 4.809896834576176872e+01 1.834433196921336748e+179
4.267677430391603188e+00 7.171413093452795806e+01 3.768528200874487968e+131
1.345053635074191289e+00 9.862684373164525198e+01 8.270015257866555975e+56
4.874681890972868636e+00 4.138472535560035226e+01 5.103435283067997315e+87
8.875455738221809554e+00 4.805609920751290076e+01 1.479313332675993436e+187
8.447092351402272215e+00 6.623568412613654743e+01 9.545899826213106995e+238
2.921594195127883875e+00 4.034160129741427170e+01 7.936226797405504198e+50
7.219427924793602180e+00 7.645038627642408358e+01 2.211612094434909298e+240
4.536231279192882049e+00 8.022891098136710752e+01 8.688683642220360650e+154
3.721696550033608553e+00 4.084044325222102856e+01 1.323251105182702000e+66
4.093630871731616772e+00 4.909278812951738757e+01 1.063696822161414572e+87
9.238945089981150716e+00 9.997775021782862481e+00 2.318601142747832140e+39
4.146244070588889663e+00 9.935888124431974333e+00 4.283546697417678080e+17
6.006932970536929872e+00 1.755822892169446536e+00 3.764010788355319528e+04
5.674945890839691032e+00 3.780840503320796842e+01 4.691111311949667997e+91
8.091948020057195379e+00 8.568705830004714130e+01 2.582659895452320045e+299
6.883013710845726330e+00 6.396884662004891453e+01 9.074475444992099823e+190
5.002156137208991993e+00 5.708002260686866691e+01 1.646493942575915627e+123
1.528982833167954469e+00 7.276626779638822029e+01 3.912009093069723606e+48
2.401956122934215898e+00 5.238264426362231063e+01 3.658686082156768970e+54
9.826364559369597629e+00 9.976862994344163127e+00 5.296403457223105929e+42
8.063433100265405828e-01 9.059485635617753019e+01 1.688169004270156539e+32
6.762068625008259559e+00 6.794795576437222451e+01 4.534385854415914079e+198
2.175710737856028310e+00 4.806677994515766272e+01 1.693362406660293829e+45
1.924734856115126957e+00 3.189644094738547864e+01 4.098359382343226323e+26
7.225170758988401332e+00 4.491205318871776342e+01 4.565748883111471314e+139
3.589718820501255792e+00 4.230078078423732535e+01 5.662712865329072131e+66
1.175426304516200560e+00 6.581375585335231904e+01 3.287757798143520746e+33
1.038911606044321534e+00 9.742733594587345181e+01 1.482839042559627860e+43
7.260882160251074247e+00 3.514075214174210515e+01 1.961448140956298645e+110
8.413670584408377451e+00 6.963233880838456002e+01 7.978283952807206559e+250
9.672418368106001196e+00 2.849933153386542983e+01 9.100296843340647361e+120
3.935701824157006534e+00 8.315358304413912549e+00 2.250750142833028438e+14
5.772459695232003085e+00 6.683645146481937616e+01 6.532133433801853486e+166
7.879314829525541519e+00 2.626731066545009341e+01 1.667800632352400608e+89
6.556094711087752103e+00 3.213781367196927619e+01 1.211974898839550901e+91
5.665954094218538906e+00 8.321426702937276332e+01 9.698596451611747226e+202
1.480348586026710933e+00 3.083801690254075467e+01 3.771677023944014234e+19
9.949378647486206706e-01 2.612544332399625802e+01 1.937522722273525696e+11
4.423579812517532517e+00 4.669591615299506060e+00 1.112248771426479340e+09
8.218777702912939631e+00 2.517539326051089432e+01 1.109714402128251078e+90
4.423632355018598528e-01 6.813941702887616714e+01 8.174898801209920898e+12
4.763451104660521018e+00 3.271498901988734165e+00 4.574172032169190235e+06
4.176405635403612315e+00 2.976253363561807141e+00 2.671608990891292924e+05
4.060082618661748910e+00 3.541793421038220657e+01 4.168980817927986212e+62
3.296329844442256185e+00 3.301805835860837135e+01 8.089679911106487953e+46
9.689444221853552364e+00 9.080469732114106307e+01 inf
2.844573512446704200e+00 2.056004770323093034e+00 3.397839904493076233e+02
6.577881087754557932e+00 3.671848472643706174e+01 1.078186042693552258e+106
4.203052660545089303e+00 5.512486760381744233e+01 1.185456225228519825e+98
4.381817488719022435e+00 1.674282885018308775e+01 2.894416439998771032e+31
2.063359970980270575e+00 4.665076813085286744e+01 2.891050977501417744e+41
5.542566193359504290e+00 6.951095015729234206e+01 5.018553989250382604e+166
4.855514930870961088e+00 3.970852568575043762e+01 7.081321486965415274e+82
3.030217577231530401e-01 4.217251154517847311e+01 4.315484323983698268e+05
3.360615437031693187e+00 6.422406169437694246e+01 5.095307330449024059e+92
2.223929884544104230e+00 3.860429764008412690e+01 2.086523710027090969e+37
4.773711091594367240e+00 6.662536595518623983e+01 1.260648343967442551e+140
3.230675599844130996e+00 2.456364011933210989e+01 4.143927244825531901e+34
2.886634772822575634e+00 8.937044493116390242e+01 2.144386574016406603e+113
7.094002065056229434e+00 3.341697306455740346e+01 1.694166618371572490e+102
8.146668043894857991e-01 7.580369836083607993e+01 1.820319976292146960e+27
6.666110946424778305e+00 4.430609383030786574e+01 5.380312085502894550e+128
2.470937802197374911e+00 6.307972457801003685e+01 3.527363516429660298e+67
6.320380518683947457e+00 9.339144583483992790e+01 5.266244139383367305e+255
8.734801499627087296e+00 3.212045844108498471e+01 1.960915453792241217e+121
2.456860546137620727e+00 6.112588043086448408e+01 6.800042860736418426e+64
5.488355774821720878e+00 4.064483446048409832e+01 2.179855626013750770e+98
1.707332007814816865e+00 3.719658177345075245e+01 3.740949811296351637e+27
7.655362764624659810e+00 7.495175043116630853e+00 1.661161311912543958e+25
6.012575597147304052e+00 2.057265783293701134e+01 3.246660452667098032e+53
1.367086037673267196e+00 3.918168811696695997e+01 2.970617329544567236e+23
6.182813389223088762e+00 2.426780495237202473e+01 7.770038236237812645e+65
2.450008888425208864e-01 1.356307755436391993e+01 2.687541322446586278e+01
3.988320843180000352e+00 9.275618340447203991e+01 1.299637762681367597e+160
4.891014668174197944e+00 3.487870242458203052e+01 3.393782265941928451e+75
7.359892646068395550e+00 6.891649539180237127e+01 1.008005590517872813e+222
7.405249488110063893e+00 7.752652288260212288e+01 1.282747075206357329e+252
8.729597391710328225e+00 4.570830897695759631e+01 3.560236734342104945e+171
7.935172600922442143e+00 9.595188574751033173e+01 inf
3.171167780018302906e+00 5.190867078087872244e+01 2.910653517605047727e+71
5.966304538156594006e+00 3.340692376658423512e+01 2.433960327357914366e+85
5.750538583982028662e+00 6.196678956211365374e+01 1.047747127509034068e+155
4.554583883495620711e+00 4.191873604135666653e+01 3.385742126110094705e+84
4.390235383833164917e+00 5.434295493564313517e+01 1.959287079005911957e+102
2.517484657963206640e+00 6.685086471583987588e+01 2.491687422483482077e+73
1.479181548450379857e+00 4.804672342413841335e+01 1.216079519159056086e+31
2.911762974400946002e-01 6.211006184864404389e+01 4.036117593392119557e+07
3.397553972614027362e+00 2.674051603885370554e+01 1.207958750272989058e+39
1.528947237596293141e+00 4.572326036897949564e+01 3.478174364818669237e+30
2.512327123761927794e+00 4.602280828877229624e+01 9.540547805123945169e+50
1.940211553908231190e+00 9.051167704011449189e+01 5.368930154330394121e+76
2.434935182829133904e+00 3.833196235665250384e+01 9.086352755447752761e+39
2.222278192579548950e+00 4.019491717862592139e+01 4.004470126947904482e+38
9.032683613794864286e+00 1.725787474407607647e+01 6.745741928477311557e+67
5.764056638858012782e+00 7.023242105507333122e+01 1.194291071312569285e+177
8.022466557185811808e+00 3.425342906641458995e+01 5.626733924165171757e+119
3.748159393668424766e+00 6.151593749151837187e+01 2.115001109630983639e+99
2.373108051987538492e+00 2.230883720393214276e+01 7.397976978507400479e+22
8.050686858003340163e+00 4.681861117493940583e+01 4.977691273782116180e+164
6.714609210044885756e+00 8.910543548899498489e+01 1.493689096904951593e+262
4.330963249367555390e-01 7.997566518935929025e+01 1.068266746892730375e+15
4.474752822631556270e+00 6.697458776975157235e+00 8.105889345363288086e+12
9.191280425006013388e+00 5.569639526977773158e+01 8.170051092354999754e+222
4.538033123963559845e+00 9.989156889153782970e+01 3.435038384248172286e+194
3.520606863873652959e+00 6.231065761503508327e+01 3.418179964502895944e+95
6.773254932201675516e+00 6.082572953675761340e+01 6.363401654427374246e+180
5.145550227204697791e+00 4.529658564980108082e+01 7.225876902047846259e+99
9.228982846670492179e+00 7.066722230284975126e+01 1.836874818379857044e+282
6.030811532458927537e+00 5.587265915014980067e+01 5.627939216998632096e+146
4.327004713891691168e+00 8.406819767065829296e+01 1.509479896408980243e+158
7.357594330686850093e+00 2.129195164088959302e+01 2.990475505131618704e+67
2.124283923308438737e+00 1.972967419320938376e+01 2.696445191613116928e+18
4.554334835156056194e+00 7.669266302305130978e+01 2.533701595700694027e+154
9.643495475285801533e+00 9.490932483550459153e+01 inf
3.475125506932104091e+00 3.114758935734683121e+01 2.675247684562224362e+47
3.703471631234206640e+00 8.118869505847015944e+01 3.093883122528389604e+131
1.350195473420637837e+00 8.007709759874563815e+01 3.094688437378304356e+47
6.561956705115733257e+00 2.642748765664283184e+01 7.865294311833166504e+75
4.025285984776256321e+00 9.218376620853624104e+01 1.943966511365812933e+161
6.085001999947215801e+00 7.218708046388124799e+00 1.361008180989585818e+19
4.336403100887540774e+00 3.840061896025848398e+01 5.820425371159195492e+71
2.775029415808233590e+00 6.151818043753860366e+01 8.242852716743763184e+73
7.582193035834180250e+00 3.571499923278513933e+01 4.909579179312337160e+116
4.087666134703599852e+00 7.875777708202333827e+01 5.488037471745550531e+138
2.937533506727087129e+00 6.780432387969271701e+01 1.492076227502949097e+85
7.231027209825077406e+00 7.053959987764106643e+01 3.412247641678729658e+221
4.898203934212091326e+00 9.285171349486719805e+01 7.903536286949965640e+199
7.966045149114396651e+00 8.397256251514161107e+00 7.361429240242656751e+28
7.363841574024964309e+00 4.339345714526737119e+00 6.037338336257982812e+13
3.666202280574412775e+00 3.351331119789662694e+01 3.498052878265396015e+53
9.942113510956224198e-01 7.687046596538444021e+01 4.547473129886972179e+32
1.739205932282268829e+00 6.248235599292738129e+01 1.058168322247292877e+48
4.554777737464469345e-01 8.791658456788982789e+01 2.029742557213512320e+17
7.914578247408563527e+00 6.594546993306188654e+01 6.633048348934055825e+226
9.526187926833079800e+00 5.421264467934846465e+01 2.037293515356940337e+223
9.176924070997469762e-01 5.901746823056799940e+01 4.126126571610723131e+23
8.747057465619834105e+00 2.321886124216079850e+01 3.610849242381108050e+88
2.534848327868334028e+00 1.225478643517506327e+01 2.462837576306878516e+13
9.757221572363624418e+00 1.955098539519987355e+01 2.651707886806146321e+82
6.334703532964594430e+00 6.323349058934266509e+01 2.138557378875205162e+173
4.354188466781488742e+00 3.122618785243228601e+01 1.311731037971885350e+59
6.723526615177727317e-01 4.048191304606456953e+01 8.180534420512272949e+11
1.970008036228909409e+00 2.195559578823375091e+01 4.937023669237962752e+18
6.235073924822756908e+00 6.171013631422423629e+01 1.412339949966631056e+166
7.957240458066066502e+00 2.227590085112047191e+01 2.459560532826317509e+77
6.357612416119354570e+00 9.493664989413457533e+01 1.312658917323911673e+260
5.154562206181373396e-01 8.645039138954425439e+00 8.690842304228225146e+01
8.302463894450943016e+00 5.683962592999633046e+01 2.086001949217697586e+205
2.962631838566069487e+00 2.559109377757078718e+01 1.233592602434824948e+33
6.600502227622770945e+00 5.261619936321156388e+01 4.198469148325514603e+145
7.646946861047530852e+00 6.160152067469145720e+01 2.144553907110702275e+204
8.015729242441033131e-01 2.656507310159026858e+01 1.931206212528312445e+09
8.881617497104947745e+00 8.334477029828276784e+01 inf
5.757227537275516838e+00 7.852384793869177315e+01 1.943522012899695921e+196
3.555021617214879193e+00 3.348002475838796954e+01 3.589932996597367715e+51
1.511028939444607255e+00 9.899931171410477759e+01 1.633507289567167976e+65
6.493978039388680124e+00 1.029430646051249987e+01 1.029084027537145833e+29
6.197336240890542136e+00 8.919178413273476380e+00 8.286570916125117335e+23
1.237067442926924832e+00 5.712046748841309807e+00 1.136247446509290285e+03
5.211143949310771184e+00 9.099799891787030504e+01 1.309406152876217861e+202
4.409103594149877736e+00 3.777705732001173544e+01 1.062821261930731145e+72
5.896867282304987690e+00 4.908693799556633763e+01 5.174009787195845439e+124
2.107180014991678174e+00 7.964918544941664891e+01 1.027521867262535419e+73
3.006853595210054575e+00 4.189464190016345668e+01 7.893909052331475347e+54
7.122289325075128019e+00 7.465809746494301180e+01 1.256876455640108974e+231
2.462433861043600736e+00 7.039862851394781273e+01 3.866878235641730512e+74
6.045557592931894320e+00 6.016812767882015578e+01 3.608719274404233828e+158
5.215924609751585450e+00 2.742881108789342193e+01 6.166573208043544072e+60
8.193864507104457573e+00 3.590642820103745692e+01 5.289386641804412670e+127
7.127015571052149667e+00 7.747963346867693701e+01 3.564790252205986933e+243
7.672166567875355447e+00 1.326220663319549509e+01 1.062188053753756533e+44
2.549391892538119819e+00 2.722222263147594035e+01 9.049687037915291894e+29
9.438869855359918404e+00 9.913530126223530203e+01 inf
1.994847860777467119e+00 9.806472425281452843e+01 8.810933618584259870e+84
6.648756869268850345e+00 1.312179547033342075e+01 1.497467096309106769e+38
1.968868603245966353e+00 8.957550964064451193e+01 4.165016691364184549e+76
3.081294766206915892e+00 6.083875406930430074e+01 1.309638357470757470e+81
9.729234129119888053e+00 1.508386741869900405e+01 1.123214213885150948e+64
2.441361576525085564e+00 3.153711871311750059e+01 2.329164653237951047e+33
5.607600271895907262e+00 4.309737853055028012e+01 3.503998411563785663e+106
2.227570272241933491e+00 4.951049222326725641e+01 3.975773635816848359e+47
7.413328295827106729e+00 6.006907064538235375e+01 1.080935862508501617e+193
5.835973374739034547e+00 1.083943699926612680e+01 2.326024908045176358e+27
2.910102215832552019e+00 5.495854185915556300e+00 1.052965718423084915e+07
5.535097766767063554e+00 6.778752208312917560e+01 1.319601088788539529e+162
2.424845345399984531e+00 1.347489298629633758e+01 1.748239267113872188e+14
8.509796750654365027e+00 3.554484234197419568e+01 4.656402309160860846e+129
3.433377136459226930e-01 9.232922728371751475e+01 8.202424307487578125e+13
6.872752237403157771e+00 6.083551394725928674e+01 3.443773434096114957e+181
8.864636559323882281e+00 6.979257383158906691e+01 4.931529906213671468e+262
8.570377072510364513e+00 7.329673380460886278e+01 5.480611188951392963e+267
1.447962046648197276e+00 4.149401031553049535e+01 1.719564887021797837e+26
6.218906175018397597e+00 6.119764429107789283e+01 2.486719285635272688e+164
7.576162325123105390e+00 4.304419240967541782e+01 3.669992428686824785e+142
6.440948239846994383e+00 2.267941330018576807e+01 2.421456483082258289e+63
6.887635483001520953e+00 1.984668982787602687e+01 1.657617604550495500e+59
4.520412107765570120e-01 8.269937490850423956e+01 1.487823615166240000e+16
1.081868254959692965e+00 7.790396404127212016e+00 4.852812196157298786e+03
6.827907444665664016e+00 9.336608136288253590e+00 7.785912942042824534e+27
4.782181696155500816e-01 1.381971936416033886e+00 1.948764054680287128e+00
9.575733799743870733e+00 6.028217023118681084e+01 3.687776540880281150e+244
4.414095510639072906e+00 4.670405298309016473e+01 2.037879983463762537e+90
2.567435478870753851e+00 5.208466654785536321e+01 1.921334465872465469e+58
5.809327164119194586e-01 5.670239184021663448e+01 1.569505366800471250e+14
8.989261690281203698e+00 9.046107003479822595e+01 inf
3.509580990925783350e+00 9.857261488728275367e+01 2.669082965961215490e+149
7.661105682664434147e-01 9.960049369559547472e+01 5.705374962705175106e+32
8.318986989004560684e+00 8.426988108315754289e+01 1.280402652163877456e+307
6.928860596743386502e+00 8.206733597490499221e+01 4.497654337937200467e+247
3.286462088478399046e+00 3.812332196257337813e+01 9.083766857723439494e+52
1.049554678159483556e+00 6.015681085374400539e+01 1.279656314152928198e+27
3.757364911641104754e+00 4.704170716126834151e+01 8.084890308985322736e+75
4.357506505984314771e+00 8.032147627390912703e+01 4.151832065072972733e+153
8.284191806301578476e-01 1.747252391111506098e+00 4.353068639818570951e+00
8.629390240871334328e+00 6.823400556802836547e+01 4.082884811498099768e+257
8.556226232756333872e+00 1.124366093083561324e+01 2.649496698201676315e+42
8.015727304999733960e+00 2.392313849774570400e+01 5.528121941201502309e+83
5.320010407045634437e+00 8.003153252635867432e+01 2.328051695912815791e+185
1.796571428083730382e+00 8.621346323075309215e+01 8.792257640763577773e+66
6.895341127407787596e+00 7.714918532589204858e+01 8.533436983213672713e+232
1.680553755314424969e+00 4.707404502648806499e+01 2.824291885948888568e+34
3.592109329569662002e+00 2.989798443934435390e+00 3.952004579443755938e+04
3.101493783021843864e+00 2.407480322361258729e+01 5.687077325802090026e+32
9.296438534120882835e+00 6.087059232683688492e+01 5.954899708159701137e+248
1.840802186425283704e+00 5.124764213713744709e+01 8.986747478495529266e+40
8.120543166813535052e+00 6.699903261508050889e+01 3.800077270459020718e+239
3.369136127648851620e+00 3.442253925451139196e+01 8.826526361920356816e+50
8.663936418273401330e+00 3.617037336288471039e+01 5.207828772208109264e+136
3.303955915650736319e+00 7.654836371126677363e+01 8.046267510851275697e+109
3.582439404007199402e-01 4.351921747218612069e+01 5.262350272642226890e+06
7.017143796850738191e+00 6.319882177216864250e+01 1.544472071354579501e+192
7.908173567163561124e+00 9.619100698801713634e+01 inf
3.855076396721131449e+00 5.818526433624852956e+01 1.244925258419199634e+97
5.469946872181180808e+00 1.538048071852947452e+01 1.743566081745893356e+37
7.310731738841384164e+00 2.795340249927778231e+01 5.177077386964531794e+89
2.334630360654371461e+00 4.437843768048921334e+01 5.033886465679992614e+44
4.112033031793900228e+00 6.126025017851416266e+01 6.950428334275262638e+108
1.925058246883221358e+00 8.426935253078312371e+01 2.993359814788616025e+71
8.006191542493038327e+00 1.190043958940532143e+01 7.246124166069801453e+41
4.552903103136316076e+00 8.654159393062778349e+01 2.372698205154830763e+174
9.465243284319114991e+00 6.231392033345304782e+01 1.061833803054572435e+259
7.743300454583499359e+00 6.074680866567514670e+01 1.142000318944309134e+205
6.134459686279803314e+00 8.637526768880023553e+01 2.347789304588154436e+230
3.353794009252097030e+00 7.954607770786968501e+01 1.501536039457593790e+117
1.909197898956827899e+00 6.506375038775620112e+01 5.991127476966183391e+53
8.643656477503045110e+00 2.875991024092660808e+01 3.087382221156919923e+106
9.230165990871093129e+00 9.438884677151213509e+01 inf
3.563503335327624644e+00 9.748921296321120167e+01 8.005647420303328547e+148
3.605575778724079861e+00 9.991603898040966669e+01 6.095835607210416838e+154
8.490367437103772730e+00 5.608178449293225754e+01 2.825935639932321413e+207
1.095107544495563578e+00 2.475746660969146973e+00 1.599088720246732187e+01
2.489410451496883336e+00 3.401414281021042285e+01 3.415321680955769644e+37
5.102514357668375133e-01 4.710123278369083621e+00 1.088935979074821425e+01
8.564331331464980934e+00 4.548485256646821995e+01 1.885156109638342753e+171
3.159216320706820458e+00 3.345677062391200707e+01 1.549911858341840862e+46
9.167405889132597352e+00 7.815962873911242070e+01 inf
4.260195185679815033e+00 1.337700009220368358e+01 6.297465137009303830e+24
8.366781207209445625e+00 2.789618417335909228e+01 3.903383150388590205e+100
4.328464915760828369e+00 6.418536965029763053e+01 1.606886573445784432e+122
2.363251112290174927e+00 4.577497861598401840e+01 8.603924925105774153e+46
3.795564283780924253e+00 5.692585685495885173e+01 3.917458747541766694e+93
5.209943934269590571e+00 6.098344580953523320e+01 3.634679187745493741e+137
7.613646508917652156e+00 8.299205854112939562e+01 4.236123376731124692e+271
1.594334899707058772e+00 9.305314322569527974e+01 1.076320653370185718e+64
9.375137833833587564e+00 5.749630252368915251e+01 1.864725040031016731e+237
8.254618710371197210e+00 6.444850588443614470e+00 1.418989938643949196e+23
6.799768183238781294e-01 7.443125338131094004e+00 1.406747455306390577e+02
3.069482846368421503e-01 4.092508730467910283e+01 2.623954850242862012e+05
8.838484974592244470e+00 6.785235066080586819e+01 7.660428831774825828e+261
3.118870505633499768e+00 4.765239570211191023e+01 1.467213705919452889e+65
3.646964666944087607e+00 7.801835552699996867e+01 1.279904942083848347e+126
8.246590212570442446e+00 1.641887579054769120e+00 7.185803711936696200e+05
9.946431330125015791e+00 5.903838784589838440e+01 6.088815629073160993e+258
1.100972014045855429e+00 7.571294295739684799e+01 4.649577446626851079e+36
6.370119406269519224e+00 2.627560832114945555e+01 9.696658651951092125e+71
1.463719783553808718e+00 8.661387545718379499e+01 4.744295981792759412e+55
9.371795500780237376e+00 5.071486622301256908e+00 6.013608680741602591e+20
5.976144323662977875e+00 4.927140989681311112e+01 8.177466569543234374e+128
5.341421467259644729e+00 4.330936364636840352e+01 5.766499753707449267e+99
7.511552150750987700e+00 3.529770350108422861e+01 2.339721568361105950e+115
6.876883142409779381e+00 9.061114446578386605e+01 3.842879964539325859e+269
8.210609107191979561e+00 9.535479109926457397e+01 inf
3.765330522457440487e+00 2.345963298732472069e+01 5.849906875403133401e+37
9.418661846560858919e+00 7.469838781535820260e+01 1.362827266680466233e+307
6.708670085324948573e+00 5.333439080924893716e+01 3.199220311685710876e+156
7.115035529674438308e+00 3.245752430599328875e+01 2.645420873918767561e+101
3.999947037373667857e+00 1.863001244014747115e+01 1.739676189079908374e+32
3.046250817200393257e+00 3.101336740555720795e+01 5.662022057159418416e+40
8.529903846459365724e+00 1.008805076660281408e+01 3.564737758556449610e+37
6.936714287666640111e+00 5.124494352738039993e+01 6.968864177030062563e+153
2.387945147394983980e+00 1.704408140074329481e+01 2.884230677976394240e+17
9.274865635002367270e+00 2.474140920702017610e+01 4.992104543799953922e+99
5.422083660469459332e+00 1.328450970011800258e+01 4.238570441549677965e+30
3.855740916931036377e+00 5.338278262867410717e+01 2.460129222914372322e+89
4.282750400859845819e+00 8.766684776590759043e+01 2.296301016520771113e+162
9.036721534715367099e+00 4.499522624721891617e+01 1.125440581416510577e+174
9.044192522131883294e+00 3.731199791287655643e+01 4.847149064430782527e+144
3.498300074494617995e-01 8.990059861941314523e+01 2.696090424976737891e+13
8.505612322527817071e+00 4.865346589009087452e+00 9.021116493450112000e+17
5.964723501771301173e+00 9.489697526414909490e+00 3.057584278256720928e+24
9.657147178738231474e+00 1.725583176067583580e+01 2.441466657602369533e+72
7.832195914621609134e+00 3.558762327457208130e+01 5.726968291752561790e+120
7.425047091594650261e+00 8.339352011077777149e+01 4.309810341650020886e+265
5.361219351549456391e+00 5.492563695573506521e+01 1.147253361359581115e+128
5.821938781536489138e+00 4.776145833672422469e+01 4.941484113458213103e+121
2.539574579267249721e+00 2.842419714507794737e+01 2.205528488156429136e+31
2.547543411141117708e+00 4.007497199488565087e+01 1.667601358559080285e+44
5.869405713384437284e+00 4.662030983582365451e+01 2.661370152660930059e+118
7.820131073225382146e+00 8.832984056899832126e+00 3.965711315464135443e+29
3.162107555111171031e+00 5.255540135638732124e+01 5.627891224645891126e+72
6.944985143881341472e+00 3.234391570943980554e+01 5.327255109031126639e+96
8.212194907936151145e-01 1.194678065062644023e+01 1.646217542173426045e+04
8.637461695963907005e+00 3.757734264186770901e+01 4.888131296429366540e+140
8.268535798754623301e+00 8.430337695131022713e+01 1.033969343441072311e+301
1.754946810211683195e+00 6.510320779514232470e+01 6.942796551647836187e+49
4.312741249771269381e+00 7.148565519276263558e+01 2.660737881688591902e+133
6.549524811611676434e+00 3.222832197916041963e+01 7.093130284381121828e+92
7.749408715447602347e+00 6.927168706224239259e+01 4.700160117691900579e+233
5.355871618341220497e+00 1.144793726792423971e+00 4.201925021311791966e+02
6.666527340937609125e+00 7.236510890324605327e+01 1.437135789230429535e+210
2.822997113868776164e+00 7.213858393649003631e+01 2.729988712689886311e+87
2.043122994947367266e-01 9.534263501593652279e+01 3.270219162402284145e+08
4.214088007556310522e+00 9.316687999322464009e+01 8.399612521984550163e+168
5.930227513550278218e+00 6.616766658406963586e+01 8.134160378176738764e+170
6.494311509915878133e+00 4.407778743655638820e+00 2.119613068856718506e+12
3.376638984197686266e+00 9.369913248056528232e+01 1.198929116885650243e+137
6.193319048795815185e+00 8.833034130756603020e+01 3.826697619782231510e+238
5.455220661240333335e+00 4.931418618516347863e+01 1.807579603637097996e+115
3.426212914140975396e+00 4.953544979297845430e+01 2.961745433286637580e+74
6.464700982185449085e+00 5.284488351411862084e+01 1.020982614582558439e+150
8.992442057972253266e+00 9.037568802417351321e+01 inf
7.234157704842209213e+00 2.501636146566045937e+01 2.483422723527394329e+78
4.078800994278764414e+00 6.762018414095031460e+00 6.821649698605932617e+11
1.922646500581469020e+00 8.844367214975486036e+01 2.215909266575643778e+73
9.958816556291910871e+00 8.312002138345899027e+01 inf
9.392324949188390448e+00 3.790403413258908216e+01 8.793614160868125864e+155
9.731547205822801416e+00 1.552044742068386896e+01 2.337538528221876431e+65
1.125960014125533037e+00 8.493881864368387369e+01 2.916612113296209201e+41
5.670630407584165589e+00 1.229847089152657702e+01 6.515628441494101844e+29
4.948741098298472529e+00 7.589474794844373662e+01 1.593732139493715755e+161
7.488380144929918991e+00 6.400729713834537904e+01 3.615341014597621526e+206
4.372595588019260404e+00 4.318542641426630269e+01 3.806855674460216473e+81
4.752130663238920860e+00 7.814483571858017008e+00 1.160306371183715800e+16
7.719855366198917324e+00 9.712048283543984439e+01 inf
3.694535817259205324e+00 1.091052748411958717e+01 2.976886566108956160e+17
7.962234019716889932e+00 3.541420460389723956e+01 1.645180242039673476e+122
5.076078987437564471e+00 2.730549749745337351e+01 1.194861880805043669e+59
6.177365242273142876e+00 4.280054943762324626e+01 3.030673476251414919e+115
8.521083570590558542e-01 5.762915422716822178e+01 4.093821914481755685e+21
2.616224978566910053e+00 7.402125341051117857e+01 2.985884132343401240e+84
3.241470250786336882e-01 9.317204325296157208e+01 1.112801378149138086e+13
6.323295454166037111e+00 9.074358643775877908e+01 2.263088726409288216e+249
7.543740896733044377e-01 2.086972713333471319e+01 6.525785524263743311e+06
2.475172542254748809e+00 7.517167097134867504e+01 5.865135031672345543e+80
2.592858493295345124e+00 4.125910884005171653e+01 1.032582548553348967e+47
9.690422919925318013e+00 5.037839910876625282e+01 6.081985001388467148e+212
3.508572484548700743e+00 7.497324492465534718e+01 3.362558812434121612e+114
3.108260833124453004e+00 3.861652927986180828e+01 1.972060001496321002e+51
7.360816274191296138e+00 1.436309342069163009e+01 5.321098384812584468e+46
2.104918940467210398e+00 9.898486443442170923e+01 4.899541385796444083e+90
5.605103480675834859e+00 9.651923297125586032e+01 9.774784543712556392e+239
7.859446603559739231e+00 5.356342094943742893e+01 4.617068625953920316e+185
1.451318572499876947e+00 7.798143822197394570e+01 6.908376984454978828e+48
4.187463956123678166e+00 1.226610373297444845e+01 5.881647130665572893e+22
3.529327345970591168e+00 2.704254553375904990e+01 6.800728734835193164e+40
6.531842235411434494e+00 8.753607280313593364e+00 1.601761388828951845e+25
4.562621406799693524e+00 2.963201134231525913e+01 1.357825743640681578e+58
4.140369534227534842e+00 1.705463610192581569e+01 4.860982066208210584e+30
3.507395341439522252e+00 2.823517517062443716e+01 6.133180376850123035e+42
9.078395190574759965e+00 8.967494578535576011e+01 inf
1.294006287943363587e+00 9.411534765587038009e+01 2.729790432377867174e+53
1.759868115801512811e+00 5.379483291588245919e+01 2.559730668629163881e+41
1.771128373960087155e+00 1.059811867044202494e+01 1.197098951671234965e+08
7.372032228733104375e+00 2.683426213256951076e+00 3.926833402958066463e+08
3.474756171930349691e+00 7.051159538129374482e+01 5.526477575952120700e+106
5.313545114446747597e+00 1.446427563624659562e+01 8.292072409857956665e+33
4.076007412569363275e+00 7.193523905580043731e+01 8.638739216491767733e+126
1.654329996710573569e+00 6.391924013627870949e+01 7.523648436523019069e+45
6.204740038895000254e+00 2.271449676859829125e+01 7.267094730673805674e+60
4.044140378263211488e+00 2.698487025488546820e+01 8.009779454742866465e+47
8.559558463769599612e+00 4.132062738367705634e+01 3.223706586732136017e+153
3.251976797336523006e+00 4.600535542985470627e+00 2.556285051459604874e+06
2.759235976668711121e+00 5.645695657876075302e+00 6.740006319212306291e+06
1.462549966595612538e+00 3.796170957250965472e+01 4.093217188809574061e+23
7.942054434514313144e+00 7.319427919763624857e+01 1.199643052443528656e+250
4.564225724067403789e+00 3.117454777220583040e+01 9.239807634461047942e+61
7.858460497549939028e+00 3.545535366304002878e+01 7.312240273661736272e+121
7.272542404706374697e+00 8.113767686377272526e+01 5.986665627716122210e+256
3.966468151252137364e+00 7.442121805691110126e+01 7.914480777475575301e+127
9.308623156049883107e+00 8.779093012494945114e+00 2.351257145176321442e+35
8.718701922444955343e+00 1.512991116146194415e+01 1.505294765659820427e+57
5.608991720597606978e-01 1.545636176629587411e+01 6.054734422418474423e+03
4.699949526246220088e+00 5.477545880081991392e+00 1.192343078539072113e+11
8.501842567877668344e+00 6.851713903337717682e+01 8.108104124271375378e+253
8.538676685675802958e+00 8.920256051923202278e+01 inf
1.788779352792405852e+00 9.418926795293768350e+01 4.646676763868141367e+73
9.490338661521814601e+00 4.460236841080527626e+01 3.839067076462018385e+185
1.270585336273963861e-01 3.859511478980284949e+01 1.389283494059860971e+02
6.775281346748925237e+00 6.648945396927102536e+01 4.042656568012855002e+196
9.525572205159624772e+00 8.557200961840445075e+01 inf
5.926662962885215213e-01 9.703741511908991413e+01 1.291657284797675367e+25
4.187261355734603896e+00 2.971195577641814722e+01 9.388465079964114201e+53
8.012545209824395442e+00 2.230835871836329076e+01 2.092204033066072360e+77
5.412165913443892640e-01 8.851706341194201855e+01 1.795820962308963697e+21
1.866284915773245512e+00 4.735350923702363701e+01 9.068362776967418566e+37
9.325325673716653441e+00 4.972285236722693469e+01 4.375314757371884019e+200
7.044827198223915232e+00 2.800650918572630133e+01 8.370813579131527033e+84
4.673692863617404214e+00 5.579508815837628788e+01 3.602205475964908914e+112
1.321710817538030325e+00 1.784246630068596851e+00 1.028382212202564361e+01
6.511071710517908784e+00 5.100051268207379529e+00 2.549981936278554375e+14
9.914997335991060368e+00 8.365280233685530220e+01 inf
2.626481372498123523e+00 5.238938463203103169e+01 5.016095713138416551e+59
2.692422430826935553e+00 6.232385292869422244e+01 1.234826148205976902e+73
6.285138194972049064e+00 2.508543984697634244e+01 5.580150850386434737e+68
8.133947163036950201e+00 6.301366868723371795e+01 2.730431936989407256e+225
3.991910157930017800e+00 5.293240665113972909e+01 1.949668464318162368e+90
3.801039468777860364e+00 5.553560398956928879e+01 9.146378244689549859e+90
4.769443396806529734e+00 9.232972526675959557e+01 7.298617521449080343e+189
7.771895768606606580e+00 7.693921037985815303e+01 4.410343748505119935e+264
8.999304517715675189e+00 4.580036522498793516e+01 3.342535800343454703e+176
7.175881948695817414e+00 8.500268222062862833e+01 5.544283436016978368e+264
4.138252138151288229e+00 8.977152242576620367e+00 1.062941027355691800e+16
8.161929736236960276e-01 3.578289922238926835e+00 1.832261669410214111e+01
1.870858190198939175e+00 2.638616306250446542e+01 2.687269512204355371e+21
9.563648616508915179e-01 9.540912654456603548e+01 5.595935069708655163e+39
1.505820438819944984e+00 1.899887022347192556e+01 2.211078380187387207e+12
6.156074820046636198e+00 3.845358187551182283e+01 1.868464115974270413e+104
5.089768631952955147e+00 6.904755744688334573e+01 4.093563272461104694e+154
5.107472755987017443e+00 3.603653263011336705e+00 9.379644772895087302e+07
5.729404111524117660e+00 4.656463688280386037e+01 4.953285616602037293e+114
8.706255430837202880e+00 3.789197262607394645e+00 2.328708658752957500e+14
3.386751352170624951e+00 2.322090717587319730e+01 4.202172669665977700e+34
6.335986918100234178e+00 7.614983609284827537e+01 5.729218008051767514e+210
8.065635418073442864e+00 3.978132617899610146e+00 6.653319334114126562e+13
6.478724250223848458e+00 1.764234590386999102e+01 2.492761450721423226e+49
9.219525137160466954e+00 6.007391786328344097e+01 8.411368312296782193e+244
2.970464511063287461e+00 2.293124825725058713e+01 3.106894071372232437e+29
8.339891293328470567e+00 4.216556670122959360e+01 2.103721326333340779e+156
8.048278718281117960e+00 5.755196710726929865e+01 1.400358370337232948e+204
1.858078543504462887e+00 9.729517129541463305e+01 3.617119965479060304e+78
8.207300556845815720e+00 1.792027919402991998e+01 1.954101408705045112e+63
7.962648125967691115e+00 3.049321041963736434e+00 3.408773734102319717e+10
1.879013033079017569e+00 2.244346032299540106e+00 7.069924222766326238e+01
4.360309223330210315e+00 8.897786745947644960e+00 4.709055656860073600e+16
7.101548037009925096e+00 3.252664746326159673e+01 1.661520863964840664e+100
5.685616539535876868e+00 8.648865179810536929e+00 1.492866465994742170e+21
2.783889657731872358e+00 5.446078904397690224e+01 1.623716588608794674e+66
6.075151726714872469e-01 5.907032776763457349e+01 3.689628742917909000e+15
1.228660053625830528e+00 5.140023857017767028e+01 2.920375608681456437e+27
8.721677954149326339e+00 6.775077379118877730e+01 5.384902389219819894e+258
7.088888934718616808e-01 5.301307250514389580e+01 3.658785355923943200e+16
5.799623647508719948e+00 9.327795346696238710e+01 2.879836551000669029e+235
3.175923917503467919e+00 5.534953362425847700e+01 2.246740607474193150e+77
2.855642693217717909e+00 7.935321875063827690e+01 2.495695424391744514e+98
8.938401053798690654e+00 2.933647834583907965e+01 4.256301301542153890e+114
3.338595304684716103e-01 9.062784085453328942e+01 2.383183843355650000e+13
1.099014196903790541e+00 1.906916001074235112e+01 1.412978686732252836e+09
7.934615140340230965e+00 3.034555288961982455e+01 3.875931289381047889e+104
6.268561337423181890e+00 2.443213025416810424e+01 2.588005656161610330e+66
4.061279189050071459e+00 4.460399710326954903e+01 7.703773433806105855e+78
9.102154910144528710e-01 9.313025480954789259e+01 4.017172450539534543e+36
9.594876847491446981e+00 7.464211135026992849e+01 inf
9.200721455916530900e+00 8.272134183662610951e+01 inf
5.303071363449287645e-01 1.622250445361640914e+01 5.821548509230176023e+03
4.318336127205660624e+00 6.023386736181457479e+01 6.153448475899340918e+111
9.468503691967864455e+00 4.873350743130144380e+00 3.317406935047512064e+19
4.486805534174971299e+00 9.331557960630642867e+01 3.056599670438429535e+181
2.783797978483736335e-01 8.769959853612354550e+01 3.022143160444207764e+10
3.169243993639580204e+00 2.811885449988256980e+01 8.675208820964948386e+38
6.463922245377494491e+00 9.069719121469444190e+01 2.392609377629793615e+255
8.530082245476046765e+00 2.660575515153272264e+01 1.019387036918335633e+99
3.492351125448110771e+00 2.020623084539339587e+00 1.101122847700741431e+03
1.771196867839437417e+00 5.305688366165016134e+01 1.890475203708234029e+40
3.566935984821633543e+00 3.911143014859045763e+01 3.461182853183220019e+60
5.359764188789899464e-01 3.297329000724150205e+01 6.565808975441982597e+07
7.777798751862778026e+00 4.305392167941644033e+00 4.141679852303111250e+14
9.035610854937392133e+00 8.530511451068859685e+01 inf
5.612429205018233169e+00 6.243199465382027569e+01 3.471445941607059013e+152
8.140312161977702132e+00 9.194578908813444684e+01 inf
9.485404774269252215e+00 1.919022496658499222e+01 1.765921937648543518e+79
8.571259638466028008e+00 9.631522437230073308e+01 inf
3.126835104735564919e+00 2.456997189514341073e+01 6.141781416332214182e+33
5.650901257310956716e+00 3.818511634056283555e+01 4.075405983156812507e+94
5.472430809222431414e+00 8.878680337613494089e+01 1.954777483870041709e+211
5.677674588986249660e+00 3.219395743609052118e+01 2.981322841407136645e+79
6.681026229062393185e+00 3.989555774619033990e+00 3.174812306262114868e+11
3.479650811354343620e+00 3.370881985281038595e+01 3.645542395284299376e+51
6.309358001993892628e+00 4.242299141657814943e+01 5.730217900414308983e+115
4.689511852470110931e+00 1.606801996849149461e+01 3.746657339281607854e+32
5.734786833098101333e+00 3.382283291769243050e+01 5.864547532257050908e+83
3.307255282578770661e+00 8.064743947451948713e+01 2.294895173453635855e+116
1.581892495960276923e+00 7.426797411092702816e+01 1.280229928265532690e+51
6.566302687147997919e-01 5.903190836524907326e+01 1.209490084371431840e+17
1.764758884738519829e+00 8.357623826894813135e+01 3.946299712909196129e+64
1.902076100761249000e+00 7.460889858085957371e+01 2.054796535274962385e+61
8.106112362904060120e+00 1.993754649291470926e+01 3.799944075589384240e+70
5.181810171327958514e+00 6.091912845431632917e+01 1.010306965132626612e+138
7.913862654605829050e+00 1.410597627744356330e+01 1.203116592795006213e+49
5.369678477944226813e+00 5.282042935170438369e+01 1.985064890735164000e+121
3.581947007907282821e+00 8.764951496775056228e+01 1.494962483691787475e+138
4.209192911164225670e+00 5.151828873166867595e+01 5.888201667364025805e+94
3.523825210693152243e+00 6.982112991665258050e+01 3.648874612654595106e+106
6.991054889155342345e+00 6.427554315827340048e+00 7.205621859119379251e+19
1.203240532753580228e+00 6.863198751858098490e+01 1.646212724870508249e+36
4.061672457228677757e+00 1.827044794034521402e+01 1.655579575461610676e+32
9.516303246009094607e+00 5.569908683926151838e+01 2.638494204021683886e+227
7.705847029665109815e+00 8.289072488901673808e+01 4.067043303428552001e+279
7.086327648943808732e+00 4.583439050851595908e+01 3.729089008512793281e+142
5.256146082233281724e+00 8.261578306954010031e+01 6.123036034733278665e+183
2.034080080606525343e+00 1.476032701797427649e+01 1.685469153717026562e+13
7.113826259262837404e+00 9.619345224563186036e+01 2.675250356049814282e+300
2.609794396537286509e+00 7.542435721904813306e+01 1.400107426229261281e+85
5.833017041199197728e+00 3.168455477779113494e+01 7.825909338457268190e+80
1.723861708743798404e+00 9.011817390692360163e+01 2.444250831297442982e+67
6.485343471768664436e+00 1.311063187885295278e+01 3.439282358076362914e+37
7.597187881400661702e+00 2.322843448435527236e+01 5.884470145096074353e+76
1.033419668779624878e+00 5.379539283300072583e+01 1.281278782227699913e+24
4.832176563724232210e+00 7.778198442909854293e+01 8.006089489006949841e+160
6.405947986590939003e+00 3.871841674916038922e+00 5.542049432373156738e+10
9.231155990954043489e+00 2.852875451181184729e+01 1.286523268544827777e+117
2.764809918467298289e+00 1.663030957994542192e+01 8.838637634169723290e+19
7.347161443956110594e-01 5.445271439865702234e+01 2.460073874034526080e+17
6.042516987499684689e+00 1.239555532913697000e+01 7.447008583995820534e+32
1.210926051348782506e+00 8.138213929740935271e+01 5.093311810476327920e+42
9.200615638388061512e+00 1.518520675952104426e+01 4.297921718087270312e+59
5.480197311686353601e+00 8.783478648468040717e+01 6.433655657043938330e+209
8.109500721909409293e+00 4.868175872358917644e+01 7.625579795895069674e+173
6.974081241734911174e+00 6.361141004987027969e+01 1.459658061590138441e+194
2.317605107742680026e+00 2.348920900520010591e+01 8.134212587746805731e+22
2.875153901700325143e+00 9.820064091911008575e+01 2.706747140306072042e+124
5.460510790682407967e-01 8.602973998169677827e+01 5.163070525840739533e+20
2.515003183911700635e+00 2.802985594019133586e+01 9.947625490850504601e+29
8.658904010443928101e+00 7.364999711573182140e+01 2.920640757378613346e+271
2.910137498426210279e+00 6.614536407956471464e+00 2.293877624735265970e+08
5.238109736270001981e+00 9.641396873045874827e+01 5.176708292295048194e+216
4.785549106987628143e+00 3.999339798375014254e+01 3.014349458503982508e+83
8.770916928949361591e+00 5.388724179151581950e+01 2.136393484973107484e+205
5.981771481537081492e+00 6.862307176244556217e+01 1.457354407267236986e+178
7.468318148772491227e+00 6.759301342910932320e+00 5.778618725836806685e+21
5.281369419829008649e+00 9.480582217970481906e+01 9.861397145651298611e+214
4.019986646766009031e+00 2.309916695730453995e+01 1.778421288167729940e+40
2.408859263530259920e+00 5.630646770634803744e+01 5.273193533186295723e+58
6.576616262132908730e+00 8.017516016950581559e+01 5.178322650390087628e+225
6.764189349858466649e+00 3.565230298180394186e+01 8.833674618651254636e+102
1.817288566410317108e+00 1.554686395508221786e+01 2.393740547920432617e+12
7.613293311795626295e+00 7.401194549312579340e+01 5.535873814205777516e+243
4.529761522520976413e+00 8.762642289362489123e+01 9.346301415142083760e+175
9.581855334537483060e+00 6.378360158628043841e+00 2.472122182222694055e+26
6.166766694214790512e+00 4.578995004820736625e+01 1.484226974622084794e+123
4.198639432991297937e+00 5.218132432501842999e+01 1.169717393191365727e+96
6.883594627923479425e-01 4.354924561291520746e+01 9.802388354219312500e+12
6.867838090380402605e+00 4.623773297966295814e+01 1.141270333324129877e+140
2.334649008147464677e-01 2.567874783382075421e+01 3.427211314729456717e+02
9.552646345055922694e+00 5.796567859736509831e+01 4.099617001416039027e+240
3.440814247020648420e+00 2.600804343892237114e+01 6.405698347430787929e+38
2.860470118405218365e+00 7.934388772318712313e+01 7.784287023071453503e+98
6.972812876006496907e+00 1.185025856812049305e+01 2.283588146417362305e+35
7.412068043862605649e+00 3.467413252856176342e+01 2.314810460143761342e+109
6.374353600451970969e+00 3.154571323612430689e+01 2.605750416236751484e+87
8.059596916539188527e+00 6.957694912976100454e+01 2.272620055011698862e+243
4.823133442851076147e+00 8.560811161060537700e+01 1.726747338095686163e+181
4.995802046188433820e+00 3.475374666792995271e+01 3.101499599219217249e+74
3.403846209344767004e+00 8.824246786703575651e+01 8.300676332038572034e+130
8.145854072358062581e+00 8.131014114183560082e+01 4.622505923510745297e+290
5.277976593435965036e+00 4.684491454578351721e+01 2.402750644154316042e+107
4.248255871988917853e+00 3.103649579965920680e+01 6.425978492540450552e+57
5.217813811851210737e+00 2.816347255742644506e+01 1.910050670279625152e+62
9.599703309093788661e+00 8.209356885666061032e+00 3.694067581570572900e+34
6.952922383218015590e+00 3.942278265523953706e+01 9.230763102464083996e+118
6.218495805888641037e+00 6.668007289886062949e+01 2.002912494175981937e+182
4.185582063558534571e+00 5.774619281337933785e+01 1.531226577206187854e+104
5.231624775387325066e+00 1.921240836723957557e+01 2.879012275459683426e+43
7.488587049293243147e+00 7.499291687050548205e+01 1.157143427524014019e+245
9.021164958540552448e+00 6.668789184691266314e+01 7.220088983088902257e+257
5.540520074184668076e+00 2.477932492414306687e+00 8.801357881317789434e+05
4.740083031090701837e+00 3.197184238369973031e+01 3.256862028657789709e+65
2.013638381847160375e+00 7.170134805214887308e+01 8.938879032562402300e+63
8.277990991602592885e+00 4.592831771335347923e+01 7.177443530756463639e+163
3.588204181778087420e-01 2.173364042951731889e+01 2.487623566021763054e+03
1.807175970365502149e-01 9.444851793075879698e+01 2.983107091535162926e+07
9.028159749897584518e+00 8.011601468455592112e+01 inf
9.538033811541007267e+00 4.326420906000493005e+01 7.346491029455579789e+180
4.600292860034006504e-01 8.426471693666803731e+01 3.394694605910923200e+16
5.158747977421320741e+00 9.959453141105962359e+00 2.974830824507603262e+22
2.667328272488462382e+00 7.962710432841973329e+01 6.594061336958168754e+92
9.351624342105790078e+00 2.744908490125948575e+01 4.641033952898117920e+110
2.773991067462052484e+00 8.876286105892883427e+01 2.168925916524611528e+107
9.796257490098685849e+00 5.353907069702341914e+01 2.310386959934375390e+225
5.417021150002989671e+00 1.063472944868504300e+01 1.120040077612069989e+25
7.985777942767947835e+00 9.584845919750030419e+01 inf
3.615789885530116265e+00 6.010708456891589435e+01 3.029260327448477439e+94
1.729865381005022851e+00 2.750223296947203266e+01 2.720849540486159729e+20
9.995120626237676831e+00 3.835086381054426852e+01 1.265876990617348322e+168
9.089260646405669775e+00 8.964447084572459801e+01 inf
1.703844651829625523e+00 1.224050527422723533e+01 1.244503104169054270e+09
3.551793821800506734e+00 7.993707543538228322e+01 1.966468320132223622e+121
4.375674782324522560e+00 6.926868863766486584e+01 4.603649759864069607e+133
9.536069778239747663e+00 8.910684998336797946e+01 inf
9.421498268192005643e-01 9.824909989868007187e+01 9.438288082916571655e+39
2.304856177102753811e+00 7.441342047535999882e+01 9.187119968834516944e+73
4.980878786992598783e+00 8.034422412704753924e+01 3.431284064364948029e+177
9.717311420401037125e+00 5.093073989972126014e+01 1.723005872047239845e+217
5.510667342851145456e+00 6.217059567732856351e+01 8.154350176920112593e+152
1.192460539196032565e+00 1.174813224595297889e+01 1.225620817449671449e+06
3.859652419141720081e+00 5.801583023344918644e+01 7.748970895254330337e+95
7.938964938039187125e+00 9.613446970649258105e+01 inf
6.393980936985068197e+00 1.130104884595052717e+01 2.588629363797059412e+31
7.335402466949294542e+00 8.789429117660502300e+01 7.385712139255030424e+280
9.428534978299209612e+00 7.286309250826911921e+01 2.575190947525142435e+301
2.141739675993346914e+00 6.268371205523202860e+01 7.007888178387299223e+57
3.196995044919482609e+00 1.296395140040207838e+00 6.220666404707326791e+01
6.301055247352472577e+00 4.118910866521162006e+01 6.156928376810159243e+111
2.665677768330774633e+00 6.394419942420293523e+01 2.536059826566250829e+74
6.953519185480793396e+00 7.726632074878308742e+01 3.058786071765403927e+238
9.695493482963755127e+00 4.382101897969364046e+01 3.594641694318753231e+184
2.564506935806652344e+00 2.691330058518598634e+01 7.479517683754119614e+29
2.850929100815701833e+00 9.822426486946268653e+01 7.911030787769677845e+121
5.947683615112087985e+00 6.263498323742614815e+01 3.523711897973047215e+160
3.788796240735131438e+00 3.678415508383541521e+01 8.022821770823608447e+61
7.459882005830920093e+00 2.442011482483266249e+01 6.885833256954987513e+77
2.854050479476437197e+00 1.713974584335621287e+01 1.008801909173175583e+21
5.855978746961418402e+00 5.331714085621037214e+01 1.735624710578514415e+134
9.159215900061690618e+00 1.898368786833881217e+01 1.469109333217285091e+75
3.986323663264148554e+00 1.975242384933745043e+01 6.233587970521080454e+34
2.180743491841889536e+00 5.308879926812973338e+01 6.022114400810625017e+50
1.617201023305974705e-01 3.000335681516026476e+00 1.627897270726212264e+00
7.637528560156578550e+00 5.735860514960550205e+01 1.112605841369495428e+189
9.847531213273855499e+00 7.278246014031122968e+01 inf
8.928624180467940263e+00 5.865672046919407734e+01 7.813423320426386804e+224
7.319807809737516990e+00 1.548063526617937136e+01 1.039001068363069459e+49
3.073698223996159218e+00 6.876919549226829531e+01 7.648487149991443485e+90
5.164659418523096512e+00 2.939618885054274955e+01 5.295070464397810781e+65
6.566651903792844358e+00 6.846915527335394813e+01 2.573822234779612828e+194
9.841719331551258776e+00 2.378317834719020141e+01 1.897114051569908947e+101
7.530109509464650408e+00 2.121036101327019452e+01 6.646774156751156042e+68
2.138584925172274609e+00 2.803294223835750643e+01 9.394454112842743708e+25
7.139207054229352423e+00 1.319713663613491050e+01 2.127088063177483461e+41
9.752302884329409949e+00 6.991186859223932970e+01 2.027038931917671759e+299
8.015395725987946918e+00 5.300498241783953013e+00 4.458002606233453568e+18
9.867121485640442557e+00 2.782544850544151416e+01 6.084250219702602560e+119
5.026919284604133509e+00 9.044190235699116442e+01 1.454419097604100780e+196
5.923958492532926279e+00 2.453951534725833383e+01 2.925657821233518626e+62
9.076943895184689026e+00 8.338583824583244564e+01 inf
6.727560450032739503e+00 1.145518617143201645e+01 1.506305247368857649e+33
7.652541271405588930e+00 6.447357222978086888e+00 2.985181720671981928e+21
2.669891413406386693e+00 5.773116428768862107e+01 6.157296664728508801e+66
2.635826869412587037e+00 1.481586895586476693e+01 1.063723195701762560e+17
1.539171557654485101e+00 8.092623304241124416e+00 2.950824973197969375e+05
2.902015769476040674e+00 9.306321590165920554e+01 2.644467038388981768e+116
8.094909494163234243e+00 2.877057080177844739e+01 3.425307509700818042e+99
3.747612951850155305e+00 5.091107418625599124e+00 2.150928211745115519e+08
1.360237258481716172e+00 9.888965016028532773e+01 3.876587824744151434e+58
6.717379902280008253e+00 7.888761266049726828e+01 5.835476396406056023e+227
2.214966806438130931e+00 6.665634688240488970e+01 5.259985504747902022e+63
3.069819544931669864e+00 1.718788845687049482e+00 1.959159194086379898e+02
5.209711054763221938e+00 1.269391991773546735e+01 2.482428749414807554e+28
3.467971389100211743e-01 5.022950009414477535e+01 3.255457062432387471e+07
3.767154679917384286e+00 8.021743799776325545e+01 2.711243238315424869e+130
8.661477486575464013e+00 9.891873291557797643e+01 inf
6.419560702421864384e+00 6.282501268933025074e+01 2.307767564642926490e+177
1.613292757699628099e+00 2.606872687703989300e+01 2.043555768275564544e+18
4.761889564967345834e+00 4.059413048777267363e+01 2.137240969727052203e+83
9.359961175467779171e+00 1.231525530213100161e+01 4.123105416502412383e+49
8.450866055043853464e+00 4.538022795737628456e+01 3.099381195156480423e+164
8.270693118287494983e+00 5.113433311618907595e+01 8.067289182022487909e+180
2.001599706466115514e+00 9.296410122775304785e+01 2.175134845450989436e+81
1.630409408614478917e+00 1.194763440526733334e+00 7.049866594825812349e+00
6.400483776523016921e+00 1.378114598439899297e+01 2.721084956793676519e+38
3.850294790069038520e+00 6.268296169530402295e+01 6.192678941145944037e+103
9.787400670439283523e-01 9.929895836258509689e+00 1.664576528021387276e+04
9.068212525814743685e+00 7.956075459475388811e+01 5.192899361800151618e+306
6.788314735760622831e+00 5.827225631613106316e+01 2.562483152107201305e+168
4.868670502244945908e+00 9.144609526932725885e+01 4.279151971461976369e+193
2.884819886597417504e+00 8.811696911686074429e+01 3.363143367535285586e+111
2.045806745930168091e+00 1.357569933123630790e+01 1.000236189787614746e+12
3.084480832838878861e+00 9.725424173361712121e+01 2.723837530034796479e+129
7.390714967828628801e+00 2.765129907604094228e+01 2.847683195406425497e+88
1.743935845004351171e+00 8.010884784794349400e+01 5.799266603493266377e+60
2.365743442184212508e+00 1.090413244076407651e+01 1.100559275327467804e+11
9.497037298168729436e+00 5.083112564130122024e+01 2.391070533071327945e+212
7.103122736797813808e+00 4.342302180721134164e+01 2.286799471410735230e+136
5.605383707861406606e-01 5.015183749179477246e+01 2.661408404807167480e+12
6.586063864895055353e+00 4.998482677717726119e+01 1.119805789253209371e+143
4.207873191223175269e+00 2.158951718861756319e+01 1.139008596504390566e+39
6.976824148829900096e+00 4.028927572016052494e+01 2.545795846968806727e+120
2.747138165376886487e+00 8.821805691489808510e+01 4.052644437443559682e+105
6.676072412327853201e+00 1.611561979220524776e+01 2.351448929349733749e+46
7.962861319918602021e+00 1.357597993668816017e+01 1.260282667411921817e+47
7.711409508243255218e+00 5.194951081461802289e+01 1.040135045331174874e+170
2.588308555614974971e+00 7.536921229755105855e+01 1.125299476064532535e+84
8.595761949897534393e+00 1.447175058938275249e+01 2.564674390390631726e+54
3.696298025596593817e+00 3.735513946429278320e+01 3.910884114928362401e+59
8.757064824496797684e+00 2.312452876279377634e+01 1.687643876442661977e+88
4.197142704974290872e+00 6.079882554752852286e+01 1.060894118337137806e+111
8.153453456609330630e+00 8.121205891094076890e+01 1.278246765948752411e+291
7.551645873149007038e+00 2.676210850090660287e+01 6.296403135986917143e+88
6.514643364926429925e+00 7.550609891122793726e+01 1.971699548137896417e+216
1.391690889229012962e+00 1.212628514550003977e+00 5.299394359147241218e+00
7.677456894466143211e+00 1.762014098878726998e+01 1.136074070250577386e+59
9.301747815877364545e+00 6.320384050106158114e+00 4.753921291805026064e+25
6.205153956590650388e+00 3.991427535359792955e+01 2.381405004985777313e+110
4.844527833405134487e+00 6.816099597955819434e+01 5.123274924742598868e+142
5.210949635224783272e+00 6.240398653919778127e+01 8.842445516059318850e+140
1.557053831106059771e+00 8.843110754192295531e+01 1.993119913172930100e+59
8.817574080152569493e+00 9.655790937410576191e+01 inf
2.763251558862444002e-01 2.873369619888368476e+01 2.828441985104398555e+03
2.663376786247720895e-01 3.274179051714410349e+01 6.084784832325564821e+03
1.323037315078261056e+00 6.893953478720901273e+01 2.688371589601712172e+39
2.978324393678731585e+00 4.123241051807580959e+01 2.798622215749758740e+53
2.004160085278169579e+00 7.064848362929657810e+01 1.004884320666977923e+62
7.139797059718983263e+00 8.071014096447709107e+01 2.249727632462011858e+253
7.804536879961115226e+00 3.652159217464626551e+01 6.483670802193459254e+123
9.546668071714274006e+00 5.075807568955188742e+01 7.118956404197626117e+210
2.465986633398672190e+00 1.855307120791804820e+01 6.183843801945219072e+19
6.762870360969075456e+00 9.988446241128606573e+01 5.066918503203757068e+293
6.981719982243046907e+00 2.795133478204232702e+01 3.546421864502584891e+84
6.731901159204035423e+00 4.648268152254910035e+01 7.057669685261836286e+136
6.553126847637332553e+00 3.013773696953157000e+01 6.280215404035090804e+84
3.789763727361158185e+00 1.668442025720438693e+01 2.989871370105122240e+27
4.946774922288478038e+00 2.002202216321939332e+01 8.677600345213090224e+42
9.006301815968052793e+00 9.509488430982570151e+01 inf
2.375777972991337972e+00 6.322168092927826422e+01 8.637349110272964887e+65
2.522701985988048179e+00 8.022928761461788838e+01 1.516922869608515637e+87
7.408560325585550110e+00 5.066927447762748216e+01 2.896046145593856120e+162
1.907539551386093324e+00 3.724647788253982839e+01 1.470785798646293444e+30
3.481932554347520803e+00 1.715013803905839751e+01 5.648634171873114959e+25
1.958442044882865440e+00 7.691642076981906939e+01 8.112233493748094418e+65
1.391418052892954504e+00 8.739328358163474775e+01 6.575406481240718333e+52
4.914268695541244902e+00 5.019692853988207304e+01 1.957389961374353469e+106
5.958346931156743853e-01 9.188869990308094771e+01 6.735237759758239374e+23
9.250809872367007358e+00 8.777851153013754981e+01 inf
6.461875148739784969e+00 2.378872784116828143e+01 7.447327013766088850e+67
3.832376039781618893e+00 3.314854702330038805e+01 3.559144115966295418e+55
7.366825357734116508e+00 5.507277712440825468e+01 9.064613536906312871e+175
3.163919430568712610e+00 8.404409169366503818e+01 8.126006519252759547e+114
8.224080576073902193e+00 9.106278167033885040e+00 8.191642606933992974e+32
9.463099091568876631e+00 6.360042393170432007e+01 1.623676143401028956e+261
4.139410579466038520e+00 1.734868491970483007e+01 2.242211967451748707e+31
5.192931882639163277e+00 1.358929356844643799e+01 1.432690950385878961e+30
6.209380206632272525e+00 7.424176217659656629e+01 2.673691961651033839e+201
8.893775147616908683e+00 2.147100425226331932e+00 2.336534049956567287e+08
8.978221462661574392e+00 4.356313058023159712e+00 5.792373060156319200e+16
9.815757960625646206e+00 1.999007238560837507e+00 3.817733882194995880e+08
7.958757368550950062e+00 4.055538761386036839e+01 2.333579326975001022e+141
9.071635323345395463e+00 6.119598755115418243e+01 1.211096674476048751e+241
3.608879386533669908e+00 5.057551512630643487e+01 2.900914604480933933e+80
3.437513672725444724e+00 7.012643005109389094e+01 1.761045822147097381e+104
3.150089262242913524e+00 7.802196453143682220e+01 4.557645263946753555e+105
1.809230671864731077e+00 7.894107978375096479e+01 7.013835031801718045e+61
3.792023924726875883e+00 6.589044147813568486e+01 1.786214891573801372e+110
1.136860551986466961e+00 5.378286134160932619e+01 1.008263208160955542e+27
8.655148848820426011e+00 4.613548289284290149e+01 3.076796488835655133e+174
4.570913279216610725e+00 1.585705954674199880e+01 2.995082322298037387e+31
7.957421912939878439e+00 2.842161121553565906e+01 5.904832461713569912e+97
8.607620117742941446e+00 2.693636621674612286e+01 5.609292584428208689e+101
1.040307418635956216e+00 2.219099709424222056e+01 9.350188595765094757e+09
2.873202577519148093e+00 3.510826066655724986e+01 9.571249818342311862e+43
2.635464677053427351e+00 7.843977766712639266e+01 5.102675978695499584e+90
7.086633683359041314e+00 6.617243023583706929e+01 3.284207076008384702e+205
3.282179963008702295e+00 8.198956348719273990e+01 2.277377124154602693e+115
4.420935752387648021e-01 2.846844980929808244e+01 2.972615318332491443e+05
7.905439962692401679e+00 9.171118904829538110e+01 inf
5.218094951802078718e+00 3.034357367140787076e+01 6.770796540632242199e+67
8.856424912871037947e+00 7.843363088143037487e+01 2.621933403317783176e+305
5.652393625784775111e+00 1.801177068084815147e+00 2.624103658128640745e+04
8.312852344133116134e+00 4.445917740510723348e+01 2.231718152288962031e+159
1.667552562460592247e+00 2.853661508560083249e+01 6.994905101988382638e+20
2.928897631490150477e+00 9.722577146239535750e+01 1.201227669241002871e+122
8.613503840032885606e+00 2.159024363387068490e+01 4.074733264795126031e+81
2.734869815650488256e+00 2.542315803206683000e+01 2.265472992953625171e+30
7.112766908386515041e+00 9.941225662053825829e+01 1.781156309599975563e+308
4.954285516511194309e+00 9.089044578205896130e+01 1.849753045644730822e+195
9.312170909778670236e+00 5.997111733656823418e+01 2.376607745484264662e+244
6.592192405690115997e-01 6.552514056049052726e+01 5.774413279159114752e+18
2.706874513328684451e+00 4.081544946309197286e+01 1.444778245869012854e+47
7.929030127444219866e-01 5.292237255375244587e+00 6.634399291145111022e+01
9.609576597369057893e+00 2.541487946103010032e+01 1.443529841459413288e+106
7.838571955579723971e-01 3.421836548868350292e+01 4.321096184829268188e+11
8.356115411250170766e+00 1.802072227034860674e+01 3.501482332683867195e+65
4.457610175849501255e-01 5.855424901811579019e+01 1.798632545703160400e+11
5.809071067125236354e+00 7.564612903539584465e+01 1.167151907030134064e+191
8.629941989332696295e+00 6.781487790377063618e+01 1.927659263579962518e+252
2.891469303929686596e+00 8.707690265335612878e+01 1.920593315374709080e+107
4.978923358894902229e+00 5.970170599394469946e+01 3.480904696474366598e+130
7.333289473094279920e+00 7.267281987142391131e+01 8.475126856403689774e+232
8.242564196386195974e+00 6.285650156637242247e+01 1.009713541539698485e+231
3.589840293607368338e+00 2.109724685701692692e+01 8.185918710164164078e+32
7.513269287054284984e-01 4.570333561723368376e+01 9.102755925762526250e+14
2.200239820671511470e+00 5.819619493932908938e+01 1.806695653434508644e+56
9.786951875786328969e+00 2.737929563257633259e+00 3.511763924452167358e+11
6.052179998407256178e+00 1.744455477444288150e+01 2.650020162979005164e+45
6.916019700682910276e+00 8.525105590297418701e+01 1.366751120225532058e+258
6.342475505229145050e+00 8.326687029360252268e+01 1.979150208962969060e+229
9.209885708075693955e+00 4.193461852061937378e+01 4.441022440054568297e+166
4.394863062320714775e+00 3.855108476232283010e+01 3.569938864166278771e+73
5.053600910555132719e-01 7.982822397331256070e+01 1.313962179290071040e+17
2.729395702247731648e-01 9.143625238181439840e+01 8.018680090393566895e+10
8.218584546391255685e+00 8.774338875989036524e+01 inf
9.038278068067908677e+00 5.650684834909252885e+01 1.318236014536191239e+224
6.253793754287437778e+00 9.299446423585031596e+00 1.316476883864851494e+25
2.280909164337434070e-01 1.936947183857028776e+01 8.096986737595129568e+01
1.396849718222432646e+00 6.095485300704052634e+01 1.011697570151711424e+37
1.244373831680204212e+00 8.620702117588184876e+01 1.719504405724449517e+47
8.159318797083459529e+00 6.943034801771747766e+01 7.441665931844448570e+248
6.369177189541142425e+00 8.115855066055098632e+01 1.065810513935351316e+223
2.274976647844770383e+00 5.796980703887480502e+01 6.488049606431005959e+56
4.332583176449113616e+00 8.941018708918177538e+01 2.045744964132902718e+168
6.802510929194404810e+00 3.843171095817728400e+01 8.448352822586720891e+112
6.813562536312563367e+00 8.467793469458923994e+01 5.053690705773508690e+250
9.431527278067973086e+00 2.062603274155704547e+00 2.965214815507252216e+08
2.048505217797389921e+00 5.368065076200282704e+01 8.555366608192240760e+47
7.869418578322838975e+00 5.885865679428255248e+01 3.524462343169819470e+202
9.056868113982836643e-01 1.374757765332888049e+01 2.598315088406848081e+05
6.921591396459485956e+00 1.135495607188005351e+00 2.712890602780602876e+03
6.780433380870428017e+00 9.170742982785414199e+01 1.041725861966639345e+270
5.333141171075678422e+00 9.652250380631434723e+01 3.495566213621946489e+219
8.322223896670561061e+00 6.085509896368818517e+01 8.349037737492048074e+219
7.124677285996743770e+00 5.319325995042399313e+01 5.394604348365035946e+164
6.228300495275407300e+00 2.858411467133750605e+01 1.160741902817734242e+77
1.508144704466467534e+00 8.339043574618091270e+01 2.468666289060474471e+53
1.387900317773297920e-01 8.021522391509412842e+01 6.500261568095690018e+04
4.525998968106571319e+00 9.681523028146710885e+01 4.829661216223513736e+192
1.611453767428689121e-01 7.099423691904554801e+01 9.982599128509093134e+04
8.291794531539183666e+00 8.497315521792408788e+01 inf
8.558182827161790129e+00 8.352619967366310050e+01 inf
4.421315559236109749e+00 9.276414278504303468e+01 1.104743515968490828e+178
7.615877900368573927e-01 8.414787911838799062e+01 1.563667400748199754e+28
5.757616366881261882e+00 2.706947108715006323e+01 1.286413188984906009e+68
6.138656291029353618e+00 1.931125075685252312e+01 9.814802226033167013e+50
8.928452750097006785e+00 4.101939586685053030e+01 5.739149238843861552e+155
8.912647514826755213e+00 7.292446370840994518e+01 3.694936726123198652e+280
9.979893017859815529e+00 3.142871995954381958e+01 3.644220826981447512e+135
1.166421847080061136e+00 5.428860134909164969e+01 3.481608440456112699e+27
3.623215522973855851e+00 7.463315170479791050e+01 4.396960994116123118e+115
1.408048212951430012e+00 3.158509794882630928e+01 1.681867356992242278e+19
6.491456496041261737e+00 1.661870480344770229e+01 2.110760304141979117e+47
3.841061560417101006e+00 7.242061295319467185e+00 1.148168529776410889e+12
8.727707859326240936e+00 5.527929079288103509e+01 5.644106393036326240e+208
3.030161473908159486e-01 9.961749204698915605e+01 1.226773218790664453e+13
5.806897341888956454e+00 1.281599517343816252e+01 1.730455047585315713e+32
3.780276181824227866e+00 7.267057448548446530e+01 2.118884064173307249e+119
9.438436644483678251e+00 6.060784401297599544e+01 4.075495196394353860e+244
9.740877389564710498e+00 5.472252208395546802e+01 2.389136562109231294e+230
5.800169915976402635e+00 2.931096985191942039e+01 7.496538777057077888e+74
2.992400593083517801e+00 7.107888218614372988e+01 1.322725106609802676e+94
9.945438897177082183e+00 7.340685200460013959e+01 inf
9.421294121712751490e+00 5.952626938158610415e+01 3.252702954017257506e+238
7.717574550545169831e-01 4.364781103284086328e+01 4.115292280849076250e+14
6.289072371041121379e+00 4.939718074496546052e+01 3.890847205696682135e+137
8.716705071589483822e+00 1.928987322004296345e+01 9.395004560580690660e+72
5.610570196493126494e-01 2.097987110173917102e+01 1.185571780055319541e+05
1.752033554615808342e-01 4.874923557539405294e+01 5.307134439280132028e+03
1.205674406991280451e-01 5.209781015455229181e+01 5.591968440886209919e+02
9.573007917518561172e+00 5.616946998812944258e+01 8.415419347667725643e+232
7.558958163570142830e+00 2.137491862515729224e+01 1.072425412041215168e+70
3.652296286365424471e+00 3.339396839552101870e+00 1.909184928064209234e+05
2.202126836520683362e-01 8.131348872190159227e+01 4.385825457653390616e+07
2.068265078074412067e+00 1.832243806684339305e+01 5.115362880970162400e+16
6.577155618624324518e+00 7.194359102559883468e+01 6.715189011461868142e+206
3.620201951622987302e+00 7.503242143784062534e+01 2.815699095893960870e+117
1.292110559220195798e+00 4.773747700836010210e+01 3.935070915352376194e+26
1.823342169354627229e+00 9.442276500571779252e+01 9.943475237356783028e+73
3.944798398702300535e+00 9.958606664154581267e+01 8.671597516184802432e+170
3.691259700804571331e+00 8.568827229445847138e+01 2.410340892722140677e+136
9.852976982080740243e+00 7.210261336784805053e+01 2.480280198960054432e+307
6.099088581756231697e+00 4.955578341757687610e+01 3.131035259795550292e+131
2.276114556844719417e+00 2.012538259797680595e+01 1.143634603022406124e+20
3.570715238849845097e+00 4.421879816640847594e+01 2.774838166262750634e+68
4.455772240438551357e+00 2.589423841773432855e+01 1.107068014363188058e+50
7.782923973186353095e-01 4.899411939887344403e+01 3.622130923463749600e+16
3.583175921095479222e+00 2.184016896907269967e+00 2.114943219351770949e+03
2.674924749150696002e+00 1.548793812320598384e+01 6.237962933986603520e+17
2.657966563728160203e+00 1.255310287076077280e+01 4.448048104973580000e+14
5.805525526764659716e+00 1.843378571508545605e+01 1.180322746878846454e+46
3.359206110737612327e+00 1.110294842940150062e+01 1.329989378616669400e+16
8.135250273631955409e+00 9.138550352749021499e+01 inf
4.615917767014535045e+00 9.019588151504191842e+01 1.259745078302933015e+182
2.672757018657287542e+00 5.234730814547515365e+01 1.405709248575968095e+62
9.161647613083708563e+00 4.749075665853533934e+01 4.045077512953725155e+180
1.034724352007439396e+00 7.484994921438784843e+01 1.780855484272112435e+33
3.336960583388539181e+00 5.400956302228991746e+01 5.123167029228318444e+77
8.068037958004165233e+00 1.547644844676187503e+01 1.103770090525098690e+54
2.533361299683021262e+00 8.845736989540290551e+01 7.807440688750507898e+97
4.873681854265079494e+00 5.750254931897443100e+01 7.559205825791381121e+122
9.912241634732856355e+00 5.849236537127054270e+00 2.560609664709881889e+25
2.182528780297670945e+00 6.240387214205920685e+01 3.756149847285492664e+58
1.880655980803132898e+00 6.001365301886919212e+01 7.976077683196699524e+48
9.149826280956325775e+00 5.384728582101301697e+01 2.983074746120519652e+216
8.163775458926535222e+00 4.284808547205710738e+01 9.007075130918724595e+149
2.002430003327086094e+00 4.238662431616736370e+01 5.130345285646219325e+36
4.861941456522342442e+00 4.338603647060456581e+01 2.891357786213300905e+92
3.705993073062695320e+00 9.638766241025374271e+00 5.308617361844034000e+15
1.349097625701994208e+00 1.145094468847885949e+01 5.154816297463706695e+06
1.762474061425074678e+00 4.123070607323225545e+01 1.292850976371808478e+32
4.077994922149644985e+00 1.956574935805938509e+01 1.951009297743260825e+34
8.704725085737637258e+00 2.736964997401613431e+01 2.592022401697378566e+103
2.929975808530843828e+00 3.503926858627263385e+01 4.514139869490643027e+44
4.107419574201475854e+00 7.672035003239916762e+01 3.064689452481266336e+136
6.810117101779001203e+00 6.377784774860928962e+01 2.777561311565498436e+186
6.062717891816903126e+00 8.501516580061876027e+01 1.248319691097235459e+225
9.517131041357598242e-01 7.692002491352084803e+01 3.043463429089734345e+31
3.941127483560488143e-01 9.397511581172487638e+01 1.135304308813965200e+16
5.224608248268548527e-01 1.673207861916793604e+01 5.812369842720704582e+03
8.033816259378157909e+00 4.590134797954705803e+00 1.084231039010559800e+16
9.616594544301387160e+00 3.340314511213347881e+00 1.169099835417597500e+14
4.302878587639800578e+00 3.675316148928101967e+01 1.364055871889099519e+68
2.506985507513494582e+00 8.628728557625530016e+01 1.552425600442173415e+94
4.302170765326627233e+00 6.493398480355710944e+01 1.783339005724135327e+120
8.502567064051863355e+00 9.628824306358066565e+01 inf
1.894668628799630605e+00 2.534896757683439006e+01 1.214211587812050600e+21
8.977441372797159147e+00 1.830274313958244292e+01 6.850573140291287422e+71
8.827327970554804892e+00 5.868135187229972161e+01 5.222518767355639451e+227
1.081335514045749235e-01 1.712892418635076197e+01 6.432926173799758729e+00
8.625507802213325803e+00 7.120468888829074672e+01 4.125907113310925398e+263
2.584669793702522256e+00 4.719377795931075781e+01 1.021332056584369511e+53
2.774922515251060595e+00 3.080181796782584058e+01 1.818287932961867140e+36
6.505973617620794958e-01 3.496015142046960733e+01 8.356703884581103325e+09
9.350656692756150079e+00 9.250615001345960309e+01 inf
4.067942956635053342e+00 2.589024394554420994e+01 6.572676279454842485e+45
2.741906308488937682e+00 2.216539241138990235e+01 4.061630576305772958e+26
4.657252433198856956e+00 7.643166857471377362e+00 2.157607558135670000e+15
1.861581499561965503e+00 9.862350890044960749e+01 6.261567916414284476e+78
4.063141461347359318e+00 2.587154788386163062e+01 3.408095237030143126e+45
3.219410901939157910e+00 6.763808625014419817e+01 6.686441816041835176e+92
5.845909454408836581e+00 2.962264533933549870e+01 2.044514609358931709e+76
1.219983274650216387e+00 9.248262813560099005e+01 2.587680831735291409e+49
1.858284207882083150e+00 6.479468549169546066e+01 9.092652557574886802e+52
5.082908342527516776e-01 7.529828804136360532e+01 2.695647040297321600e+16
3.971573943579664867e+00 3.414484971416904102e+01 2.534980674764413538e+59
1.591204700638484404e+00 4.587667007839112898e+01 7.176161622092587432e+31
5.579511907065127119e+00 8.740491696149665302e+01 8.441382712032513520e+209
1.567818664352703673e+00 9.534020288106179919e+01 7.511465091987742955e+65
5.277903942356717337e+00 9.378316136807140424e+01 4.472757455408431492e+215
7.982737566144958663e+00 1.178928179104181950e+01 1.896800255706828589e+40
3.815064648530386293e+00 4.637782152664267699e+01 1.188176021013312912e+77
3.132851489634036479e+00 3.894873938476160191e+01 1.230599312515626773e+53
4.904575562739743155e+00 9.104017727683063299e+01 1.290412638364019122e+195
1.929275268559071499e+00 6.664225520226864319e+01 7.685402337421485407e+55
7.554180924672330155e-01 5.881597107949052372e+01 7.640612336460753920e+18
8.666000384276619783e+00 8.522692997431485651e+01 inf
2.468795295115369992e+00 1.715323949635207867e+01 3.009341742037095424e+18
2.966932789882286148e+00 1.106472883637774984e+01 1.966153226297160938e+14
9.919078256641999047e+00 2.927417227105928887e+01 4.387822347052504264e+126
5.862704574531269586e+00 9.291626755593082976e+01 1.119243204944770548e+239
6.345185807268453715e+00 4.195090401683452086e+01 7.296753953226804851e+116
6.744743058869130614e+00 5.100735114628939471e+01 1.266697963401505438e+154
4.188789861743148712e+00 4.633732497996321342e+01 3.195260917927895922e+82
3.076381920898290545e+00 3.613873944726855569e+01 5.804963822187392675e+48
3.023606890852594820e+00 8.626122516221897740e+01 1.778101632760833733e+112
9.853395311074391927e+00 5.019078693492140530e+01 4.624530056682051754e+213
1.707125177922067527e+00 3.009175213978398933e+00 1.697165931605021854e+02
3.762120835383042650e+00 9.699633841397954370e+01 2.463657591809877879e+154
3.458504402642778253e+00 2.587461182357343858e+01 3.377336562148183366e+38
2.008099219664507107e+00 4.289256010036399402e+01 4.375861319501821200e+37
7.973167495605440358e+00 4.119446017393887871e+01 1.156006136133530021e+145
3.528751596244227517e+00 7.584117795702502463e+01 1.411277575860239212e+115
4.339764021444984188e+00 7.911910879716327827e+01 1.120839937089725994e+150
9.247587615476293266e+00 8.595893156223696963e+01 inf
7.368679775477701810e+00 3.086519075538092594e+01 8.102886494613081890e+98
3.772367723592605859e+00 2.735263680530057329e+01 3.208103728065666108e+44
6.365902791842634301e+00 8.570791211633255102e+01 1.917997819625818176e+237
6.560767149090014350e+00 3.043922407685239051e+01 1.974088379873133212e+87
6.116767047183779837e+00 4.599517287444913194e+01 1.210641127345864869e+124
2.557833192306939729e+00 7.760959182980298010e+01 5.785150996770409637e+85
2.971646828860022183e+00 9.268686934434256841e+00 7.593061226395993652e+11
1.758167170500456677e+00 3.790660728583321770e+01 3.607624769947589770e+28
7.062227628251315004e+00 3.969098215074160407e+01 1.453866595369282442e+120
9.813162625475959189e+00 6.980535539523806676e+01 2.466873566539503853e+299
3.480625288795887950e+00 1.641040373975918243e+01 3.466084375933531848e+24
3.374999467744341786e+00 8.128510666778939253e+01 9.592275400964937978e+119
4.297391788424015147e+00 5.770448371328771486e+01 7.880982104247329087e+107
4.801032463730359190e+00 1.537544532120157514e+00 1.526997603769063517e+03
1.797392034489907253e+00 8.379851419983150151e+01 7.771091921539069617e+64
5.602053639839783550e+00 1.838804396274192499e+01 4.114818993414098206e+44
5.426728953750381557e+00 1.368261365978640320e+01 4.518924988893282840e+32
3.820342473237682945e+00 7.767407280008254133e+01 5.267513968098650353e+128
8.434895946464447292e+00 4.011264621971496069e+01 1.082511916815765890e+149
8.811881382363955240e+00 2.021515102919862983e+01 8.500921908505165573e+75
9.105569940967750853e+00 6.881319199515371565e+01 5.176735739186116999e+271
6.155704100575800197e+00 5.452100063770022587e+01 1.387536295922437994e+144
3.102319219575728759e+00 4.342492063103473043e+01 1.601005871311084963e+58
7.171920904387035556e+00 1.598184172676786119e+01 1.434615703332198133e+50
7.503749325585213015e+00 3.947479015424678295e+01 1.127987276081662865e+129
5.171749898421328595e+00 1.702605046218163665e+01 1.063649943844216320e+38
6.701003468873282465e+00 9.073405429738470218e+01 1.646644122157184965e+263
4.496330563957585014e+00 2.870644076578239279e+01 1.345497942735458171e+57
7.846118688372512473e+00 6.983566463109870881e+01 3.754088575517345556e+235
3.202441443498660334e+00 2.097286278952300620e+01 3.786880460856105151e+28
8.927740008616442680e+00 3.865657727581007919e+01 7.111576979680781569e+147
6.963151204509363978e+00 7.676532502644090528e+01 2.020477652915089186e+231
1.376685714388349080e+00 5.403935977324661621e+01 1.005072446727583436e+32
9.013862179327132296e+00 9.207021807352666087e+01 inf
2.187160307456765818e+00 2.422605011108917239e+01 4.165121287122443043e+23
4.975067238673115178e+00 8.192135614509244590e+01 1.051501575487995644e+177
5.899529455555605928e+00 9.274119430021791288e+01 7.781689980739844205e+236
2.587363277652265925e-01 1.288865668377010643e+01 2.649866652009816903e+01
9.133297754751851016e+00 3.700001696987704491e+01 3.104598001228553488e+147
7.508470368183663979e+00 7.083807498109713663e+01 2.804508364476154458e+235
5.110557303359679615e+00 1.148076238299067242e+01 4.487205185144117009e+25
8.116838139374220606e-01 2.569085392598970685e+01 9.586989207566599846e+08
5.407933146861241269e+00 1.428933524373728048e+01 9.450222082821865327e+33
7.311049773113409422e+00 2.889001379271772763e+01 1.687728211111534467e+90
7.662084855969715669e+00 4.513920580818779626e+01 6.814478176758302574e+151
9.591601790803862215e+00 3.375119034641057425e+01 2.162992885089627207e+140
5.259278911036680881e+00 6.194625467977260058e+01 1.346300930234984501e+142
1.424082141021822734e+00 5.090210165829991240e+01 3.046483986654917013e+31
2.673967871653389228e+00 9.527299575105551810e+01 1.659936840953946714e+109
3.215861761414596565e+00 3.812389719793432619e+01 1.578740338243435446e+53
8.169595389074265412e+00 9.322420493670982466e+01 inf
9.381637801789612041e+00 7.448692858614677448e+01 6.923298631737455504e+299
7.825933009980241550e+00 2.462514545713977299e+01 1.748356850458123799e+83
2.965784022940896936e+00 8.327038669496552359e+01 1.269982784038861872e+108
8.430844276580112151e+00 7.951098358477226213e+01 2.012251869998957214e+290
9.503406130368265536e+00 1.282669815890992382e+00 2.041900429315539950e+05
7.165026327381276872e+00 4.166097138040348824e+01 1.434438869939619114e+128
1.378766336203323783e+00 4.639133024393865412e+01 5.306629295345046072e+27
6.803621076123713252e+00 9.887003988994793247e+01 5.780493343404316154e+293
7.017333461068226974e+00 7.231013401909021354e+01 4.079441992846968447e+218
2.453726602251160571e+00 8.775269440764057549e+01 4.472592953285815950e+92
2.170305248305714141e+00 1.977734470995615013e+01 5.974581789225405440e+18
8.249841100573835462e+00 7.999378731457157699e+01 2.312984663396400219e+285
4.951026381500374995e+00 1.891764627129346721e+01 6.692274201104534543e+40
6.886070178789150731e+00 5.830126857520248507e+01 1.572091736064355557e+174
3.489831983841621632e+00 9.961715449283418877e+01 1.336226995737158585e+152
3.500270244050495361e+00 1.340765502416750365e+01 1.055955040717123912e+20
5.974073086684270617e-01 1.677881377367397508e+00 2.727113016045352722e+00
1.123834975247921752e+00 8.776289528221303726e+01 5.819088447620269830e+42
1.142907584596819959e+00 9.139600939077395481e+01 4.679072675364610318e+46
8.032909045827928196e+00 3.543611097612457073e+00 2.870219220698451660e+12
8.420205270425803690e+00 8.361467944753300685e+01 2.881745833590812443e+306
1.416551373130854552e+00 5.010124912577762757e+01 6.301438164648820566e+30
4.715817292219306900e+00 9.808724321640053745e+01 3.462769433914216811e+199
1.779923596825904619e+00 7.612923111399267384e+01 1.935321464405774417e+59
3.622147716170824427e+00 5.556565723149894609e+01 9.853922924735301673e+87
3.528963435577110452e-01 2.822678833675749743e+01 1.962922723768181822e+04
1.406344924008420039e+00 7.672844824695600607e+01 1.414530222576142244e+47
7.092372202611292309e+00 9.695677322557682487e+01 3.649627677711014040e+296
5.409825618881683340e+00 4.278670429888140347e+01 1.143882907438611294e+101
2.984994505439826362e+00 9.431716844462206950e+01 2.978099101168160568e+122
8.153914613992107263e+00 6.058764788984707650e+01 3.696553732200470386e+213
8.712064768769078427e+00 4.782785199045983759e+00 2.377622853836012032e+18
2.473090945044767341e+00 8.738188145864906176e+01 1.259283444318265306e+95
1.205125196024636525e+00 9.793992501677269047e+01 7.349663931459962293e+50
7.453158573924796304e-01 4.468403129631717974e+01 2.433929566368481875e+14
4.648315527519412349e+00 9.300320548585450098e+00 7.762059357665606656e+18
3.429594999184934156e+00 9.970243234266237664e+01 1.348311862683719457e+150
6.812087205306959881e+00 2.782059008705449532e+00 1.434900961678360701e+08
8.072163702323857493e+00 6.061442739342746933e+01 1.007432991884986997e+212
5.085345288107806283e+00 8.530641835039203613e+01 4.813904327053881181e+189
5.084124741624161281e+00 5.689047916183915987e+01 5.807130391409271316e+126
3.083296251765899942e+00 7.837873347360448406e+01 7.914399466623498009e+102
7.100367681035408829e-01 3.930241712954754263e+01 9.692431188615445557e+11
5.030643761774791223e+00 2.362285457130378408e+00 1.220886863920771139e+05
4.468641426113741488e+00 2.365051558969128820e+01 2.194558276769745502e+46
4.038834564362979052e+00 7.123819690381766101e+00 2.728737999570046875e+12
8.607737859898692889e+00 7.666941837070180554e+01 2.215359948493373550e+286
1.617726787199537775e+00 3.013764882356221264e+01 2.139891063718331810e+21
2.639371362620299699e+00 5.718296392864217381e+01 6.463754412877492866e+65
1.476346491770479608e+00 9.896341857398181219e+01 6.834895273708782937e+63
1.478735938172814457e+00 7.374356907855153409e+00 5.851996520652090112e+04
8.317934193159572942e+00 9.887089618017522241e+01 inf
9.530897115718024892e+00 7.596016382179494997e+01 inf
1.095751791125554764e+00 4.587753533866566613e+01 3.868497026829265666e+21
9.315123995637470955e+00 4.402879183079294734e+01 6.518935283831065365e+175
7.403588068983729009e+00 8.861865271186266568e+01 8.981742650594913161e+285
5.735284580552861833e+00 2.713756045513032333e+01 3.746564064364675896e+67
9.924044853252187437e+00 1.154721894852939634e+01 1.201946565136327511e+50
3.811737900156012326e+00 4.750200597588787588e+01 1.079034803739162250e+78
9.397272909989093037e+00 3.551064853992217163e+00 2.851349772093408750e+14
2.336428181788048786e+00 1.597102700786600771e+01 2.790479015578108400e+16
4.363163531281630370e+00 8.236295051917501553e+01 2.310157018004798846e+156
4.464663397603603201e+00 2.157750321276508743e+01 1.344627522008735388e+42
9.588447078086662856e+00 6.500504919555842775e+01 1.457717550938338806e+270
8.239511924812290999e+00 3.841513209503262516e+01 1.984402918315076134e+136
3.517484860211893771e+00 3.551628780135916230e+01 4.022150102238545184e+54
8.996912541585071921e+00 7.080985571095790476e+01 9.043218889649382567e+278
3.658245653751752702e+00 9.899708700256103100e+01 6.838446326031583602e+156
7.121903635070398586e+00 3.054037050037753787e+01 1.124249984293983784e+93
1.471754101633579559e+00 3.812446541477000039e+01 1.492449667472068109e+24
5.116221131527929344e+00 1.289734870230203612e+00 8.197962007626134664e+02
8.110054254828829912e+00 1.425611511467844217e+01 1.293722382789058037e+50
4.407639465825928804e-01 4.634481037419669214e+00 7.765833111185131088e+00
2.902913070031563070e+00 1.817835966746272547e+01 1.098256909183971953e+23
3.003179588100141295e+00 2.723745415095252653e+01 1.438251331786720569e+36
8.446522967033674334e+00 9.425864147226374712e+01 inf
9.126500540106281534e+00 8.704081733190913894e+01 inf
1.200489670609090176e+00 7.236527489795302870e+01 3.469933322504917367e+37
7.516557815423970723e+00 2.474281664402510827e+01 7.390242246946592786e+81
2.681220036423021202e+00 1.306773175482096860e+01 1.995165737585496250e+15
9.062872944974833089e+00 8.945468997770321096e+01 inf
4.474765090086872732e+00 9.751442003936226399e+01 1.564285015194226737e+189
2.197032841377175583e+00 2.532162813035991888e+01 7.984435674317417150e+23
3.227653884167952736e+00 7.339217274541204006e+01 4.481416147137371834e+102
6.307834731769206726e+00 4.683056859176521414e+01 4.672468099989075224e+127
7.350242487830545457e+00 4.895210434657592202e+01 1.441331302101636277e+155
3.169145347983202576e+00 6.050107394010339590e+01 2.907584623949318144e+83
5.300352126457394952e+00 1.993142151288965280e+01 1.620658066766628820e+46
9.238762774983012349e+00 1.868065452850479957e+01 9.408421001828464381e+74
2.872160093350681453e+00 3.516451373500424182e+01 2.447472178252309701e+43
2.947368642966580410e+00 2.941288240195802928e+01 7.377345449946264665e+36
3.708894629963220169e+00 6.476569534354899815e+01 2.612734652274206500e+105
7.567480015217803668e+00 2.896873731680485875e+01 3.991082139886128675e+93
7.775165509616506654e+00 6.819107173433593516e+00 7.558862369435045750e+22
8.658266605758385026e+00 7.172015890465574728e+01 6.346022262276127671e+266
9.534711825713028333e+00 8.886917373398426889e+01 inf
4.918003599367610335e+00 3.070265395658547547e+01 7.225018004846115802e+65
4.898363817759789463e+00 2.974814487977344513e+01 3.185263917150430605e+63
8.918701262983750766e+00 5.578934155956251573e+01 6.235300066339064026e+217
3.619434061363983268e+00 5.545873416307868098e+01 1.865165826236877698e+86
4.365787642341127928e+00 4.359982203864073824e+01 9.560308754249889106e+83
6.367176249986109760e+00 9.937114030611464699e+00 3.135340246173756419e+27
5.244204690345315889e+00 4.618630470771302043e+01 9.049639026067135018e+105
7.489357877178849598e+00 9.691044931286856468e+01 inf
1.977169357594889654e+00 2.926492017254130218e+01 1.297729970832365848e+25
3.629143226755233709e+00 9.638769598644185521e+01 4.462867365473891154e+154
6.538211247107768465e+00 7.741083890300581061e+01 1.891879824313031061e+215
4.241660997545209533e+00 2.172507768781288817e+01 1.190725765487037912e+40
3.915704057420676509e+00 1.161813166057865843e+01 5.489697154300559360e+19
3.749733787705804566e+00 1.424584513151392962e+01 4.059133369900529216e+23
3.678404623896219583e+00 6.972716384286570701e+01 7.553670695640998389e+110
1.306159565265869960e+00 7.213149337183592991e+01 2.232258186120836504e+40
4.188577733487186094e+00 2.252853736989533928e+01 2.018944317829854066e+41
8.002666172299600644e-01 4.460185146943452850e+01 2.320061303619560000e+15
6.687795321396535542e+00 5.988243526017402019e+01 1.833524237912629308e+173
8.376884569685266513e+00 6.380183104298803443e+01 2.224825951561422356e+229
7.227319163612301089e+00 6.238107444954221137e+01 1.533427660149309176e+197
1.381624433281840147e+00 8.926925207466547363e+01 9.025394732248838676e+53
4.599772136666478772e+00 2.029701631758456415e+01 9.247736224168622001e+39
3.483222921193098731e+00 4.625221794045220491e+01 9.860548033330996054e+68
4.630745656290335965e+00 5.167115257519511573e+01 4.953981447638706923e+103
4.428831515345834191e+00 7.122805522245705845e+01 5.337596108348225739e+138
4.828238653114520496e+00 1.791791686195012945e+00 6.115260842314133697e+03
3.236796630364793703e+00 5.123425624576255899e+01 7.857177219572727691e+71
3.484752275705193636e+00 6.939113574340471757e+01 3.867184455850178593e+104
3.128007723560391362e+00 9.222100460273345846e+01 3.263835414103373740e+126
7.263068164991691056e+00 8.122200885497481693e+01 5.314424373179219497e+253
9.065490089542027619e+00 4.199609803108796058e+01 7.896959949726181037e+162
5.094681742834859861e+00 4.982478353512067315e+01 1.438343378021157837e+109
7.048555155939592254e+00 8.100832338816087486e+01 2.591315987325301120e+247
4.281404581474919091e+00 7.048683147321997922e+01 5.386082522688426660e+130
3.095250667886213503e+00 8.762828914687077031e+01 2.272398868714342800e+118
3.677938749820604425e+00 2.108729914881966394e+01 6.948936897966760460e+33
4.484440908493953160e+00 9.334913025415136190e+01 4.653343986934698368e+180
5.309864254387487215e+00 4.830021473936528764e+01 1.698806490944375264e+110
3.460489144008108031e+00 8.969942121414248959e+01 2.930237831140870193e+132
1.720088699878552285e+00 2.050543863388250543e+01 1.902734504869888500e+15
6.344544492192135010e+00 4.333044974674924532e+01 6.804247767231199528e+117
5.480741663040414657e+00 4.704766308673995212e+01 6.041012037857553614e+112
5.194393409452550792e+00 9.618781187136274013e+01 2.116590158027295040e+215
6.587333592857780751e+00 8.829773451151031338e+01 4.522082661808888012e+251
7.634267739483824755e+00 1.257559284258078414e+01 5.866714376142578484e+41
6.239397608390190086e+00 8.331574631410371978e+01 3.351246211970501351e+227
2.893837140281332765e+00 4.901771997998687169e+01 7.879661615507419121e+61
4.634623010940570609e+00 1.055040544670669789e+01 1.325630811937722335e+21
4.601214450928580391e+00 5.490223031180899937e+01 3.091623201447504116e+110
7.641949403263140539e+00 6.291550555735966554e+01 1.315054341106733402e+205
8.389014547192831017e+00 6.604420909601458334e+01 1.763509868175992717e+240
9.687907260617693694e+00 8.664558670374862714e+00 6.192305617994928575e+36
3.984832976045918240e+00 1.897877480029547570e+01 3.415104272084921586e+32
4.473451778342171004e+00 1.578094869017846769e+01 5.896620418621842533e+30
9.280648053038417444e+00 4.121687932337156468e+00 5.227302313028737600e+16
8.490139700087086183e+00 9.698542313572045259e+01 inf
3.458131555077322172e+00 2.637528559348865098e+00 9.278606136994436383e+03
6.953490983682558024e+00 3.163853142244998651e+01 4.732263569730086939e+95
7.207157044192666895e+00 7.873954778674290367e+01 3.476006792291785603e+249
5.126044907753525059e+00 5.094028460391458424e+01 2.199263266459528451e+112
2.089110227794550578e+00 6.145285200385342961e+01 4.772711445406511566e+54
4.267404081410179018e+00 8.247558934895751293e+01 1.898741052644217767e+155
1.280191132982457791e+00 9.789444800591419948e+01 4.654867339594411096e+54
3.747533142141644014e+00 8.357953400104189257e+01 1.448637290951693052e+136
5.683986506792158000e-01 6.392193849858240462e+00 3.632356370174275639e+01
8.871894285476402686e+00 7.391094367002061460e+01 2.485903420285035656e+287
2.122215760475244295e+00 2.165125513359858189e+01 1.656817161314376417e+20
1.057589330727540133e+00 6.676901275461707641e+00 1.104643398368720909e+03
2.230105444075380472e+00 9.850265822690363393e+01 2.780583816847763875e+94
9.576266499859881876e+00 7.981261338789542492e+01 inf
4.222765208210703669e+00 7.214216844771110004e+01 1.088177337966138743e+136
5.615335324190343869e+00 4.643007973280614920e+01 3.648732670981738126e+112
6.520493822455371014e-01 3.529452221455937178e+01 7.401469838193801880e+09
7.588373042630647269e+00 1.228089508502883476e+01 3.217762059298902100e+40
3.569416395283271370e+00 2.634053156472388579e+01 2.417815371825718742e+40
6.047545312053594024e+00 9.139238661698388455e+01 1.993158681096807589e+240
2.925183405521557312e+00 5.009818268363417104e+01 2.558658900717207156e+64
9.525671139883455041e+00 6.077871477952735191e+00 2.135784411590140390e+25
6.812071081216804380e+00 7.679515511068609612e+01 2.030592968231495969e+229
6.571476551056492532e+00 5.301807536872849624e+01 2.231093025813662083e+152
3.855222738761049150e+00 1.029360980194550201e+01 2.362415471292381440e+17
4.280170697586434869e+00 6.368172023708054041e+01 2.552116027939359486e+118
2.576802180715313195e+00 6.485176823784820499e+01 2.923027824868637356e+72
7.434531352004999372e-01 2.070265900127525072e+01 6.204373826697587967e+06
4.342490708741820526e+00 4.528895578236100761e+01 2.552832461042879197e+85
8.074912935971454431e+00 7.656796809648638202e+01 9.686311611099061936e+270
7.867795560177066605e+00 2.990768422266580373e+01 2.691030770221043073e+103
2.136946686434594067e+00 9.620062057509495901e+01 2.569747896295434249e+88
9.352275014116276708e+00 6.197171487158244929e+01 9.202104120483893072e+252
7.324630322217458023e+00 1.514808014664166613e+01 4.072514001261667422e+48
4.680451970112684101e+00 5.399480006837340085e+01 5.943575837854152983e+110
4.918820174902075237e+00 2.127018445719341955e+01 8.270065907862046735e+45
1.043965104502374563e+00 1.100980364368508191e+01 1.011372627883694659e+05
6.795680852484657031e+00 3.554638548416311750e+01 4.978455937678448535e+103
8.044588176624094089e+00 6.668043995005614022e+01 3.945603109563981294e+236
1.107486716999398713e+00 3.536804222981198365e+01 1.312288292291433920e+17
7.019903534815776780e+00 5.066911649593411227e+01 4.731380911032183628e+155
6.175608807607311235e+00 8.855749226659324336e+01 2.693799127858678834e+235
5.291609824937754780e+00 8.270657112442485470e+01 1.668083684334524989e+192
5.132663178531767123e+00 7.974886020276740339e+01 3.336873577075904589e+176
1.912898982038343521e+00 3.198024123364721305e+01 1.625885087535055088e+26
2.343432451364103886e-01 5.730439307625933054e+01 6.186035143164942274e+05
3.343528124953944136e+00 1.064360742076286037e+01 2.554979411930582000e+15
8.135956519669109710e+00 2.692060394844352089e+01 1.618619180812494427e+95
2.552903507585359222e+00 6.910232839909858171e+01 1.034151067327331966e+76
1.467110074950810361e+00 9.269888848418803207e+01 1.907874341552232102e+59
6.193403416986956067e+00 8.951520519967057510e+01 1.159836222785770314e+237
2.344851646945459667e+00 4.517362343631072363e+00 4.108969978811075998e+04
1.600460010366862029e+00 3.168503654278761061e+01 8.399018234721532379e+21
8.288737338796494214e+00 2.595587232977107206e+01 2.015520794876642249e+93
8.648845710894045524e+00 9.436082400398532855e+01 inf
8.493325869429606101e+00 5.259563484643152975e+01 1.504803427439275499e+190
6.628407754952776010e+00 2.193053477514710892e+01 1.124703005169530616e+63
9.885974526075612445e+00 2.131155369830569413e+00 1.186853256705559254e+09
1.696987333686622357e+00 2.360071057720210774e+01 1.881422080419678400e+17
3.990651922971074628e-01 1.912257795300263652e+01 1.941345937939258874e+03
3.166002091853129308e+00 2.426281840154076264e+01 1.986611038942529871e+33
8.317924003436949931e+00 4.679182444669956453e+01 1.388588933411493669e+173
1.163888634664205224e-01 9.007618652192964248e+01 3.699210023270767124e+04
2.175444219224381026e+00 9.325028855313981069e+01 1.617323474866901351e+89
4.180979123651473728e+00 4.015927286664314266e+01 2.265987216825907441e+71
4.202334028264657739e+00 3.453297122403984076e+01 1.914975604570245696e+62
6.902076498442271557e+00 8.922600328185541230e+01 2.682986722405948265e+271
3.577306489734298101e+00 6.818508220619084170e+01 5.455915708081439843e+105
7.213137467894106258e+00 2.974748160443750677e+01 1.428550772769470785e+94
2.612383408056988099e+00 2.880646240383720880e+01 2.615857982797046797e+32
6.058195127709086414e+00 2.230846482181442525e+01 1.660480071225307262e+58
5.346600688529438372e+00 5.698146003882206045e+00 1.354115596460524414e+13
6.991203426946431598e+00 6.841653144456637747e+00 5.329355937099182899e+20
5.108164202966395173e+00 1.191021971477269226e+01 5.988016260451545246e+26
1.469241297299843430e+00 8.267284187200387180e+01 9.535831205022229422e+51
5.659577536288773025e+00 5.175545098709388725e+01 2.277567615688584086e+125
2.667700149983746272e+00 4.452670063986530380e+01 2.889918767067427080e+51
6.821440315451770431e+00 6.658562302541753297e+01 2.154352766025855933e+196
3.640574849444965455e+00 5.548274867513819686e+01 5.127395889866727718e+85
4.175322328289452933e+00 2.460637419763323663e+01 1.024341191711946081e+44
1.776233140322742932e+00 1.979388622113442509e+01 1.047204773468687000e+15
6.340990254642433488e-01 9.054288541571641247e+01 5.991261711585064763e+24
1.983059916954948321e+00 6.573367654363812562e+01 6.915960555043375089e+56
9.785716862306472308e+00 4.176708169302079199e+01 2.731904550306243413e+179
3.047600982589977914e+00 9.487666289062660496e+01 1.029413849188257317e+126
1.441631893467703263e+00 3.706583191179493042e+01 4.831251696479601280e+23
1.182594094507855020e-01 4.698253817824410206e+00 1.734074109343731074e+00
5.867248760059205814e+00 8.496510131463219295e+01 1.507929902026798719e+216
6.343548523552819063e+00 3.156353186254475673e+01 1.116885022845690528e+88
5.912375926822962535e-01 7.931543943100460403e+00 1.106772427999442243e+02
1.428704607359568834e-01 1.284704306554553099e+01 6.461016895583514774e+00
1.372458905546814822e+00 8.410807206055504537e+01 2.169629548649111793e+49
4.226836806057266749e+00 1.332367890460269422e+01 1.920029968339060205e+24
3.782410028535200919e+00 5.609130231628731167e+01 4.859362077208326832e+91
2.400713723606778149e+00 7.418283669726035612e+01 1.711819617546042983e+76
7.397707674619257823e+00 8.926332064619192863e+01 4.369258211331898591e+285
8.433988195544134925e+00 1.259033737524527830e+01 1.928300186717209537e+46
8.190988410721338653e+00 4.764004987021461091e+01 5.756757345199254662e+169
4.489201135712300506e+00 6.649061231675536021e+01 2.411342222140317148e+129
7.485968595979741735e+00 9.048122825974007810e+01 4.974731108361412658e+294
2.910608401762045716e+00 4.859614263421673286e+01 2.218535311549918675e+62
3.875944880822776106e+00 2.596949271984337315e+01 7.922715871980496690e+43
7.558304747161494141e+00 6.121967991466014780e+01 8.233279239607583929e+202
9.913376966056283379e+00 3.543610868187935381e+01 2.200216647837057884e+153
8.702425231512565418e+00 6.970315966334453606e+01 6.748784176206827702e+261
6.701549445179153963e+00 2.270544159097408965e+01 1.294638092696451198e+66
9.179322767064117983e+00 7.679103358720804806e+01 1.315406386908858371e+307
1.722938483493706485e+00 6.081696400238806177e+01 9.389544624548024459e+44
3.049269541966754815e+00 3.197194591110429940e+01 4.101525495890296630e+41
1.796136205255949969e+00 9.553646562678460441e+01 2.932009611482266606e+73
3.727250275377663069e+00 9.342735116182676336e+01 2.462362842703333279e+150
9.747427522597115868e+00 6.435962023279918753e+01 8.710066703710292085e+271
6.399086276354192471e+00 7.432876527910438824e+01 1.264276697370909867e+206
6.955444144408658325e+00 3.377175936922760968e+01 9.310862918531330782e+101
7.369596144850368624e+00 1.514907227778503795e+01 3.767419448361452246e+48
7.625794342266254411e+00 3.865707420321801813e+00 9.579312336621537109e+12
1.840442220818592656e+00 2.361777012206164628e+01 7.857903176536092672e+18
7.137956069496387279e+00 1.772660662063428205e+01 1.159528693165119475e+55
5.949422967216633218e+00 8.016377034208261421e+01 6.571267382161076481e+206
4.229988748724789360e+00 7.604834971163974444e+01 2.225436710152698030e+140
5.222763454151874818e+00 5.652757774405485236e+01 1.824946167981463513e+127
6.759135758862464538e-01 5.143973359887090169e+01 1.215330187006979750e+15
6.893217207891519038e+00 4.006457645120896416e+01 1.096211978841151856e+121
1.128505239413091665e+00 3.442935139330037586e+00 5.329923930349293215e+01
1.385553081065307834e+00 3.969186485391686947e+00 2.317864774756631050e+02
6.426337275093683132e+00 6.427310401409918938e+01 2.283780819910106649e+178
8.501581887723867581e+00 7.573754946016910239e+00 7.229907538077946763e+27
4.835270035965685942e+00 5.247690944644071465e+01 3.905993564243124908e+111
9.796155007663131187e+00 8.133977882780727953e+01 inf
1.703698775700120072e+00 9.802214292343188617e+01 1.179008590156528279e+71
5.451607986797998961e+00 6.541083288087959602e+01 4.174377144464116220e+155
4.419908958158429435e+00 3.274190155977669292e+01 1.246584066077404432e+63
9.799212845162161400e+00 4.760473004376775208e+01 4.770877949538132393e+202
8.767321719016901937e+00 4.459728125945343891e+01 1.684149959508394015e+170
9.963214565943674828e+00 4.242682055233352401e+01 2.615124574000998994e+183
3.302267689653302529e+00 7.599478198772956716e+01 4.573981156538845987e+109
6.875236516066074444e+00 8.696607139705037071e+01 3.362170941308651584e+258
1.804479814453992859e+00 3.462188283857589255e+01 6.675069055552164385e+26
6.879816776415801804e+00 6.039048776963514342e+01 8.986583421916116192e+179
5.758812524586908177e-01 4.072582438413663652e+01 1.761835381389547729e+10
9.894181142590467104e+00 8.765301590132547460e+01 inf
8.864244306756003056e+00 1.501183959424734127e+01 5.594951753207208615e+56
4.902659500724912967e+00 5.576744211783152139e+01 2.199850906215867577e+118
4.837691794707975390e+00 6.084961501297964048e+01 1.702317699125103201e+126
9.958635814637741390e+00 2.605788193596770341e+01 1.542118230165306369e+112
9.680050806975547317e+00 1.692441300116824721e+01 6.336550629820793185e+71
8.210734748253397441e+00 8.120739403864776307e+01 5.454625316943135001e+292
4.569135460386136716e-01 4.759921990613170095e+01 2.787429394575299263e+09
2.636151801942767658e+00 9.072853643552861058e+00 2.795412315444371414e+10
3.601563611816543720e+00 2.704854014101129067e+01 1.706797053200182011e+42
2.369469008567071544e+00 2.110305317274474035e+01 7.599918197073687609e+21
5.206395224411764389e+00 3.900347879185080302e+01 2.597585534297112810e+87
9.644928485165299437e-01 6.670532672553829912e+01 1.011092896002658678e+28
3.142974744948139332e+00 2.099636722604063621e+01 1.654110432462425901e+28
8.603870507492193953e-01 8.626670484825883989e+01 3.591312188200686150e+32
7.628821444958569842e+00 7.498671550217019899e+01 6.949939224557529204e+247
8.698678480208952735e+00 2.459036238399541929e+01 2.400729438678735021e+91
7.369451081312511143e+00 7.530867458998396557e+01 3.836141506306895198e+240
9.689913518795169267e+00 9.064456874537252418e+01 inf
5.130384446800826836e+00 4.105776580842393031e+01 1.078814478167964963e+92
6.478615000951487346e+00 8.833983895822447607e+01 4.603372195561485940e+250
2.042671447961537989e+00 5.096332630335309943e+01 1.459852641819279068e+45
3.331090136211578567e-01 7.884916701975532760e+01 1.899964510898310242e+11
2.336559882294517720e+00 4.157232899541934756e+00 1.733434435821383158e+04
7.418908996094314645e+00 4.915175455484572353e+01 7.398486842930431737e+158
1.908371560686104029e+00 4.226218462783063501e+01 3.888243117776469208e+34
2.094960605431169132e+00 8.105168419287727488e+01 1.096256643078896979e+74
7.111807818953609583e+00 2.259971024592096001e+01 3.634342085760223867e+71
6.870181295756486506e+00 8.523846931345890710e+01 9.707774403285016904e+258
8.611951681058144237e-01 9.478735856418863648e+01 3.414183645714544373e+35
1.971748401363269121e-01 7.371545395238587162e+01 2.107204035595479421e+06
7.181248394664413226e+00 4.968783928496722524e+01 1.313258178809600496e+152
8.628411488341567903e+00 4.911336061938082764e+01 3.570860378711698579e+185
9.217984462092377873e-01 8.085851414685923544e+01 1.629390243897130377e+32
3.713625484654437425e+00 2.895577223675855905e+01 2.285744224865876884e+46
2.097103718785190196e+00 4.449615469306952065e+00 1.157643431496963422e+04
6.081619605694764452e+00 2.141684885168951524e+01 7.396590324597581454e+56
1.624249908638526474e+00 3.218604800658219744e+01 3.269568549792608420e+22
8.890256503026042978e+00 7.493113059804272780e+01 2.765132783540510646e+288
7.419840897622918874e+00 5.311090948581189508e+01 3.332455026335721882e+172
9.732515603541067151e+00 7.430247902222340883e+01 inf
4.095285070039804687e+00 3.987309740582757911e+01 8.250797811771303517e+70
6.651428512002326876e+00 3.423929157693198988e+01 3.176180051143083557e+100
8.878263970385400938e+00 7.611561885876671596e+00 3.779190221831751344e+29
3.703104456639383812e+00 9.327362442536421838e+01 8.774562467719270323e+148
5.648114387483618160e+00 2.188091838492568542e+01 1.519097273873971651e+54
4.070236943423394038e+00 8.210664757978632622e+01 2.350668339639271557e+143
8.484078209659667635e+00 4.102337976410975529e+00 1.296323906008355250e+15
1.008654550655997822e-01 2.913698347724482574e+01 1.855300115286507534e+01
7.807310154959668402e+00 8.416207083204953676e+01 1.697210630517242643e+281
1.321873896257749648e+00 3.104603323688291283e+01 6.599295493243324160e+17
5.885831932831237623e+00 2.402346181308498529e+01 4.710665993438371506e+61
3.004390311837386918e+00 1.680189503385211935e+01 6.003037105999686140e+21
3.081508560048832113e+00 9.117798706071084780e+01 2.564361655444030352e+122
8.614581743162474936e+00 7.428918482273253687e+00 9.545088340841702923e+27
3.941297433920777138e+00 2.715734490745251861e+01 4.281150460729212088e+46
4.176509847230348349e+00 2.082438572572977620e+01 1.540497767702662002e+38
8.172637393297144115e+00 5.148207439324075807e+01 7.354904352529053044e+180
8.926899645270950145e+00 5.501931058692525767e+01 7.596863519843969738e+210
2.251948000786776927e+00 3.025379494115849965e+01 1.671745679473450739e+29
2.565218851105418807e+00 9.004823074980289732e+01 4.992996177862181349e+100
2.885805625624932702e+00 9.503364447297089512e+00 8.744270957422333984e+11
9.608669797183921446e+00 5.191267791390391295e+01 3.622287662247091039e+217
3.511775220123442232e+00 8.134797322081081461e+01 1.477311756251370103e+124
3.021241254101589391e+00 5.109924616715008483e+01 4.215176027242606897e+67
5.186311661184213939e+00 7.510023374979120092e+01 4.743711583662027163e+167
1.874023537784616167e+00 9.048911010215115880e+01 1.379178981872797045e+74
5.985821773834137716e+00 7.280648678613447089e+01 1.802192597121315023e+190
3.695845059766948548e+00 1.057209553361945353e+01 6.992878907187299200e+16
3.516846587752652020e+00 5.969386344952134493e+01 8.157103361719164932e+91
7.474700212232816554e+00 4.280564201358536280e+01 1.155086360438769611e+138
8.841069743445229889e+00 9.288136690806364015e+01 inf
8.846420518551221690e+00 6.479314651376395773e+01 5.272579121932095120e+248
3.091775306153801584e+00 2.899817570189117433e+01 1.407931305709855085e+39
5.601047009037371183e+00 6.197569448743256970e+01 4.386892836076580588e+151
9.181634767058570290e+00 6.149823083445195948e+01 3.813958772082609699e+242
3.282057361735933654e+00 6.848780460154834770e+01 1.395937496865012714e+97
9.871862198154758516e+00 7.374799917239978697e+01 inf
3.641960739906157762e+00 6.639297273620476858e+01 2.383970376464389585e+106
1.879218174428179955e+00 5.204022508910251332e+01 5.342344274821585000e+42
4.059674734641034455e+00 2.861791463225313947e+01 1.011691919788150704e+51
8.773479927584773463e+00 1.598487075223264497e+01 1.242768907831049827e+60
6.826718617510619147e+00 5.647417740952852228e+01 6.552954611977388085e+165
4.291537867815354845e-01 3.782140822559895810e+01 1.112994281250595860e+07
2.997084101033584247e+00 3.140541213289128564e+01 1.761375069410554367e+40
7.161378792631043488e+00 7.273795603328571246e+01 9.248722665796718731e+226
2.972306030849686920e+00 8.418313549410163432e+01 4.223347404603820481e+109
3.278413410642304626e+00 7.473875338714046279e+01 1.116089102942435272e+105
8.520056635722913496e-01 6.339730712148370628e+01 2.590586601662759630e+23
2.556670862313346060e-01 7.470801590972754980e+01 2.307059999074480236e+08
3.722957515695789699e+00 5.082228829913989188e+01 2.644842694002284173e+83
5.522754007730171999e+00 9.673486240253646429e+01 4.815989134235547672e+232
3.688219672416292561e+00 5.909546755336602075e+01 1.251459494535467938e+95
7.262561288994509923e+00 4.838809091654192684e+01 4.296898532778549971e+152
8.145803399981405235e+00 2.869793581379572700e+01 3.949331305952792506e+101
5.791571718810669900e+00 5.826562677233906129e+01 4.525709965114286219e+147
8.478108314668215684e+00 5.934625346188418860e+01 2.166591027552274697e+222
2.834019358781859399e+00 3.665288048117982811e+01 2.348880709472326916e+45
7.472358737334736212e+00 8.059457826972482053e+01 3.572663262138716778e+265
1.714535913204142670e+00 8.483777980850993572e+01 4.850188466886891206e+62
4.411395670998270901e+00 1.459147801296250258e+01 1.582199286909932962e+28
7.161979573183440806e+00 4.099614673032534995e+01 1.057462192824813189e+127
8.760058847089284839e+00 6.229608174564770451e+00 7.611016070307306464e+23
9.022630588494152448e+00 7.695340041310931412e+00 2.990597614710200080e+30
2.388998238262939111e+00 2.877097128770889967e+01 9.609069551502085864e+29
1.772419773034858093e+00 4.767525498827797037e+01 1.055971115115052056e+37
1.315182366290855498e+00 9.589828969679213344e+01 6.682065348289171051e+54
4.257189000412618718e+00 1.123269150348883372e+01 7.370015814123181834e+20
1.122463361196563980e-01 1.654097089902658979e+01 6.500767525430445559e+00
3.185669416219232275e+00 9.816620341487234214e+01 7.228092422238149125e+132
2.635755208446638687e+00 3.121796621570245378e+01 1.394064986505344012e+35
7.365289316271724118e+00 1.461087793405332746e+01 2.438859636778151693e+46
3.566277690155885693e+00 9.719924698000680507e+01 7.841952959966718596e+151
8.468138348212272959e+00 8.167125761176504284e+01 1.768654138134853663e+302
9.950409224407312792e+00 1.126317372762945190e+01 1.045194029147480246e+50
5.659331197072472008e+00 3.436639559892852702e+01 1.725391773037203876e+83
7.698258812327375189e+00 1.282980449652646193e+01 4.819179213808197348e+42
7.716364596196186199e+00 6.006844900685879196e+01 2.272099018959450353e+203
3.420870375389724494e+00 4.582167310938199734e+01 7.229263463826181970e+68
2.350671434303980512e+00 5.254828886479511141e+01 6.852278013690904927e+53
5.787935878899049591e+00 9.087510514864968059e+01 3.926891376532089504e+225
9.344025220780268981e+00 2.541851210642968439e+01 2.487778674501782074e+103
6.087483036226964295e+00 1.477700090565757485e+01 1.305501610058365470e+39
7.098830944153967870e+00 4.059966326068200004e+01 1.222266952178981313e+126
8.727588457106495667e+00 8.957108168470981013e+01 inf
5.708295631360821076e+00 9.664791533920093514e+01 2.412406725214822556e+240
1.589735391351654092e+00 5.400645010701329340e+01 1.267204099962636244e+37
1.447711715444229164e+00 8.143628702525209206e+00 1.452447138794230705e+05
6.936162700240099177e+00 9.878591282143979413e+01 1.381434790409177569e+293
9.659509512818688748e+00 3.768252843834584098e+01 7.202824629764591348e+157
7.265725686717287246e+00 2.253784430153556428e+01 8.083958331137990305e+70
7.000274185059626397e+00 1.665046871046835975e+01 8.729575356318915035e+51
5.944443143793879614e+00 2.693983744865882102e+01 4.257540805538128169e+69
9.554533833483278116e+00 4.038731040877821954e+01 1.239006851139760772e+167
3.988156306166133369e+00 4.046499934180581448e+01 2.447368837040216868e+70
6.403903009116665324e+00 7.191673419594378913e+01 4.345043750375780841e+199
4.821259108665985949e+00 1.169505226173661327e+01 8.572992641307490969e+24
7.201573220689438948e+00 2.357084287329732675e+01 2.926557006454596116e+73
6.773525530723055077e+00 3.041554866197234475e+01 1.713957352002529154e+89
9.519451804164871689e+00 6.790553843482233276e+01 2.076938833278257473e+277
5.470910954023036510e+00 9.732315172692771910e+01 1.081287880507632342e+233
6.861614666360503989e+00 4.856080284912877687e+01 1.331484580547408336e+144
7.481933359718440535e+00 8.580905146841858766e+01 6.104373282039517410e+275
8.448149034108503486e+00 6.744734664965939430e+01 4.265027823062452833e+250
2.758070668427115901e+00 7.266194346411857907e+01 2.585962133270528552e+86
6.282883091365621731e+00 2.019226322855486799e+01 3.398484764480669594e+55
9.942580370234392007e+00 1.599101647570041251e+01 2.189431337731818608e+69
1.987618904984937540e+00 3.346707819873343936e+01 1.507889439662754882e+29
9.671019906434313640e+00 1.588830255438355543e+01 1.152046745228463004e+66
7.976880302108603438e+00 8.650121809650146076e+01 2.852290224567270251e+298
3.721576793947555029e+00 4.106108103149051836e+00 4.503644688313988037e+06
6.732513080870634603e+00 9.153493976111973041e+01 5.966132494161774782e+263
9.132584074784093175e+00 5.695244719965484137e+01 8.755248357135834003e+224
3.587817612488588104e+00 9.950687691743307539e+01 5.362201719308942611e+155
1.814087781223365226e-01 3.107001157725675711e+01 3.194414214681025896e+02
5.551540930257162110e+00 4.780199781793806224e+00 3.879972574762038574e+11
2.276510629279694164e+00 6.989091380385690400e+01 1.588692631889587420e+69
5.957070741138932313e-01 8.393288692986519095e+01 2.696415329263695692e+21
3.920686481809021462e+00 9.662450471611229830e+01 4.184159748008717915e+165
9.230155275278278282e+00 5.209147682431586901e+01 8.837783343660883233e+208
1.771810892430747686e-01 2.091408215820977290e+01 3.990481891110460566e+01
3.527671957515145618e+00 1.498528732100139038e+01 6.770858765999296794e+22
5.097588348119469259e+00 2.947438619646107227e+01 1.707920608687161021e+65
9.856200066918328062e+00 1.697103753955698835e+01 6.787258867358319578e+72
8.091114522429583289e+00 3.871639400209598136e+01 6.112605304572906871e+134
9.361158687556594415e+00 1.219315173485691162e+01 5.935489606499874649e+49
6.486516556914181386e+00 6.879231859782454706e+01 2.298311121790473231e+198
8.722429430053900035e+00 8.197618403021122901e+01 1.296986430665778811e+308
5.981161309848086027e+00 7.967770875876918524e+01 1.380704068858368838e+211
6.358893161498613722e+00 7.310739992785251218e+01 8.375842744801891481e+198
5.468792207703870645e+00 6.934591493184444744e+01 2.816899927222713348e+166
3.646650622557817911e+00 8.928570928728363754e+01 2.273064398704623034e+142
3.944308910843143945e+00 7.829411702379597671e+01 2.827243901890135542e+134
4.247746004446288026e+00 8.561748137880736920e+01 1.082978805754007343e+159
1.763188176438153842e+00 9.865206791584735413e+01 5.913872648160013928e+75
8.104609815382701754e+00 4.951587206397799434e+01 1.120811285376312220e+175
4.995955534678020449e+00 5.379926685311518497e+01 1.528767408866859319e+118
1.459070773983387248e+00 5.202082964295958334e+01 1.415579656063596101e+33
8.823534590273380829e+00 5.460567951369397122e+01 1.826271645698032316e+212
5.632124259583839887e+00 6.528376253490455383e+01 9.236291111552613834e+162
4.479378512744905727e+00 6.430945282495275528e+00 2.101548126775348633e+12
4.076713509739618324e+00 2.367750748391264537e+01 1.628940141721386880e+42
3.320530121885871822e+00 6.231137694990974296e+01 4.773354046960390879e+87
5.300624369976562278e+00 6.209538033898330411e+01 1.859295960813073454e+142
5.895893145479552899e+00 5.640611405517913113e+01 1.463855231245062246e+145
4.118858230318301672e+00 8.282523706200599634e+00 4.224449255658996250e+14
9.908104518894196744e+00 2.837837834992471997e+01 1.214766218800446849e+123
2.705970332056509164e+00 7.329605095346988719e+01 1.295724619558957732e+85
1.919335210924155266e+00 3.186229396616650078e+01 1.145220572004415731e+27
3.209414595084966404e+00 8.971333575399390270e+01 2.366793682622958094e+123
2.500914442036072050e+00 7.261665562959129261e+01 1.283661908655021690e+80
9.325083501362795957e+00 9.954483040146429573e+01 inf
4.114688529327523270e+00 4.601936141528214108e+01 4.280931560925375122e+82
7.232240783210674095e+00 8.768999020273419376e+01 1.125378031385946751e+276
4.478180255572631552e+00 2.631117893501818017e+01 4.129454574573905195e+51
1.773970051030950845e+00 8.359465284830687892e+01 1.684122607084541816e+64
5.692446507234032893e+00 7.218702205561362462e+01 3.854864597680831264e+174
7.877860012642597276e+00 9.968583261112081573e+01 inf
2.705091477191271299e+00 6.691381442164289695e+01 3.520093775742543782e+79
1.373559711546460615e+00 4.713826566102194704e+01 1.214828125295360943e+28
7.653524134801321210e+00 4.280946257063263261e+01 6.919339750461111168e+140
6.107844929266766698e+00 4.328040008430800611e+01 1.666371218354786049e+113
7.515843037629513113e+00 8.473527820991274950e+01 5.636330531009038605e+276
6.682102133371964570e+00 4.860831823420772935e+01 1.700403024744421381e+143
9.189542250563233594e+00 1.639280625639237599e+01 9.273936169325834180e+64
9.774271444074368986e+00 7.875204478872194613e+01 inf
8.640502469742679992e+00 9.996835786390390410e+01 inf
7.416827533328490318e+00 9.979963061997344198e+01 inf
9.474790601186088068e+00 5.225341914489820994e+01 2.027082977982395251e+214
2.443634635492582863e+00 4.503444803137720953e+01 4.465567089173207522e+48
5.499111456855071189e+00 1.828651027666271744e+01 3.144996589714901899e+43
4.529789752232900923e+00 3.140730690635671607e+01 8.881301764729272675e+61
4.313506858030832447e+00 3.542618444395156274e+01 2.086119548328123825e+66
3.564849198010546338e+00 2.061487678838263093e+01 8.367652954087622153e+31
4.947018147489640860e+00 6.466777915064297133e+01 6.890428771860375698e+140
6.398235068644668289e+00 6.763435064645585726e+01 1.238112050836453477e+189
7.627135753661006268e-01 9.004406830249911309e+01 1.482477105024022344e+30
8.522814376236689249e-01 1.910688086529379603e+01 1.235452612247665599e+07
3.257205097253281778e+00 6.966835419566616849e+01 1.300557108466409430e+97
2.327149631114359352e+00 2.646567410153724609e+01 1.001137585231082571e+26
6.544251872658761293e+00 2.074232758388341935e+01 6.943370313267338388e+58
8.811261146917296116e+00 2.847876029463889225e+01 1.243928318182552095e+110
9.907570698253529429e+00 6.470069022926958269e+01 4.389733371429380063e+275
6.323115055911189941e+00 3.965424752352951998e+01 1.070643944595706505e+106
5.171305866610688362e+00 9.747408352855978819e+01 2.741612813977853992e+218
8.488370778173569775e+00 7.588145044606571332e+01 8.977080636962974299e+277
2.129740105974956332e+00 6.236481944319896797e+01 3.441553272763307434e+56
3.058462966206677569e-01 3.678134234766149291e+01 8.032355314109775645e+04
4.456243613534726755e+00 7.413147985069690549e+01 6.261935057667739421e+144
1.483583358134231256e+00 2.078809153241479990e+01 3.303679236456775391e+13
1.346491232792215387e+00 5.028000258901627717e+01 5.544895272566284768e+28
6.293567041085698754e+00 5.025337857234731587e+01 2.743080636568675615e+137
1.332958324505775893e+00 3.706408835721929762e+01 1.880040967129343459e+21
4.150226764305708471e+00 6.525767905995940055e+01 1.100508690950084636e+119
4.790595012132782493e+00 1.362717676927629684e+00 6.591051845310203134e+02
8.465001114860539744e+00 5.265261074351638371e+01 2.476425761005191191e+194
1.714782093099649352e+00 7.383825051642405413e+01 1.597854243039597439e+54
1.093775731322482514e+00 1.082217925128790803e+01 1.323971255796701880e+05
3.159307678249224427e+00 5.230390439160956362e+00 1.392113822392634861e+07
5.510686895033150456e+00 9.606317603286606754e+01 4.804107289410385882e+231
2.695377382152684298e+00 3.931098668622115611e+01 1.148603525839613843e+46
3.464413455040821876e+00 5.396377396189948428e+01 4.156287173911409782e+80
6.508921494092541060e+00 6.037699694715524856e+01 3.587621434021571314e+167
7.459654906852523304e+00 3.180963861652532287e+01 3.961600476931180447e+103
9.227482664362053555e+00 7.007063937224152994e+01 3.485095427039316394e+280
4.679904346028640028e+00 5.522923578681537293e+01 1.473265065690796358e+113
2.888095217518729108e+00 3.284927385880814654e+01 5.746208006149856843e+40
7.622633875240397039e+00 3.291629093332329603e+01 7.908349885669906228e+110
8.372140473528874027e-01 3.066583405190563028e+01 1.338677032812037354e+11
6.755326222505257938e+00 8.557479086906324994e+01 1.345604288770791620e+254
8.917456876237594088e+00 9.802211283991847779e+01 inf
8.240864491168325756e+00 2.447334043976206530e+01 1.177517717808382072e+87
9.263097032851715928e-01 4.350460791001518146e+01 1.949646889572662080e+17
3.411977226417321596e+00 8.623469903367634970e+01 5.323693013423456380e+127
8.447847287134720995e-01 3.911331338703283933e+01 2.336023445072655625e+14
1.889659397482326364e+00 5.913552650007129152e+00 8.024649189559524530e+04
7.407515657852245639e+00 3.773741303793757851e+01 2.069576740146867360e+120
6.566118565787887107e+00 7.771494021854827849e+01 1.085072371113028766e+222
1.409173473474171212e+00 6.179185866132249316e+01 7.167270831423827245e+37
7.990085933928544604e-01 9.274091551761412688e+01 1.755938641948349175e+32
9.270388153087061767e+00 4.762859866076768256e+00 1.770293665682087526e+19
2.236366997979072568e+00 9.057910864323703493e+01 4.614664125307366385e+87
1.249151840415549497e+00 2.372250791775290324e+01 5.394281884021297852e+12
4.859153627683684418e-01 5.374352800816422082e+00 1.379609152607694611e+01
3.225713401218320842e-01 1.949989475738895095e+01 5.129223192139058938e+02
9.499516604048565682e+00 4.094601069114717973e+01 3.603839098923403241e+167
4.794655022191681049e+00 5.151802396134002748e+01 4.927014547413735571e+105
4.907012189590183482e+00 4.769194312927152168e+01 4.148242755606019589e+101
2.964800849394012561e-01 8.326788544360105959e+01 8.222625976824668884e+10
6.510354812183290818e+00 9.983150352454009635e+01 5.909816836960965585e+278
6.949662132971350381e+00 2.395554546475820246e+01 2.671566249719631171e+71
1.063822845956213792e+00 3.405366231297154656e+01 1.431224175622373000e+16
8.317061954729386031e+00 4.894763305245457730e+01 6.750458784154775333e+175
5.788544511993429786e+00 8.942680865174045834e+01 4.126269486086644308e+224
7.270717990086102311e+00 1.591521808025419382e+01 3.349000881320790029e+49
1.215929879552084314e+00 7.634462097131986980e+01 2.604699186274098583e+40
3.983830598918407517e-01 8.545239072369916755e+01 5.318899547247439375e+14
7.948622464578792846e-01 4.728120403466886046e+01 3.662006697425215200e+16
3.906330414381775640e+00 1.701343407910561467e+01 8.317374736414635802e+28
4.804714199109088923e+00 8.203409576160218819e+00 1.656747337905617920e+17
3.518835458176754027e+00 4.198305868332488444e+01 7.774133788881465444e+65
7.014293799949089525e+00 6.265510148379643596e+01 7.063306914212593014e+189
8.444495459424087969e+00 8.805400191341138338e+01 inf
1.966994057640004678e+00 2.419887839779744532e+00 1.296018822408513245e+02
6.601846590806069059e+00 9.345451389903606909e+00 5.953738255756987177e+26
1.652352802780011842e+00 7.413259684284599871e+01 6.473555136807152862e+52
5.345150381343884760e+00 3.129292885296269588e+01 1.050514775392498008e+73
5.218870150993418555e+00 3.787480799383216379e+01 2.614031985816120750e+86
6.478119086936088067e+00 1.261561444101426233e+01 1.380491768846421242e+36
1.567663066200225108e+00 4.836395162460487995e+01 1.349548787756770093e+33
8.342950885366251512e+00 3.783637102335078595e+01 2.148032420378542580e+136
2.644172807755506227e+00 9.499050648460814728e+01 8.805861774329826235e+107
7.801665371703758289e+00 3.719479434234396109e+01 1.243438720912422762e+125
9.820297826168763677e+00 1.782585361341268992e+01 1.116432706894216135e+76
8.002142210332022998e+00 1.368348841032725360e+01 1.152488011076511675e+47
3.386751073905961640e+00 6.622827723209499595e+01 3.370176122533380526e+97
7.270065276104046958e+00 8.261207911893309586e+01 1.121285516137816325e+260
6.803959083150227016e+00 5.653478980695472167e+00 3.638160897350977600e+16
3.671579744069497497e+00 5.836220988549230526e+01 2.507955526420839650e+92
1.815184427939515288e+00 7.923090348757496315e+01 9.532023370052354363e+62
1.621500553073069506e+00 6.452910470422131084e+01 1.671760922108927556e+45
6.061926435698842042e+00 6.854954660331301852e+01 3.805662643676708307e+180
2.215601719466814501e+00 1.724472357056219707e+01 4.382257114524703200e+16
8.451542789676636858e+00 1.114473534189660775e+01 6.876379513428358529e+40
3.279952904543992798e+00 6.857942834557653100e+01 4.467325710207479612e+97
7.646822003607427476e+00 6.434212881264313921e+01 8.637264463076038904e+217
6.182015788999024153e+00 2.020841989406519801e+01 4.602288119463891912e+53
3.086307656667083066e+00 1.072413088089178856e+01 5.692383782057163750e+14
9.129565719303707194e-01 2.289050622904698429e+01 1.226021921549145460e+09
8.566629483330816086e+00 9.966577127448807971e+01 inf
7.447170485493757930e+00 5.335722854713143448e+01 9.002208639140579433e+173
4.643701990853243089e+00 2.615336575962331622e+01 7.831159651108580612e+52
1.825890575042867114e+00 4.916544649733977934e+01 4.704528976902266030e+38
1.610170794178004350e+00 7.891062487545126203e+01 6.916562443087815356e+54
7.346643708098550718e+00 7.666819890416003602e+01 2.901507980786233714e+247
5.640125233708707775e+00 8.698605350909130607e+01 1.271791460705913927e+211
2.122572833252130309e+00 5.131612653836052118e+01 6.582744684310777166e+48
3.318391014437772846e+00 1.368209396554211388e+01 4.783986900036993843e+19
9.779784443599760513e-01 8.641305611677432807e+01 3.502635639639734190e+36
4.158156702334254717e+00 9.961703302380377067e+01 5.449470524647207474e+178
4.327037006365171301e+00 6.616643443755233278e+00 2.175835137001312256e+12
5.405376271520621501e+00 4.601311673522432244e+01 5.504547955145932572e+107
9.010475699775062353e+00 9.465238878721689275e+01 inf
8.088907122750466527e+00 4.872462955909145421e+01 6.042567650646252730e+170
8.455022041182747472e+00 5.998198159315836619e+01 2.346001852019372058e+216
6.214226716560982133e+00 9.733507561157371413e+01 2.766638504097993834e+263
5.199652453413832198e+00 8.647194839267665145e+01 1.671327795335470188e+194
6.175728507528313926e+00 4.276810423288696938e+01 5.639387217269788826e+115
4.173276044739136381e+00 3.657405479581471042e+01 7.872878374795430044e+66
3.102725608802884505e+00 3.924604286177222434e+01 1.920860108383988439e+52
4.298611394798916852e-01 2.452482136179042627e+01 3.488766765206304990e+04
1.913062931913266818e+00 7.635205147828607153e+01 5.928090501215817252e+62
8.599926142670797802e+00 5.970733252359003984e+01 3.938583284474482929e+222
4.270209687772485552e+00 5.324391055993736899e+01 8.445023698709607762e+98
9.925919524655487436e+00 2.951533434846276194e+01 3.259951097385336338e+126
2.807003836258654683e+00 8.291501165089330527e+01 1.287627450277427390e+101
8.343248121935380013e+00 4.917034522447481493e+01 6.694861576569623209e+177
9.120699482762276489e+00 4.670251555492099982e+01 5.874922329475861270e+184
1.072510852299584982e+00 5.458458651957892727e+01 6.543955352685189045e+25
8.082745596746891081e+00 4.921989805126004569e+01 5.225590932361731857e+172
3.907287946322020922e+00 7.425138861041838823e+01 2.404671717059061833e+125
4.818160845789638103e+00 7.728192203375895986e+01 2.125033625126207251e+162
5.927748539990188803e+00 3.701902384074465147e+01 3.319242612328201667e+94
8.386152109505816910e+00 1.547987835486611097e+01 9.681816930668729802e+55
7.006626973175176687e+00 1.791363973131890930e+01 7.144748569543506954e+53
7.162888899512003249e+00 2.965631914128882229e+01 2.222925306960348188e+91
4.288664181496817385e+00 3.100020789729049753e+01 3.589873416406066578e+57
7.662175915277360083e+00 2.147997815219843787e+01 5.981154003694529129e+71
9.532993824959811846e+00 9.843421960839134499e+01 inf
8.104628042379886210e+00 5.466054206795169534e+01 5.943636576093497518e+190
9.001231237286191345e+00 9.860297445323291754e+01 inf
8.237210090453958244e+00 5.425302408168710144e+01 9.739586375643371755e+194
8.024421443016569455e+00 6.643832784202376729e+01 1.257870410678090316e+234
9.141908355477138315e+00 5.024301831861661327e+01 2.698865402487137623e+195
2.985744050590198873e-01 5.831566604125180220e+01 4.038204428552002460e+07
7.659639055328497648e+00 3.184206715563853152e+01 1.313824805841451313e+106
1.504886761899635106e+00 9.825423950767411441e+01 2.084499344863247060e+64
9.334549001130197254e+00 8.107429309894547487e+01 inf
6.836707821319660816e+00 2.860796638424499960e+01 6.772731613292974296e+85
3.240166553692173768e+00 2.969607818979331526e+01 2.336805398764730264e+41
3.955065372655269140e+00 2.644453218440141029e+01 1.472760407904246837e+45
6.226015932366271599e+00 4.927394783555706681e+01 1.056208555969756036e+133
7.611607794910529634e+00 9.685307464133181554e+01 inf
4.438633152481544997e+00 7.232109615853538287e+01 2.205884063393179944e+139
7.826870401644703268e-01 4.638484127185446937e+01 4.423788122024258500e+15
9.135390211377835357e+00 4.313433275023687230e+01 3.258836979057563904e+172
7.545974117864122199e+00 1.729930063886066804e+01 1.281243394122105943e+56
4.019606565791345787e+00 7.435105860034667558e+01 1.692112710215021246e+130
5.408845426577363114e+00 7.343289555526733636e+01 8.683149254547767711e+173
5.115733645135861707e+00 5.460638547894230044e+01 8.765658160527853384e+120
8.955105305696745788e+00 5.842235231542141527e+00 7.463106692007544540e+22
7.993874677861989575e-01 9.755948150723386902e+01 3.916353387353828959e+33
1.094874544402844707e+00 2.489240686562328975e+01 7.399290252159809570e+11
7.752652420763321395e+00 9.893383090967208204e+01 inf
4.900984746986422280e+00 6.479973144068095792e+01 5.406156192825302222e+138
3.404721497413334852e+00 7.269460260613840319e+01 1.776340467788106266e+107
4.582474368272809961e+00 5.873274450984896333e+01 5.211830158001313188e+116
7.444816431630256304e+00 4.684265921995175574e+01 3.915703730850852897e+153
7.561253660748954886e+00 5.848715455527241858e+01 1.567486337929609956e+193
6.307241741929153989e+00 8.808161276879752677e+01 2.391060671771945628e+241
5.273992649102549279e+00 7.048719742282351319e+01 6.142219133410437442e+160
2.972002758936219013e+00 8.727681248563727934e+01 1.572979978198974600e+112
3.665679833430576906e+00 6.935625635433953562e+01 3.113786590800346844e+110
8.046278657728995753e+00 4.791741477444166009e+01 2.118910906524188134e+168
7.411873672328218809e+00 6.324290678438956093e+00 4.404322991730277745e+20
3.579019600098780174e+00 4.665331462986526390e+01 3.720950854177605630e+72
7.638061142037646967e+00 5.900181321452953398e+01 3.458453268678866086e+197
1.827653729882555256e+00 2.817435380680456092e+01 1.110212967899756233e+22
5.265829849528822493e+00 6.093181172022450198e+01 3.105439522233174307e+139
2.467806216655688889e+00 2.480712849115928975e+01 4.189690308439537629e+26
3.734781456598288418e+00 6.265583012595135415e+01 3.940023471268298049e+101
5.491775544248999052e-01 7.189936948901187463e+01 9.692246888649163200e+16
3.117293549355242277e+00 2.139107929841486566e+01 1.325584188696047729e+29
2.422984653432869173e+00 3.948787917542285086e+00 1.303025532404340993e+04
8.418701272638934086e+00 7.218419461186539365e+01 1.334963607973165897e+264
1.419555635248582748e-01 2.237716755400511204e+01 2.404522513859232191e+01
