2.234844670600278249e+00 9.820956170088403780e+01 9.813103335412391992e-01
2.666650512034027809e+00 5.174072362919027768e+01 -2.260590062634112718e-01
5.324329762121799092e+00 1.311797327611587960e+01 6.525150521216207533e-01
1.611752108222826108e+00 6.785765292837589868e+01 -7.781596115671249869e-01
4.555057670696953664e+00 6.023257811838763587e+01 -5.537420293416724926e-01
3.158941936427476449e+00 2.952910456839905606e+01 -5.838922033482039087e-01
6.308857184392160811e+00 7.220006156381731444e+01 -9.621212745623468621e-01
9.788843889237393014e+00 5.658134005285682555e+00 -9.056355076643008983e-01
7.420365870277965126e-01 4.382607010049702545e+00 -1.702825465905754287e-01
3.732184831166144967e+00 3.179878099040614003e+01 -6.475625959468570558e-01
2.187923080941096110e+00 2.562298657825895631e+01 3.210963014566089457e-01
7.552084274366334782e+00 5.889538181479054657e+01 3.658683381368972865e-01
6.924728567584907069e+00 5.532424463016970151e+01 -9.934140240778270847e-01
5.812118411572309462e+00 9.889052403552874182e+01 -2.879339138627391437e-01
1.018600016818587806e+00 7.347912632078150352e+01 1.607468749663180374e-01
9.523108699129492649e+00 3.481102491480500305e+01 -2.601569710847482786e-01
7.663882736948229635e+00 5.875255676894657597e+01 -6.556888638704617689e-01
1.977751667583795170e+00 4.557882279674026194e+01 -1.860762474760116747e-01
8.510398124122760422e+00 4.827746627349832664e+01 4.887118033589983868e-01
5.312770827933803730e+00 2.073598430460519282e+01 -3.463382876013733069e-01
1.318298489270430363e+00 2.630212120376464924e+01 -3.085042077591210741e-01
4.615378929835291189e+00 3.637340942320673065e+01 -2.588362822767285021e-01
4.065790044223400734e+00 8.070056245633548286e+00 9.960123719011206855e-01
8.359073397799637206e+00 9.831361321504323314e+01 -9.784423284647209007e-01
4.818243107180509632e+00 3.594336246644164845e+01 -6.698843396885987289e-01
3.135389487409018905e+00 1.102633896375842859e+00 -3.059162467040706934e-01
3.809125996778292667e+00 6.198784193842166168e+00 -9.569710203502261869e-01
7.838635924004491162e-01 3.882793300955509785e+00 6.937455209878445883e-02
1.885596808692965309e+00 8.444648279537449298e+01 9.966542350426890184e-01
6.756764697064908676e-01 1.737413840654632935e+01 -8.501462690691867774e-01
7.436719698401457634e+00 7.210508997648483387e+01 3.531708187737613303e-01
1.279260354264595279e+00 5.137425524232516949e+01 7.056862576471174542e-01
8.451449544102025868e+00 7.985358536856507783e+01 -9.846289115951759596e-01
7.942025933604776711e+00 9.116019639154063725e+01 -5.401183452884701364e-01
6.571021817808074594e+00 4.250911190097667713e+01 2.548400822561997306e-02
6.949067513444536104e+00 8.571966633624386134e+01 -3.654880650820025445e-01
1.041000296919788903e+00 6.762885991918550133e+01 9.060897212847249804e-01
5.260200823508530910e+00 8.419561199491046466e+01 1.183516789926751939e-01
1.997340782506890289e+00 9.710259502882299998e+00 3.588830520286642733e-01
4.143383203847850638e+00 1.180584436785321678e+01 -7.471981275841065306e-01
4.228175258044351459e+00 7.837159605272258034e+01 -9.983757076201594804e-01
4.348638117126476743e+00 4.264360441503842480e+01 -4.331299073089336926e-01
7.497059272064084290e+00 5.317553894650254875e+01 -3.133368703468755040e-02
3.948320472463226594e+00 4.747381942642677899e+01 -5.049836726813780041e-01
7.573803855314937827e+00 6.798139518924602953e+01 5.034384477135314118e-01
1.177383988032850493e+00 9.177011856159418812e+01 9.223156442447462133e-01
3.961820084569916300e+00 1.518710232204886523e+01 -2.637681974521154937e-01
6.504016988597522975e+00 1.026132328674395566e+01 -2.964512879819934943e-01
4.497281688999132498e+00 9.509154639353275229e+01 1.193460814371987977e-01
6.511401305220973157e+00 4.724113134606457010e+01 9.991752844422173707e-01
4.728164519432370483e+00 4.986537078823729985e+01 -8.154414869734929461e-01
1.543708792390411810e+00 7.093515115544235528e+01 6.729367014997978957e-01
2.099608971437123550e+00 4.647928685934770954e+01 -9.116183775611423901e-01
3.307826583892997885e+00 3.871020383543621080e+01 7.506928944409070326e-01
8.034485523952559660e+00 8.275278877287181700e+00 -8.612329678323585869e-01
7.460852231997598949e+00 5.398882701427000086e+01 -8.786693575024303593e-01
4.306266208918297700e+00 3.602216863289567073e+01 -8.177181659956822557e-01
4.893985628159026824e+00 9.159798432890580600e+00 9.767063263549659036e-01
3.911731042494665189e+00 8.020299334485423515e+01 -9.599430175787128094e-01
6.028239824666086655e+00 9.369637703751988056e+01 -7.177199999790003782e-01
8.469978701395234566e+00 9.410102275776540637e+01 8.651688673618622705e-01
6.776218932596639100e+00 4.305079467818834615e+01 -6.796678461037529706e-01
1.094796568502603429e-01 4.784640685860998843e+01 -8.979762536303984577e-01
5.894130705722008479e+00 5.896008812319200132e+01 9.710116372520832817e-01
3.938654715698786557e+00 6.816673127784358144e+01 9.467320896636919336e-01
7.559747122633152516e-01 1.074376803784770473e+01 9.743831026410982865e-01
3.620597488637519401e+00 7.198723520778128204e+01 8.814773660443021852e-02
4.472495757891726598e+00 1.957554350090014950e+01 5.882276347236931047e-01
2.351083397845396217e+00 1.964453172187682739e+01 7.305601586401554437e-01
6.062888585472267167e+00 4.985366185029890573e+01 3.604718261143092795e-01
9.875985505418023891e+00 1.215313366609697887e+01 9.148903561900518788e-01
5.468067609666150020e+00 9.739792378388268901e+01 -8.515552512373323335e-01
1.037670365853630816e+00 8.345585043828454275e+01 -8.946206359555506360e-01
5.381144517152390172e+00 7.612101496054744132e+01 -9.971846970265116905e-01
7.671255993844390275e+00 6.710906065073177729e+01 4.806226506557991773e-01
2.382784861021701950e+00 9.969933727955064739e+01 -1.007124296766766097e-01
3.995852878697292443e+00 8.100554874324544130e+01 6.634916265759367715e-02
3.738026753264478419e+00 6.011771017724323229e+01 -1.992321994289244225e-01
1.550756770994790923e+00 5.752532694809364244e+01 2.782849403561440949e-01
2.025292560731726255e+00 3.027263272926926874e+01 -9.919031572353534942e-01
1.792718311756415606e+00 6.023105050338781297e+01 -2.210582265487536224e-01
8.386548137975569972e+00 9.564614016953856890e+01 -9.773432182926454770e-01
6.740371779508675942e+00 4.242845917792799781e+01 -7.888702197962509377e-01
1.840403588094911669e+00 9.394884410429669686e+01 4.896236213511119262e-01
7.182540329555615166e+00 5.997188913435447688e+01 4.331737002377047951e-01
1.694326271085542013e+00 1.223080179276362855e+01 9.745391878455966772e-01
4.820152488248181655e+00 4.674853251773460272e+01 8.409761181037148647e-01
9.519022477017540229e-01 3.856866682657899759e+01 -3.524280417337696258e-01
9.167585717725968308e+00 5.767186452707265687e+01 8.244520634116242475e-01
7.287097116462673441e+00 2.087404289922401190e+01 8.626165375256731327e-01
1.226422021370782600e+00 7.135484959981236841e+01 -9.010124043747853584e-01
9.899465950616608723e+00 2.591637031508319211e+01 5.299626016902854175e-01
9.932218343289163087e+00 3.917501196790356488e+01 -8.888662019906290457e-01
1.450667652838631083e+00 8.509806788324290494e+01 4.941558866017523033e-01
4.195438512513036677e+00 5.424052247678857697e+01 -4.718219484538933861e-02
5.938421834467394689e+00 1.352093439269274722e+00 9.947525460260999708e-01
4.469755503196763513e+00 3.313596784234461268e+01 -6.017569736515332446e-01
4.045429203235615390e+00 8.331143842030080293e+01 8.463160535985939648e-01
1.457836916386770598e+00 8.109464915504643656e+00 -5.345171173870306713e-01
9.612615512196422074e+00 4.501649142397995718e+01 -9.558744966016383682e-01
6.851176491697239967e+00 9.091984459512289618e+01 8.633064395196973217e-01
9.143010060741170619e+00 5.071306272349887934e+01 -9.993075110980826903e-01
1.337008112831572282e+00 4.638160405608751802e+01 -1.579500524537197637e-01
4.793090768342752384e+00 3.265268326979569924e+00 3.363047964213184415e-01
9.046958891895798160e+00 9.922843603448413319e+01 5.178417561310765665e-02
1.153205260372208940e+00 6.827801765551180324e+01 -9.225488549966844865e-01
3.281423670782567026e+00 8.105132170156659299e+01 4.128846610724463129e-01
1.283722406168594510e-01 1.417943752188035766e+01 9.746127941876937539e-01
6.839701386178767883e+00 9.919083161281072591e+01 9.321525813396620563e-01
1.201665151906735396e+00 2.811735825011858481e+01 3.415221220773948518e-01
8.623688324161461471e-01 8.065377917842883448e+01 6.503938136762794642e-01
7.895245859250556109e+00 9.881385904451474289e+01 8.911307715602395652e-01
6.202475697985896375e+00 9.871812422662230802e+01 2.029531718900610265e-02
8.815322987772077568e+00 6.417106817266508756e+01 -4.312042594104415483e-01
2.323180149265736461e+00 4.008973898222542687e+01 -9.777079849941050504e-01
4.436892126610344711e+00 5.527492356437728915e+01 -9.999027168011462852e-01
8.657118439436597868e+00 1.112294966585351208e+00 -2.176604041313906779e-01
6.161939243141916656e+00 7.629540393048378633e+01 8.863947958072850852e-01
2.768433901008334974e+00 8.411650637116984797e+00 -8.490748154745707543e-01
3.053762660801022211e+00 6.168426565326983280e+01 -9.871241470306274524e-01
9.405438059087137814e-01 8.714236033565907746e+01 9.910940517072104328e-01
2.611049836954911552e+00 9.898098118537485846e+01 -8.297997370317236054e-01
4.453668771488864309e+00 9.434912617025764447e+00 -6.563134283993683482e-01
2.460618425521284625e+00 6.537421396835145515e+01 -3.185685456956204309e-01
1.936744853078425921e-01 7.698869795516145587e+01 5.522320818153276800e-01
4.139030278388060147e+00 5.663230199512006635e+01 -9.793488895959223672e-01
9.788823574142991646e+00 8.532152666131933927e+01 -9.994104763850318873e-01
5.284701101320746552e+00 7.603796184945382208e+01 8.135114253901295500e-01
8.037603239882530559e+00 2.415864695897576908e+00 4.304496154871000346e-01
4.723490546158342518e+00 4.874160481841525439e+01 -7.538472356884295955e-01
9.553668386627125031e+00 4.728612343270497576e+01 -9.243362053780442844e-01
4.543034538085861662e-01 5.139803971167786756e+01 -9.812271531258620616e-01
4.647158456821764538e+00 7.536158928217730590e+01 -6.894457519895769160e-01
4.832114585222416991e+00 1.250146107965010067e+01 5.145532457696218032e-01
5.002368416955270014e+00 8.909204134283480414e+01 9.556260395243546535e-01
7.235061834754463739e+00 1.512175140502528770e+00 -9.999967265517618609e-01
3.544276245973288386e+00 2.753406181828372823e+01 8.526738535910028949e-01
8.523144528299701150e+00 6.059901743134475538e+01 9.247744307865366498e-01
8.367845857205567839e+00 1.523658832960876985e+01 -1.851741934022734792e-01
1.226486784847951927e+00 6.510042889063203120e+01 -9.953292205531130143e-01
1.377890037157620595e+00 3.755147158970592614e+01 9.412687828412239499e-01
7.344465123749959190e+00 9.015946102308640775e+01 7.974074736572765720e-02
2.588220425541261083e-01 5.421500052296573813e+01 9.950649707558375523e-01
7.262314238374934838e+00 8.100747289657743977e+01 2.336859777583119857e-01
4.102648838449463042e+00 2.827325624523186676e+01 -4.809344701599878591e-01
1.481811220926976258e+00 2.421552481413909064e+01 -9.758358846491256289e-01
2.420920512429702409e+00 2.032600118575310688e+01 -6.428526575908913854e-01
6.535279272908364412e+00 6.903992393410464956e+01 4.981739295289511205e-01
4.673365681080055012e+00 8.976214506230324730e+01 9.500097419496997819e-01
3.976615916289421016e+00 9.897416836400635987e+01 7.594980556128116955e-01
5.329639163345190056e+00 9.835292465257676042e+01 1.675664140309995609e-01
3.807990082385320552e+00 3.568918736807403747e+01 -9.992651718671817784e-01
2.381148863546592942e+00 7.481493433241573143e+01 4.434511839102718289e-01
3.226594668970816926e-01 1.291403478805212757e+01 -8.549441333938480048e-01
4.581823090287151068e+00 4.899501185072023901e+01 -9.059885752128310488e-01
2.188388209630085068e+00 5.632719206614998342e+01 -6.444740683858048991e-01
2.495553744426078691e+00 5.899336424451256278e+01 -3.706082866454672997e-01
7.770071545233109944e+00 3.093391871841423324e+01 9.986600126177531678e-01
1.255770032361413602e+00 9.390000907393090301e+01 -7.258993664924001665e-01
3.927975955929976504e+00 3.244693524092976133e+01 9.169855517778925380e-01
5.600420785005738367e+00 5.796372044796695633e+01 2.000304687867069664e-01
4.935504163281466461e+00 9.215692034020676715e+01 -9.399563205661259913e-01
3.583878754416078838e+00 3.170640485115180240e+01 4.174394853073932765e-01
4.212415274524671460e+00 3.210172901157507397e+01 1.471738757348719506e-01
7.887427905708956466e+00 1.481682177639890341e+01 -9.991214718652923210e-01
9.472742655784211152e+00 7.201981223655012343e+01 9.618613870738149663e-01
5.843561291704564731e+00 9.714900664905056260e+01 -6.837578041519059013e-01
2.616402366592166739e+00 9.411389045708712331e+01 3.646495205225172009e-01
3.370733640324708347e+00 2.206083352792321151e+01 -9.903924008511633126e-01
9.373525149906914322e+00 7.080695621057728317e+01 3.108361290250281073e-01
8.114970367647408978e+00 4.517597527721634521e+01 9.517584251667936535e-01
1.552286255581755703e-01 8.944292045552866455e+01 9.965505836351910007e-01
7.002153717298932989e+00 2.761953754195475952e+01 -9.923847473588879309e-01
2.613527957176700500e+00 9.905267426027253919e+01 -9.797515012503431597e-01
9.042494206369095622e+00 5.964055118543208778e+01 -8.054661417231202547e-01
3.181830641690647443e+00 7.627541726858257221e+01 9.815283843333496572e-01
2.906482216792606099e+00 6.924432860894918917e+01 -3.994907186160926993e-01
2.740800486550683868e+00 2.739159704871190826e+01 -9.387899816342862858e-01
4.062710630037513759e+00 1.616236175179435719e+01 8.397569541745337762e-01
9.637288226075897413e+00 4.556613078560751973e+01 1.435290938325975985e-01
2.235194207854245552e-01 7.345585306971089778e+01 -6.100693552817076926e-01
8.744435640129957221e+00 5.000283304772328741e+00 -1.069632967117446348e-01
9.423330904961755294e+00 6.790232235190320864e+01 -6.527258859976472483e-01
2.094257180486835512e+00 5.332462500164933061e+01 8.159008945791721423e-01
5.640636704133163093e+00 3.528215861612962811e+01 -8.208648684407026108e-01
8.829780299915142905e+00 4.277082136805708501e+01 8.174804976049814265e-01
9.312528361839175872e+00 6.669391472823092215e+01 -8.492185780789529570e-01
4.045397299342288200e-01 5.287991724572304975e+01 8.812026246859561152e-02
2.623928078699302890e+00 9.532790075881028713e+01 -6.890447254633659258e-01
6.363210326389996396e+00 3.539995156878762828e+01 -8.253723174075389135e-01
7.004789030397789773e+00 2.850070496200431691e+01 -9.582490045899386688e-01
3.539429893087743029e+00 9.354375035753502488e+00 9.975576417730519507e-01
8.917631273973224637e+00 5.926089118098519037e+01 9.241820490986742964e-01
4.778494445676134461e+00 3.485034970909743901e+00 -7.704406707151739697e-01
7.000976511342720698e+00 4.597917070829768704e+01 -5.960302493570436289e-01
3.422921157404259951e+00 9.252668221646904101e+01 -9.804754369222944410e-01
8.283808869001380026e-01 3.885430655227408181e+01 5.475641174420318169e-01
1.669225998061365068e+00 5.320090527928460489e+01 9.648701679232857265e-01
7.908565226442119567e+00 7.651035237941461276e+01 4.479098744196284287e-01
5.835767641701218977e+00 5.049883992721468928e+01 9.547369427680845178e-01
4.449308895051619750e+00 4.756052105329877655e+00 7.077389581346620329e-01
9.000940979537801923e+00 3.349157055858194809e+01 -6.122654135997507296e-01
1.570773547578299567e+00 5.557029988105372098e+01 -6.994747427031603459e-01
2.609791361010549426e+00 8.986834844420211255e+01 -7.800834359940133078e-01
5.947685940898929324e+00 5.257333513934516844e+01 9.859280152903810990e-01
2.069716211051834787e+00 4.401434085623014880e+01 9.523816333388139821e-01
7.227738093135120501e+00 2.343507150631856106e+01 9.685290928263945442e-01
3.641926610637882256e+00 7.770748040257623757e+01 -9.739108811768734109e-01
1.105090708237415759e-01 6.659501652287934803e+01 8.547566513740967320e-01
2.457681582745495419e+00 1.213608938515391067e+01 -9.534981831489530713e-01
6.120418778259550940e+00 1.906269730078174618e+01 -8.523958000069569163e-01
9.123528835342302301e+00 7.495202556465320853e+00 -6.670325302821186186e-01
3.692959467479056457e+00 5.351019979913226976e+00 9.097769440028717902e-01
3.283412713106566461e+00 1.720290168814971654e+00 -6.011900709419122357e-01
3.212005400327442306e+00 7.927755212194233536e+01 9.983996843224013373e-01
7.037764691651537063e+00 7.604041128961981144e+01 -3.088496409679439281e-01
7.310339848483597969e+00 2.119417281829651856e+01 -9.437733828278745962e-01
2.038827648338111587e+00 7.137625529149374870e+01 9.658965825875237554e-01
1.497193081073690646e+00 8.008439519201455425e+01 -8.371198415510729962e-01
5.802917753319877470e+00 2.853230433827171453e+01 8.839080696182286534e-01
3.813776680835151422e-01 5.866163273704746217e+01 -2.530982432428189877e-01
6.104579425348575228e+00 9.050062019113143208e+01 -1.759170035965269274e-01
2.171262364109491916e+00 2.056271858384538120e+01 6.707158644803721259e-01
4.734335334123055183e+00 8.137561465866311039e+01 9.644999470342637826e-01
4.808657284241840024e+00 8.416988187882978423e+01 -5.704188999025745499e-01
9.101572834956085600e+00 4.671268420803837529e+01 9.546445615367337156e-01
3.824613077092410940e+00 4.722957628922105044e+01 9.833158143266919338e-02
1.664015005293248306e+00 9.165811530598597301e+01 9.623594388551619527e-01
1.013601791896593829e+00 1.356814160106834777e+01 7.823520803805452672e-01
2.364760034001391453e+00 4.157433242816114927e+01 -4.073966060675522916e-01
7.778844488290207693e+00 1.185816623199901798e+01 -9.727348206186567925e-01
9.375237593595590724e+00 4.652800616359516539e+01 9.164641389756241763e-01
7.655531163943873452e+00 6.763142456965907101e+00 8.116800055348393217e-01
6.871085109502959476e+00 6.194340559466359863e+00 -9.347419629888316095e-01
8.848946679169418239e-01 8.076695616516867915e+01 -1.388314056479467672e-02
3.566526091485646699e+00 3.703306223294842425e+01 5.833420217201699121e-01
5.776445260101012558e+00 3.700986952712931100e+01 9.562043004749332109e-01
6.846426452034175547e+00 4.284906722885455821e+00 -6.658391698582417639e-01
5.225656722547753041e+00 6.956918426364707386e+01 7.598084219084320079e-01
7.642705674553837980e+00 3.079773431732476041e+01 9.916379904715190152e-01
5.069814996051650979e+00 2.397146186922212152e+01 -4.445327285060534095e-01
5.756394051883627405e+00 4.674984488529406690e+01 -9.341463634210110945e-01
3.884809091509831891e+00 1.307456222382094957e+01 2.354300779020370160e-01
7.763925341560178772e+00 4.938684951058886696e+01 -9.799284928271956296e-01
1.172994982668270403e+00 4.782598687680763305e+01 -7.118387837731440237e-01
2.356195541926292325e+00 6.057822574571705587e+01 -2.637907784952507884e-01
2.783769835961137584e+00 1.839157171010401726e+01 9.836794654165154084e-01
6.808874329441571227e+00 6.410942538775748289e+01 -1.523386077861229454e-02
8.795845350649566186e+00 1.687800318014229362e+01 9.940594572130924123e-01
7.636365068464366246e+00 5.955158183759947832e+01 -6.529816326493373957e-01
2.502132896728174849e+00 3.785124218769353632e+01 1.769665864949892253e-01
7.557591052997151948e+00 3.840656267430273374e+01 -7.338466457698730183e-01
5.379008352411322136e+00 9.572263626655814051e+01 -4.827603750895179124e-01
8.530027157202681565e+00 9.372816280009472223e+01 9.999850666118914599e-01
4.763395891209570188e+00 8.409502962109085900e+01 -3.765653099852201424e-01
4.791993430589990943e+00 2.721386309626774391e+01 -8.892311872240309389e-01
4.260835160140060474e+00 4.538711744073035703e+01 7.154568027009867714e-01
3.346401034691014242e+00 2.985258127122754956e+01 -8.884265096234612580e-01
7.821965909407079032e+00 9.292129160470678073e+01 -9.692190004811395143e-01
8.209486675102258602e+00 7.269936604802498437e+01 -9.999629180280212859e-01
2.153491843902536562e+00 3.909919150600593696e+01 3.207930797905930720e-01
7.978072902591698323e+00 4.427078150985328620e+01 9.986387009316018970e-01
5.900918954459334564e+00 7.053287445216214735e+01 8.089252058871252427e-01
8.903576807536831339e+00 9.434294971741610425e+01 6.420999789056360818e-01
6.114917966144780337e+00 5.397463305241257103e+01 6.771692430223310577e-01
9.807067914773756057e-01 6.157491775877799967e+01 -3.285823546008157514e-01
8.291609250577456791e+00 5.566767503915487936e+01 8.753981834337685175e-01
6.234814210707770421e+00 1.509473894073519418e+01 8.362270944482154134e-01
6.704435029953185854e+00 7.135496429122699169e+01 5.242347661068609277e-01
5.488294984740276661e+00 8.899382902983467147e+01 -6.880929157954087660e-01
2.465850808287436635e+00 2.713180259885006507e+01 -9.963043734776694249e-01
6.598695814200998377e+00 4.584799912514503362e+00 -9.244996879240758858e-01
4.145225970912650437e-01 6.610059807664904952e+01 9.689210157335859108e-01
1.793276065942938757e+00 3.715573663958208073e+01 -4.483262289026493375e-01
4.392718328003623718e+00 4.331798560343271021e+01 9.947640030682891599e-01
6.740846381896385964e+00 4.626017980831343834e+01 -6.220210945788617884e-01
7.354967776026713366e+00 1.574930174233928426e+01 8.673420608162917267e-01
7.906821742308685508e+00 9.387627332594115614e+01 -9.273423402265341675e-01
8.904218452659021565e+00 7.783448864449327687e+01 -6.270258615323556217e-01
2.092068101855022899e+00 9.737635296354972070e+01 9.952100203777061171e-01
3.460325688303516944e+00 5.257984687083103736e+00 -4.840962995514066503e-01
8.097897381089918412e+00 5.645875434286035954e+01 1.011896817895096834e-01
7.584838171967692722e-01 6.128960412430953397e+01 7.406136229404201021e-01
9.461354205908808268e+00 3.271868668953428738e+01 1.924319891323238996e-01
5.063831521271666691e-01 7.301140895916108775e+01 -3.979385917379352211e-01
7.697253111212326360e+00 4.011657940061829919e+01 -2.916881784807119349e-01
6.287327218707008392e+00 6.559789199003405713e+01 -2.532460723843714748e-02
4.014401650513530484e+00 8.047793181650810368e+01 5.222172019929902653e-01
6.424686808807833494e+00 3.507533324455732071e+01 3.807736904842107251e-01
3.244681877180421559e+00 2.356398611331362858e+00 9.618361822263399308e-01
8.937957359115225486e+00 3.169693271519738786e+01 -9.990309699009842781e-01
9.441176590166943328e+00 8.712093269153882602e+01 2.592017958354078666e-01
7.303108499518789820e+00 8.754932501041245985e+01 8.751972599462984892e-01
8.551457444258092622e+00 7.955675117983021494e+01 7.543363810078108633e-01
3.381242922832746745e-01 5.568260744289488429e+01 -2.955500321262946040e-01
3.583418891378828075e+00 4.912532090819561148e+01 8.970070485438992325e-01
8.591036546206876068e+00 6.658297856639237011e+01 -9.445823132061109684e-01
2.452724692719427058e+00 9.224568441499862104e+01 9.724754084070702520e-01
9.125489580895100872e+00 1.011836003554170738e+01 -4.577777803682693269e-01
1.150099734179776290e+00 9.727493388700824539e+01 -1.026636921680892517e-01
2.221887431311751815e+00 4.925235338379660277e+01 9.795326023792714221e-01
9.344110630306122545e+00 9.300233893814966279e+01 9.955705445128797404e-01
8.658402085681554894e+00 5.142672798879459606e+01 5.238988412583114318e-01
3.993881307573299733e+00 4.950328276669754501e+01 8.063024079673379862e-01
8.450194195174044465e-01 2.538963039937394583e+01 6.159620195886573724e-01
3.446312026108127924e+00 5.120268291120137150e+00 -9.146902666628722312e-01
6.519642011406165061e+00 6.545564686057436177e+01 1.136533427975186250e-01
6.904726605576162690e+00 7.179736556652744639e+01 -8.495426707521855914e-01
1.226611049577403190e+00 3.145811413001659318e+01 9.464070442503624836e-01
2.618581196315017401e+00 5.913944040526640578e+01 -7.990517921482035435e-01
3.598845481315620987e+00 2.086353870526787091e+01 2.391698538662204998e-01
6.215143371612065870e+00 1.689593235717422459e+01 4.742878601431859686e-01
8.516704021759167631e+00 6.421559555149401888e+01 -2.792548807844513203e-01
2.490683840602399890e+00 6.795156630674951259e+01 5.582041302397289240e-01
1.448265294737576536e-01 7.305748192005803787e+01 -7.717853344642944258e-01
3.643299865689347605e+00 6.450820943246843342e+01 -2.265769073337150497e-01
8.707373985931152305e+00 3.088664930351646376e+01 -8.111842564678024559e-01
6.659920624160974079e+00 4.003096783881228049e+01 1.951200165498573058e-01
7.332815384160451089e+00 1.984564341715276470e+01 6.923114748153995635e-01
4.293208015918807519e+00 8.477725382359601269e+01 -6.077367747138835430e-01
5.772858012337813705e+00 2.538087517492351353e+01 9.811853068345028905e-01
4.309480692625962561e+00 8.121005260168440998e+01 8.937528492870567831e-01
5.262816777899620435e-01 6.147933073611243060e+01 4.815341922603885161e-01
5.693315833512738067e+00 6.018722403988060421e+01 8.814031339768623186e-01
1.271732978031628658e+00 4.954277048566528663e+01 9.290716646805432521e-01
1.457958558270421312e+00 6.084005849613217976e+01 9.948067817112983269e-01
9.224070185689544843e+00 7.230616287915211160e+01 1.636476474414916005e-01
3.345348328024054130e+00 8.544980670283409552e+01 -5.093119206788342401e-01
3.768814794130330270e+00 2.163029751101516851e+01 -5.014665245046301401e-01
7.354360595348315321e+00 3.114642399721264709e+01 -7.347572653171605128e-02
3.766417381426225841e+00 5.559508068108541323e+01 7.116214979731761980e-01
2.627311013957369656e+00 3.945141308602914165e+01 1.328164869532313941e-01
6.877219519420948224e+00 6.884986782398340210e+01 9.664030498737001817e-01
3.765260459661129433e-01 5.305712680373403600e+00 8.979102139567339824e-01
8.580774915189881114e+00 9.453252034074876065e+01 9.999748683960058004e-01
1.857021467794072844e+00 8.881235036029423213e+01 8.284273038236262821e-01
3.410524997663898272e+00 4.383908989515142629e+00 6.259926450372386153e-01
6.025261835443632918e+00 8.679105320733286533e+01 -6.379493050517287545e-01
4.866783401782845075e+00 5.265339982577758349e+01 9.904600964935801333e-01
2.169171066517795232e+00 1.051748648886854731e+01 -5.115213613548086347e-01
3.260124248352375353e+00 8.750226271975972736e+01 -9.981041007773512330e-01
7.543471173745211367e+00 2.864997696355127133e+01 7.800365233367093643e-01
1.159255524719982944e+00 3.541727511134556750e+01 1.046949694187130631e-01
5.889254467295165441e+00 5.696915470393883396e+01 -4.619174621976037121e-01
1.779518334500543419e+00 6.766919990844300514e+01 8.143555858483001453e-01
2.878337478106945957e-01 6.721703575884504289e+01 4.932382266615146782e-01
7.550826249600130602e+00 3.495807865355122601e+01 9.844834330789336008e-01
2.619786461867958494e+00 7.270468186203947880e+01 -9.256902687846455535e-01
1.238620437280587572e+00 3.229552701180305352e+00 -7.716812946035385146e-01
4.483741672875290796e+00 2.919088492762489828e+00 4.374014480308682784e-01
2.077229193765456117e+00 9.879371994666533396e+01 6.362217455643485176e-01
6.302383371880323715e+00 8.283193141907617019e+01 3.922461403941010505e-01
9.393615627231541865e+00 3.993118306395859207e+01 -1.735515057586657639e-01
5.550666902982213102e+00 7.642284785131278291e+00 -9.843688854239885933e-01
1.397804640440557522e+00 5.854573236984222717e+01 5.687580669062677341e-01
4.940503514516473293e-01 3.930533279424771109e+01 5.822525825544455635e-01
3.453281864385826072e+00 6.558836533522477907e+01 -5.598842182883966706e-02
6.650769209840883711e+00 9.438297590071467624e+00 -1.669742923328281226e-01
7.904796482707495464e+00 5.645847719829355071e+00 3.072254632343245362e-01
8.532810961712241848e+00 5.016050353557915287e+01 1.542189957548404933e-01
6.641212581318308494e+00 7.647578129071897024e+01 3.404586317360815961e-01
8.581197294269752973e+00 7.928841421689222102e+01 5.915962012467689268e-01
4.333284167927256014e+00 5.138544381133737460e+00 -2.597741199245759414e-01
6.438049097204326721e+00 8.187289933725857338e+01 -9.277361473000346193e-01
2.528337293980792211e+00 4.340427785917768944e+01 2.846648787263829639e-01
3.747653190612250551e+00 8.253191670081942277e+01 -5.030965231203012866e-01
5.157492324880740497e+00 5.373043699913083060e+01 -9.006385005103239028e-01
7.366619343015504029e+00 8.059656991210349020e+01 -4.894260634685123068e-01
5.024382451611616673e+00 5.914259648265645808e+01 -2.502409227585389861e-01
9.075927858924494274e+00 7.951317455858891492e+01 -8.433917593037468796e-01
8.412779694631517202e+00 6.277856176924176168e+01 -2.855059717678820053e-01
9.090378954620843999e+00 9.483403095580868580e+01 7.265125998119982276e-01
5.727674730596069352e+00 6.911206994999876230e+00 5.559718890956614201e-01
4.732940137425328153e+00 5.066024250834567511e+01 7.864913503841615139e-01
4.844426134351448532e+00 8.094858874035313079e+01 5.516682543090597468e-01
8.163323446365609470e+00 8.400078137630225683e+01 5.306543940719574692e-01
5.138362640320514707e+00 3.787321614186831198e+01 -9.582003995573258326e-01
7.683526541929474263e+00 9.861397468440812020e+01 1.718907466324083033e-01
1.811597516728643553e-01 8.381854004486677923e+01 5.625016836939886744e-01
2.624833670135942043e-01 7.403533846977745725e+01 5.439158401596185799e-01
5.221803579999376943e+00 2.721759825936787891e+01 -9.983452778043814257e-01
6.924178370019904882e+00 2.495263307287718035e+01 5.338072246286332811e-01
4.463997013295731620e+00 8.416882939118629281e+00 -3.181996337735210623e-01
5.547714374264143267e+00 2.386009805913142756e+01 7.398169768506092092e-01
6.203974265770007435e+00 7.207391094051752134e+01 -8.220390279182000492e-01
7.469206858980980357e+00 9.755338391855741520e+01 4.926701920646370803e-01
2.345902456039518302e+00 5.165991124128751721e+00 -5.939245083236792677e-01
7.799196880073782978e+00 9.032185318416431130e+01 -1.435690599468313934e-02
8.923173492162142395e+00 9.475648289681919323e+01 -6.611689493533960682e-02
9.544989546212556686e-01 8.756556345739863900e+01 9.808923434407070818e-01
6.694095539945170259e+00 8.417257295303488718e+01 -2.657711632950928923e-02
8.659062180138514364e+00 9.909065627139445098e+01 -9.484800149361092281e-01
3.053061615870722001e+00 4.092863000941490981e+01 -8.477903865477265377e-01
4.751272878272440714e+00 3.911705409423070989e+01 -9.825938731385802649e-01
1.983985689250110207e+00 3.326982717487170760e+01 5.094546510757563818e-01
6.456267529371400471e+00 9.323183155392227661e+01 -9.991512248483475078e-01
1.313967891735961402e+00 3.855078653739116845e+01 5.728093361302629694e-01
8.836873831395388734e+00 4.399691663418178678e+01 -1.087738692296872506e-01
1.254803851105723012e-01 3.715241272722240495e+01 -9.836920730578622152e-01
5.149738872781339794e+00 6.539445732958523649e+01 -6.562650034257221376e-01
9.430264056626176838e+00 4.382029396766770191e+01 6.188611827119289144e-01
3.047086504654036077e+00 7.494201699429326879e+01 9.970061359242221588e-01
3.383313951682759058e+00 4.723726341981560495e+00 -2.193927590574936970e-01
4.873371989293277196e+00 9.343471343362789128e+01 2.907849747203276047e-01
1.142467038824426684e+00 1.238955152390660785e+01 9.985520463977515249e-01
3.862294501985926054e+00 7.393103346188631519e+01 -3.079710862383094327e-01
8.851966033591418537e+00 2.033952345614559576e+01 -6.966668730761871320e-01
5.819867493635512368e+00 5.581102286595162099e+01 -9.213512386289406386e-01
2.661575988557068673e+00 2.465498169041614673e+01 -2.843720650945389394e-01
1.753853121628678569e+00 8.573108420776463845e+00 6.344468315279980786e-01
5.588306660813734617e+00 5.686965381874733794e+01 -9.347407633056734610e-01
2.473465464121756607e+00 9.522391260715541250e+01 8.138734823599429458e-01
9.934879681266099993e+00 2.728091593710268370e+01 -6.846779966561413744e-01
9.035694037129289313e+00 1.507948685635550490e+01 -8.269617082870422964e-01
2.716409569876928387e+00 8.593726528251235663e+01 -8.343843549050479480e-02
8.144157267108896647e+00 6.660106814039893663e+01 1.794951353564724073e-01
4.398962373723196428e+00 4.024408933795250931e+01 9.367535578097062610e-01
8.072995671350954083e+00 4.838174086175635935e+00 9.734124057218169757e-01
1.592306804172727075e+00 5.257672445690649710e+01 9.201397038912511039e-01
6.187858733919779475e+00 2.361204342500685982e+01 -9.917064889371375591e-02
8.672310772222676434e+00 4.252002305284313621e+01 -3.785250270610162060e-01
1.750861991984640431e+00 7.453853339455022819e+00 4.958199093486915232e-01
2.692188506836853401e-01 9.664339165012965793e+01 8.473199777121718235e-01
2.659037055125095250e+00 7.054267074374295987e+01 -8.913019353897004837e-01
3.960671297122487777e-01 7.615863587946526536e+01 -9.228546314275433149e-01
4.558661846944281670e+00 1.972644393544130281e+01 5.181174963585982729e-01
9.396873846991590895e+00 9.411573775344290027e+01 9.111523581809480854e-01
1.589891412723277997e-01 4.502574789091146101e+01 7.844372544610621611e-01
6.719097599573659707e+00 9.873581202032079318e+01 -6.780823339980204256e-01
4.020886108913980017e+00 8.141230760788772614e+01 -9.428401238630160774e-01
1.962374875454199641e+00 1.210643295532084629e+01 -9.906569550829136261e-01
3.730981283105808011e+00 3.963599467427339818e+01 9.569636598861825938e-01
8.840998797925117003e+00 5.564565107447338477e+01 6.901219741584414535e-01
2.979774685871081630e+00 9.880791600095426475e+01 9.819289522856204933e-01
1.008850070378305652e+00 5.812840583343123768e+01 8.293822538038859715e-01
1.513908514482924295e+00 7.019904673761504910e+01 -9.848042986726857073e-01
4.060040295874179250e+00 2.911389703848899391e+00 -7.080705436844354494e-01
1.538954584515780821e+00 4.883351577263965737e+01 1.208586785468479807e-01
3.049600939528748889e+00 4.968360349788629549e+01 9.557386514478335426e-01
7.211572634951335381e+00 7.562199793811926440e+01 -9.778413759872912614e-01
5.074639687450039460e+00 2.253295232835789363e+01 5.386214956449034696e-01
3.391199317014155223e-01 3.345995333995672638e+01 -9.809964300317494112e-01
5.752099580028666281e+00 7.738266495072402051e+01 4.379707004803953252e-01
8.770951522453888316e+00 7.013652726282494143e+01 -6.919127013523750369e-01
1.539110124237325961e+00 6.707023944845639107e+01 9.300546494676857900e-01
1.485257452447279469e+00 4.576456559289311343e+01 -9.166712024819179128e-01
5.431822033543924455e+00 6.954307435900207679e+01 9.789317605369074471e-01
1.985747458161944312e+00 4.113368547484785864e+01 7.203537641763810839e-01
5.003570313453095331e+00 5.366818218024120313e+01 -4.047713266036318536e-01
3.671324552018225607e+00 3.533200818214527317e+01 5.434749036021950808e-01
7.376405292476239772e+00 2.637104025561310650e+01 -1.641835927596578537e-01
3.428213502832590520e-01 8.137567437427345851e+01 6.442933638579174671e-01
4.501510877910239294e+00 9.025000672360557985e+01 -7.355077720263670793e-01
8.885868717123731386e+00 3.924048870722269555e+01 -4.769372133137154135e-01
8.110845335111148691e-01 3.276082488564112793e+01 9.966055691470558919e-01
4.154485118367615470e+00 1.102898187247559925e+01 7.640049627589449166e-01
7.934290598778233949e+00 4.254592695108183165e+01 8.051420980454681020e-01
9.888457070107754987e+00 7.947288523805046623e+01 3.869848675403341209e-01
7.820093247272861703e+00 1.541643508565554654e+01 9.709765329311513815e-01
7.745181679836195876e+00 9.367474805519624681e+01 -9.255023299964615369e-01
9.009586930865555843e+00 2.779267556578035325e+01 4.291719051031948062e-01
9.194058998065031574e+00 7.579224670756389060e+01 5.465811477486037795e-01
9.789488657384515236e+00 1.767311991474170441e+01 2.158340855880195308e-01
2.047250851147866424e+00 5.958260749639606502e+01 6.129822576860141647e-02
6.158262981683489734e+00 4.302606953746893481e+01 7.217540046439790968e-01
5.653666468770201625e+00 9.029763810341037811e+01 9.969773259864739279e-01
7.570796403987904100e+00 3.569147439181615056e+01 -9.927696350424947136e-01
9.154523752663637381e+00 7.171771889218113927e+01 9.618915509357092164e-01
5.974218880715389979e+00 1.318525035623172803e+00 9.998543840217086753e-01
7.972777691373686970e+00 8.912386866944856934e+00 7.939862417523554372e-01
8.653553087682821499e+00 4.768340187020091037e+01 8.084333951901028215e-01
5.051029531515642823e+00 5.922770793426587943e+01 9.699131681993321541e-01
7.801586549861085018e+00 6.217631310203075401e+01 -6.389063491813531392e-01
9.569109479150846198e+00 4.835820613743230467e+01 -8.661622384650222717e-01
7.884426709969292624e+00 9.372922800968252943e+01 9.762675321051405009e-01
8.410053421323913980e+00 2.059141461215823199e+01 5.046405902747614913e-01
2.563608392193616137e+00 5.640530551285831962e+01 -6.434828774166236887e-01
4.619663080413611844e+00 4.598309933709573727e+01 3.886054223906227900e-01
1.895921015929462383e+00 9.297780676405341183e+01 -9.826988566998439145e-01
3.552788153686311734e+00 3.821756452884556410e+01 -8.694649152649026602e-01
1.785262817872997676e+00 4.314117107469613899e+01 9.999997710873248513e-01
9.301583659628571255e+00 3.712022017384978056e+00 -3.419776052913864328e-01
5.898991510402129990e+00 5.323499758427699291e+00 2.151229975877897993e-01
4.113972081194135377e+00 7.380596341409862760e+01 5.103758230851086486e-01
4.853695951332516856e+00 4.623566252236594565e+00 -3.981905832577290472e-01
1.012566803276936156e+00 5.439445374978991055e+00 -7.130589736120135358e-01
3.598087809121221614e+00 9.941958131644398122e+01 9.183024112117227356e-01
7.416271610525759783e+00 4.744680076874261943e+01 1.535115920219413677e-01
8.554468464256052229e+00 2.131093174561360115e+01 5.602446009235425572e-01
2.438151075097565901e+00 2.915418249761439995e+01 9.955349831640533109e-01
6.315756987677042744e+00 7.729475326383510492e+01 9.664288983077148343e-01
8.616849321843698561e+00 8.280084054294346174e+01 8.195141204966160942e-01
3.934079394615571434e+00 5.479150919608763814e+01 -9.586280377263877162e-01
1.186358766776444695e-01 6.537557653283502646e+01 9.981458027563950841e-01
2.828815700270867151e+00 6.682656945480553645e+01 9.588874834162252059e-01
6.053618227333969593e+00 7.742636898758402708e+01 -4.978626555042723889e-01
1.837680070320214076e+00 6.546826799321425483e+01 9.750868364824720746e-01
1.774903092030543528e+00 1.430991959044093420e+01 4.309319607416477460e-01
3.673956285672544730e+00 6.083681067772693751e+01 -5.883105765920916275e-01
8.485111193855416900e+00 3.629734170549893690e+01 -1.938805546570140648e-01
3.849558905830145150e+00 1.812675255007194508e+01 9.999704452347705219e-01
8.685834498452109642e+00 8.510992634920222599e+01 9.999562248965359057e-01
7.287886112782255843e+00 1.116379739833699247e+01 -3.214745617609934270e-01
3.032997490856219613e+00 8.375079264395371581e+01 1.624728124793199668e-01
6.885600513391788802e+00 1.730570638639786996e+00 -5.000052185026788720e-01
6.955801548875562901e+00 1.626217313178366908e+01 9.329182730337413076e-01
8.250797525602164839e+00 6.720400120794566590e+01 6.930253782817649144e-01
1.164509830085009634e+00 6.508216122471147003e+01 6.272767656507608480e-01
9.011766766494025305e+00 8.483983236391591731e+01 7.746317409456850989e-01
3.167812213120652753e+00 6.219977662124269813e+01 2.928652929598872523e-02
4.033972826508438914e+00 2.258229575805286160e+01 9.985340771125000847e-01
7.702399105284964520e+00 9.374944830043897070e+01 -2.056273525905907007e-01
3.930810119515629530e+00 1.266029205106028144e+01 -2.890812093936281912e-01
7.513487400983143161e+00 3.025469280424819729e+01 -7.183753422023593516e-02
5.508046751625736093e+00 6.823172123607915296e+01 9.963402997060692989e-01
7.137430539119179684e+00 2.534652579093261338e+01 8.932262237634388535e-01
6.406147757641559082e+00 6.145648908778081676e+01 -9.428205033073926156e-02
8.520185800466036241e+00 6.887346902806429227e+01 -7.705380452304864125e-01
5.856651985073256128e+00 1.946052085991077973e+01 8.989774310428808590e-01
2.385014968341927943e+00 2.669964539910703039e+01 6.300467314070250513e-01
2.517864935785850466e+00 6.290301073942595167e+01 -5.149906131077754967e-01
9.190351278563266391e+00 9.704941637085718753e+01 -9.978876195387188508e-01
9.419517118497921615e+00 9.596538436685897011e+01 -2.460177053227230459e-01
8.415119043882908656e+00 5.556319957576310742e+01 -4.966359521702607971e-01
7.220489482523086089e+00 2.083290477844850130e+01 9.184886121498115896e-01
4.859212770510359380e-01 3.372462524854435539e+00 9.970026858802324421e-01
8.195117780913194760e-01 9.398350407703733822e+01 4.551311305964589882e-01
3.775046294542359071e+00 8.208197967641528692e+01 -7.256307356555591337e-01
8.461680591299575838e+00 9.361671058704668269e+01 9.944244811631072212e-01
8.159122636079789714e+00 8.259913292394531936e+01 4.292887475307644030e-01
6.729229891623387694e+00 7.798281593405695844e+01 -5.623998615999561412e-01
3.556999343217638110e+00 5.398664995718733906e+01 -8.451368037644831910e-01
8.388056168469134377e+00 5.902607469025142706e+01 6.568313273594600377e-01
5.282779941805788582e+00 8.266090650692596853e+00 -1.449879409659747542e-02
3.644535301004617533e+00 2.025685834224040960e+01 -9.541272660581715526e-01
7.766706662187575105e+00 7.439143484372597470e+01 -2.459416903238369201e-01
5.411706906517235183e+00 6.633061241699213184e+00 -9.983519625924323071e-01
6.509169186711081245e+00 1.583599747275832570e+01 -8.546979723815160135e-01
5.989314891588345624e+00 9.955414437115931037e+01 8.670251613537586222e-01
7.584435766909341403e+00 7.580282299726546569e+01 -9.998935092838446836e-01
2.636916621235634750e+00 6.942872236789136231e+00 -6.640517917881781917e-01
7.445980818500615328e+00 2.296746492021007313e+01 -9.341273607986531058e-01
4.551360334310313505e+00 7.207367409496103505e+01 8.631102269627707324e-01
4.745284200428406152e+00 4.652545141118595851e+00 -2.486900875956226664e-01
3.045821328272138029e+00 1.793287392921373069e+01 -9.998937763115908206e-01
1.950841492736932858e+00 2.084619755752600945e+00 -7.976073053267985768e-01
1.633086193186580770e+00 9.560926489465067846e+01 -8.444874456668525209e-01
8.114288321010306504e+00 4.452293273068682566e+01 1.725760662176970550e-01
6.037069022758261738e+00 4.352792149743221017e+01 9.603655304759379785e-01
8.354270605281124418e+00 1.379316948875480975e+01 3.561514168369990241e-01
9.223909235353499048e-01 5.771401458171904153e+01 5.072071108257034666e-01
1.251239159951054392e+00 9.661196324516282630e+00 -4.168591158313004197e-01
3.136377763427609988e+00 3.149191171686065971e+01 -9.312129554762147432e-01
3.857675932292599530e+00 7.777991377905834725e+01 9.367410665796631619e-01
1.483331460822929548e+00 5.771958262308793763e+01 -2.803965960742763608e-01
4.693931820944189148e+00 2.875976031049720660e+01 9.999607143512344587e-01
3.290283187693393563e-01 8.976592776515829541e+01 -9.919175899150687314e-01
4.983473352018258140e+00 1.143330113570771633e+00 -4.676604628242841954e-01
1.039008006911251503e+00 9.038680200696880718e+01 -9.763966647389528131e-01
1.571804683039796702e+00 4.046446375019534258e+01 5.649920740979800238e-01
8.483671541354311785e+00 7.180392253912992828e+01 -4.556454141529129448e-02
4.324416174194499085e+00 7.216435913420670545e+01 3.937931813010236981e-01
9.960955940063723757e-01 2.657448212028516821e+01 9.815880044302579543e-01
3.971550094274388432e+00 7.915367819162358387e+01 -5.606590872755369270e-01
9.331321945937784079e+00 7.044714630997420102e+01 9.917439649149798475e-01
8.599306678548490623e-01 8.570137083574775261e+01 -4.691501131227557297e-01
9.057822371818311069e+00 8.890437573864299736e+01 -6.431325831148169969e-02
5.882725441811267331e+00 7.412958212649954248e+00 -3.820307751509520178e-01
1.901149899958119116e+00 8.971227740730547850e+01 -5.171222710985139415e-01
5.158314717378273073e+00 8.717990048050687335e+01 4.357438668100810375e-02
2.489715699963005235e+00 9.010834039027260545e+00 -3.808700234385692385e-01
2.039045406454985887e+00 6.871898598756953191e+00 9.951677839938897208e-01
5.531445481592649926e+00 5.397498410654538503e+01 9.988719200525911779e-01
9.413805440676222602e+00 3.968603302089594820e+01 -2.618479983168660041e-01
9.434944509819114700e+00 2.241465890175465248e+01 9.884228364674503275e-01
5.721712010166551288e+00 7.165797123564708215e+01 2.039169153796477618e-01
7.781787037856432221e+00 1.407114049740456174e+01 7.144239621426670128e-01
7.201441112242108034e+00 7.195015140911149842e+01 -9.886758588669667391e-01
7.445079804162670456e+00 3.726393221908382003e+01 -9.991983718697811101e-01
5.540379334119362120e+00 9.306927220075401408e+01 -8.372917181498643613e-01
7.975760750368213081e+00 1.068075867024484893e+01 -8.831693686637751561e-01
4.724872249339916230e+00 4.822698662547919213e+01 7.782735056136054208e-01
6.765781073855750449e+00 4.471654606275242827e+01 8.172233837643149146e-01
8.489087879533519398e+00 2.867065668339798279e+01 9.338691286044976669e-01
8.320077372150368689e+00 4.930012399669220713e+01 -8.420770246783949864e-02
3.747910138267027680e+00 9.779179507414836792e+01 8.558933842426250660e-01
4.010958251945375252e+00 6.383807681639287246e+00 1.748821022522615010e-01
3.841206865676479509e+00 3.739035846286022480e+00 9.996273179727654945e-01
6.217779169454400900e+00 5.127474328125392589e+01 -8.670121743932691638e-01
1.331128905547185548e+00 5.767704528283956478e+01 9.684189404433580783e-01
6.346923935731336286e+00 5.098023164009183716e+01 4.562961017299478339e-01
9.765368550369149858e+00 2.410319586891269239e+01 7.077367650514687636e-01
6.773316617411345497e+00 9.671714871056467189e+01 -4.547350208634198809e-01
1.601556414993830835e+00 3.284697694551149283e+01 6.856951656591140365e-01
3.190971305042753503e+00 1.987008461278148985e+01 3.928147130501940393e-02
3.491212865537691723e-01 7.576143756519029715e+00 4.451144842220369213e-01
9.945671161326913534e+00 6.234942938872634954e+01 8.444583624363241059e-01
8.487856196911302220e+00 3.185472493678877726e+01 5.513629317540067465e-01
8.677795909703624133e+00 1.284217122813787881e+01 -9.594642079506315868e-01
7.673240423372928554e+00 7.499826842126947213e+01 -2.032379650489475886e-01
4.855782108950098319e+00 6.082511720188479742e+00 -9.263799464015163299e-01
7.359794771266721547e+00 4.856794712836470040e+01 -5.367497109831542712e-01
8.615377858595939742e+00 6.871388121062564380e+01 -6.325754710052479413e-02
3.296780338753491524e+00 3.590793979807288139e+01 -9.288152131227862540e-01
8.849562681424165689e+00 8.136431320405495882e+00 1.075633449709836598e-01
3.640548134351786924e+00 9.321253929276895178e+01 -6.024057046440662866e-01
4.115249469200301213e+00 1.513380766260311461e+01 -8.505457915071814590e-01
4.543973768379958589e-01 8.726098392318345986e+01 9.821700943473596901e-01
6.590161661100389923e-01 7.532685174262763894e+01 -7.329017283746045441e-01
2.489452273384964442e+00 8.736452594783420977e+01 -7.573660642252330044e-01
8.117252652341093722e+00 6.487904209276501888e+01 -9.216015170883378183e-01
6.717574640385230111e+00 5.385230420678574603e+00 -9.805856629013379733e-01
5.975484263297016874e+00 9.651908027985105321e+01 5.812353603798907642e-01
7.271155159888192721e+00 2.424988934787979744e+01 9.278193191029524556e-01
5.171647364527248492e+00 7.134342635893608531e+01 4.412396189727054163e-01
1.183876445471483185e+00 8.372027958016172988e+01 -9.591760240793379966e-01
4.728614975805091269e+00 7.884960328565063037e+01 -1.550780968225728418e-01
8.150503368245894720e+00 4.800900689384638653e+00 9.992030198562943388e-01
9.465078400803651704e+00 6.516603028768940931e+01 9.126213944468217765e-01
1.305603090884253525e+00 6.952598239195745577e+01 -8.092926893026258783e-01
3.508606677127149798e+00 8.823311285038479923e+01 8.630136959899475935e-01
5.692764462879329912e+00 7.319011583783287733e+01 -9.987983259583679274e-01
5.441166447853819754e+00 6.938193903216979663e+01 -1.969177275564364671e-01
4.643520340303770588e+00 4.682488738227431924e+01 3.490078437255337285e-01
8.268630228013613248e+00 1.221091242240010821e+01 8.763172638849086038e-01
9.312537522934192680e+00 1.044800531799343624e+01 -6.147262527239455432e-01
8.591251257352343629e+00 8.910175749469446771e+01 4.075597956270451960e-01
3.045646866359426941e+00 9.042256706278308798e+00 7.679414845625746056e-01
9.071727260476514232e-01 2.446811579342642773e+01 -9.801616607114800594e-02
5.070918515606021693e+00 3.937111734682601139e+01 3.189359244097255131e-01
3.609003377066001494e+00 7.773069532560568007e+01 9.267880124148154541e-01
3.251181338783545094e+00 1.953758963464827580e+00 -1.807657979316092123e-02
3.825274519948404173e+00 1.586730523965417383e+01 -8.424069026247423819e-01
7.120222165330971187e+00 2.781452842994432473e+01 -9.586435124634062888e-01
9.191148685376287375e+00 3.568438675544945227e+01 -9.885673989761112335e-01
4.710777045242101835e+00 5.161813698325408950e+01 9.949899106559392248e-01
3.778766313166768587e+00 9.142419530696262342e+00 -1.918826735874189504e-01
6.001582154357770094e+00 1.531365686222494915e+01 4.596801395279921931e-01
4.799814477391746159e+00 2.671043975173416385e+01 8.192749637641033589e-01
7.030413894769186101e+00 8.156274143412343847e+01 -6.394025555378650694e-01
2.422406740903454203e+00 5.527826580664096667e+01 7.115330120706936379e-01
2.085960804333208962e+00 6.076094910937540305e+01 -4.203527989999447101e-01
3.396593733581313224e+00 7.572535313001399970e+01 9.786190507279450834e-01
4.134332579096485993e+00 8.577419871763046899e+01 -1.727019057763845011e-01
1.578154670295518702e+00 1.087456541098354457e+01 -9.772324793059757875e-01
2.875802906067707720e+00 9.098361298289486143e+00 6.453917088001267510e-01
6.301024299653469996e+00 8.792087760469583202e+01 -8.030634777432336946e-02
4.589859981074289053e+00 1.369897722100942161e+01 -3.217445325512524601e-01
3.545563706941510240e-01 4.706997264601685060e+01 -7.966658127780094079e-01
8.496850582659467577e-01 9.688286417156079722e+01 9.114054496978071240e-01
2.666209270738531867e+00 6.439091436083192832e+01 9.705236897211466651e-01
8.159632887940750479e+00 4.700922352307316743e+01 3.784524738992053883e-01
1.559184013792775492e+00 4.935115804177161891e+01 9.412269836166332615e-01
7.107977800425712367e+00 6.711411929431899459e+00 -5.659507062160000768e-01
5.911317564676775049e+00 5.242954032090237604e+01 -8.586870161303300497e-01
5.133112099364260494e+00 8.351205528250605425e+01 -9.681516216976238098e-01
9.987919097865370688e+00 2.585619716757804198e+01 -6.882087406378465388e-01
9.404717053506777447e+00 8.149474754833391899e+00 9.826526631904061171e-01
5.103457494167522590e+00 1.111789661166036858e+01 -1.792555679042732164e-01
7.118179357496153159e+00 4.030281945619677231e+01 9.320999249244668050e-01
6.509206836076509184e+00 3.113992764552495629e+01 -9.723435738517488547e-01
8.406426537354455775e+00 6.548014279779417279e+01 -5.090553062111298210e-01
1.259214532683683219e+00 8.772511257171670707e+01 -9.958825294833019148e-01
6.383044099818516948e+00 4.712024130681935219e+01 5.840877554767265334e-01
1.032890711201848832e+00 4.782323958005923004e+01 -9.983213187812666201e-01
9.186583540676576121e-01 7.308743273468235202e+01 -9.673760741857885259e-01
2.325057128139365492e+00 9.662334234040615399e+01 -4.700350484716438459e-01
1.996288727124813311e+00 5.630246327458178257e+01 3.628281319074051492e-01
3.590506157749055127e+00 6.327679152013912045e+01 -9.974242795767634950e-01
5.048615159578636380e+00 7.483395468808588191e+01 -3.349967950837013375e-01
3.220528300966028823e+00 8.686811989451348381e+01 -3.021865508130995304e-01
8.803292060612632142e+00 4.893309253176118290e+01 8.866920668088569546e-02
6.847402668195065045e-01 5.272934989001577577e+01 -9.270478264761585763e-01
6.820923033911094002e+00 7.853549734028408125e+01 9.391916767103827279e-01
6.048315860819554857e+00 7.283045664619511683e+01 8.756681631584687375e-01
7.818294438605270180e+00 3.587781770876651422e+01 9.854325034591971955e-01
5.805949603203226062e+00 7.512596972565167164e+01 -5.078028947666732851e-01
5.045046397369511659e+00 5.597238957958459338e+01 -6.009345785312245614e-01
4.913765161017160210e+00 6.209993484241441486e+00 -9.997084738973124329e-01
3.170569450869059835e+00 7.521730478191639691e+01 -8.716964018788524449e-01
3.544196442852825868e+00 8.357894552802177657e+01 -6.778151223729768082e-01
8.204678230426770469e+00 6.901767357842713579e+01 4.723278177412329470e-01
8.428905262227138095e+00 5.202429707315225471e+01 6.250915952913601581e-01
6.428652133355407194e+00 8.034446051558732904e+01 7.127092156920447064e-01
8.058354613750161377e+00 9.667463450372375178e+01 -9.482945891262971605e-01
8.733534785374297726e+00 8.146502424183530877e+01 7.372140145398480282e-01
9.433758462451280025e+00 4.121882118883879542e+01 9.387100792379237113e-01
9.837129500840230634e+00 9.677075629438694193e+01 8.066758432044172089e-01
2.555949976809122060e+00 9.970697319493882560e+01 9.204621762871180168e-01
1.402124691792969724e+00 2.959719910114285923e+01 -2.084348386040477674e-01
8.253142813889772000e+00 2.163539550988976856e+01 8.307057167195767144e-01
4.133739017427735085e+00 7.173551504386124122e+01 -5.798806046759455990e-01
8.659691458040818191e+00 7.325667712585878633e+01 -8.624193947426758156e-01
8.210491005846659363e+00 4.890749979196123576e+01 -4.056477153662814417e-02
9.373237719002277757e+00 6.403823485722879738e+00 -5.832494777158178101e-01
2.832038919751269646e-01 4.128947532443395119e+01 -7.747543612357105092e-01
3.935971065377433131e+00 9.104155988239507735e+01 9.998219398462548924e-01
9.957947331872185615e+00 3.953668181487486066e+01 -4.002538042783638367e-02
7.132359912755731557e+00 9.547093001387830213e+01 8.495965006721627466e-01
6.040517011907711620e+00 9.747311617332323408e+01 -9.184316832392893648e-01
4.148261044387407281e+00 5.020730708586295776e+01 6.251043208772294468e-02
9.118519545092889089e+00 5.189565277604141436e+00 -1.413463215971303422e-01
6.728528417612748669e+00 5.906479803765277126e+01 9.459457881178567895e-01
6.836767027433269917e+00 6.530592653598637298e+01 -9.980141601942967844e-01
9.610733751787425838e-01 3.470474662237314600e+00 -2.082687196007589059e-01
1.721450621399348124e+00 4.871790138015551008e+01 9.354789091090189024e-02
3.089840556689976037e+00 9.188801972850725974e+01 -5.841189827267917467e-01
8.655344583857150553e+00 9.510633831091533352e+01 -9.781143539080700000e-01
6.649566629292394282e+00 6.970684304574791668e+01 9.963795015788271536e-01
2.099523793190580356e+00 6.559118665793177172e+01 -2.684355949143341635e-01
3.339479242252357594e+00 1.760649546709808178e+01 -3.115693754023983186e-01
8.752625366439929167e+00 5.738810528615883300e+01 -6.327645163822647190e-01
3.388522644259517325e-01 8.960872933249622463e+01 -9.843686991993197966e-01
3.997359912532086224e+00 5.157017893884295034e+01 -8.172255678871813700e-01
5.445323283522931490e-01 5.803299510403473249e+01 6.754945087231101208e-02
1.615341778459578270e+00 4.069082767108547927e+01 2.154525036145292782e-01
7.707742202754277017e+00 2.231646508644989879e+01 -4.572189398868296006e-01
2.634640915603240430e+00 3.985699337580579993e+01 -4.724291137169939758e-01
8.023906541912916524e+00 5.727115020909300824e+01 -2.310457307663024706e-01
9.443811319424490591e+00 7.289701488374005578e+01 9.686543619070293598e-01
2.844216737467844425e+00 2.017831078180945070e+01 8.523659671296978102e-01
4.811963903806757870e+00 7.601281714173495629e+01 9.919408943223062547e-01
3.621676206680900734e+00 6.330822934288260484e+01 9.689418141536777496e-01
3.652132666332508215e+00 9.608354227503348000e+01 9.409597108279645905e-01
3.055271205141542712e+00 8.453536268278797650e+01 -9.442621184454330630e-01
7.660633109111677719e+00 7.958428676282677827e+01 7.804065289032636743e-01
4.707116546888097552e+00 4.939633426786613057e+01 -7.562401407634530281e-01
3.806200825929330733e+00 7.371946395904382143e+01 -2.585845060264146955e-01
2.476662320015857954e+00 9.792551230898498105e+00 -8.036124973487728251e-01
7.121800043435969840e+00 4.498637838176140491e+01 6.932806165965851308e-01
3.825738529383936992e+00 1.069541753118111593e+01 2.446606650847212711e-02
1.023930154087255628e+00 3.191714945218328126e+01 7.612324494002055131e-01
6.935545784013663173e+00 4.131659573839012012e+01 2.149850606469764780e-01
9.734889687960928129e+00 7.173704681050224963e+01 8.903416480367348784e-01
4.151082321607453274e+00 1.607939372346245221e+01 5.323113031462783917e-01
4.980392057911190440e-01 3.892706843682358908e+01 4.594735638497067232e-01
4.941925098290782969e+00 2.392733807012902503e+01 4.675346186296724070e-03
2.359572756150005723e+00 2.874111143300217464e+01 -5.400329706887025960e-01
6.157527922585429359e+00 8.777666560894594738e+00 -9.268915242437119062e-01
7.249490165216033510e+00 7.801698069597764018e+00 2.780829407004268838e-01
6.936230208012910126e+00 7.425519587315192460e+00 6.158638602235796400e-01
4.492260445276466285e+00 8.067105271532430777e+01 -4.092109472526974656e-01
2.678499980874467834e+00 8.339976868205140192e+01 9.565439549566114863e-01
6.324987770641633311e+00 3.598386868886323864e+00 -5.851772155206858006e-01
3.366496690429679362e+00 7.200423795617781764e+01 -6.304000080391225502e-01
4.791222079648347787e+00 6.438297983422650361e+01 -4.878152238616287883e-01
3.859771544627586870e+00 9.016844302030982305e+01 8.691780876285877255e-01
2.572359340863494381e+00 7.376489524280982835e+01 8.972448552161942370e-01
3.208178373924702065e+00 7.437632907450802122e+01 -9.713142035367435811e-01
6.810564271972250339e+00 2.993103102551059536e+01 -4.247426608994360753e-01
9.037173648281260796e+00 3.540397093646201654e+01 5.255568106205789070e-01
2.076644984192671517e-01 1.373464226792136955e+01 3.255829693033666095e-01
7.017018325537698331e+00 8.574407772650465631e+01 -9.946222804760500580e-01
3.017946333774086387e+00 5.079483166447919729e+01 9.943416987721303002e-01
1.370137641459651556e+00 2.944278774250826203e+01 6.072744455139886810e-01
8.364825528802873222e+00 4.023582011312050355e+01 -5.436670157156977545e-01
4.126458122064649459e+00 8.434042059638754552e+01 6.851644168182807748e-02
4.986068299214458932e+00 7.210510104454257885e+01 9.771628248880144252e-01
1.242793207870058536e+00 8.300127516822404061e+01 -8.632030699121914230e-01
6.046535546569081987e+00 1.290453149994887561e+01 9.983417566535456311e-01
9.919074491748514077e+00 3.719957734462435184e+01 -9.018821811948097844e-01
1.318271012668190134e-01 3.406636829494107133e+01 -9.750044167500070413e-01
3.337425665028399546e+00 7.888536984578351507e+01 4.303731740362159441e-01
6.138766297682842321e+00 9.451353364018339676e+01 3.246317638525043903e-02
2.874182618749428375e+00 7.109500860932166688e+01 1.997042934377447898e-01
1.964185528248892698e+00 3.152129413351268283e+01 -6.115573062323828024e-01
7.670732795053047504e+00 5.981860151952943028e+01 8.046015542848057311e-01
6.244949358401360451e-01 7.400584167182719852e+01 4.279878937691625196e-01
8.635337068345824818e+00 2.825877164031289723e+01 -6.821277832733683155e-01
3.744391500181471599e+00 1.677569069462885309e+01 9.147654399455902308e-01
7.779875950770818172e+00 2.981616500102497014e+01 -7.924642907986702012e-01
8.969007636707866382e+00 7.615933941844945210e+00 -8.237287832177215829e-01
3.288325176051213883e-01 4.649052037615657440e+00 9.977593134506922423e-01
7.926519947452408843e+00 2.431530809707596319e+01 -9.751939169845746935e-01
4.875036244324524759e+00 9.411007073077475127e+01 -6.321746531410536996e-01
6.094562513420028083e+00 5.731177809641068421e+01 6.085180131969764039e-01
3.904739675468555049e+00 8.220045496899224702e+01 4.764455816313398762e-01
1.015616736312158208e+00 9.436657047932519049e+01 5.814860660583874852e-01
3.929976247156049540e-01 6.847862048637229293e+01 6.193175618040533958e-01
5.452519467501080186e+00 3.652279857853954326e+01 -4.358681297407666078e-01
6.579316871239225151e+00 2.726569174963139730e+01 9.913370649499074760e-01
8.595954546234527704e-01 4.775435515347951565e+01 -6.751807711091228903e-01
8.389049710197159726e+00 9.568793526370440361e+01 -7.324540625591773324e-01
7.117910493545331008e+00 2.183692833746223627e+01 8.862951806172212343e-01
9.435278664322952480e+00 6.145879573521872885e+01 -7.273570501951946987e-01
7.536765870127378975e+00 5.899616641558437635e+01 -1.128245988837644348e-01
2.762818908556115449e+00 1.409502792100439805e+01 8.411994491194820789e-01
1.169080100878175710e+00 8.692213233929631144e+01 9.586222463542930505e-01
7.482035233503881999e-01 9.817322693703677317e+01 -7.788196376896359130e-01
7.716149987900775997e+00 8.905345996722172686e+01 1.343279228739762410e-01
4.865059234348512174e-01 2.400893556611048041e+01 -5.995894018880363330e-01
4.247496487914220964e+00 3.632034708768122755e+01 -9.272631733467000537e-01
7.303528001928972557e+00 6.152425150411990273e+01 3.197242193317174630e-01
7.717792754536742628e+00 5.316875253339238583e+01 -6.981638918747330447e-01
9.686742610899669259e+00 6.670772295258794315e+01 4.862998920572007000e-01
5.933411703955211891e+00 4.959500208011416333e+00 -9.903077972523977035e-01
5.656141345801499298e+00 6.850663058997233179e+01 4.234818349437202145e-01
7.460422239027736602e+00 4.244589016680348692e+01 1.056595955306161849e-01
5.434547151639485207e+00 8.084894210932748138e+01 -4.594216491013657366e-01
7.185279197534966578e+00 6.149298239442527603e+01 9.029641718314210808e-01
3.324025456765447473e+00 1.688754252533501798e+01 -6.296465993544060336e-01
7.258203331404997627e+00 8.243115929041310608e+01 -5.504068579016934137e-01
4.191089952717371503e+00 4.698947941215726587e+01 -1.028853620861665125e-01
1.025465153722135009e-01 4.186309492212102867e+01 -8.983487149400348759e-01
3.037172923440548011e+00 9.212870107556517496e+01 9.989248785752951054e-01
1.128313396127869517e+00 4.459948567279842990e+01 -7.144703343175257126e-02
8.389489157687384235e+00 5.318483122209493530e+01 2.833613557683822282e-01
9.830023260808074426e+00 2.410141706498094294e+01 -5.110247104758443015e-01
9.410046302574453847e+00 2.351892533524555162e+01 8.423222918029148465e-01
1.881815081470945561e+00 2.233483829669017240e+01 -5.469648811604072014e-01
3.403235947471759726e+00 8.440712317188112479e+01 6.074301327412846563e-01
7.213410788365662185e+00 6.433901616874300089e+01 5.693856196718749541e-01
3.565093706472523660e+00 9.294332912009322101e+00 9.654550011514145824e-01
7.870891405753823733e+00 5.112830303377133134e+01 8.265671531357606794e-01
2.517138101603662026e+00 8.147401066682572690e+00 9.850071104799406063e-01
1.965400043205640213e+00 3.080154480829119734e+01 -7.650701107894390673e-02
1.009051888604368896e+00 7.170507724767544744e+01 9.969329399122947022e-01
1.036947219872945247e+00 8.606695214193453580e+01 9.588970550855050456e-01
4.758132069186343793e-01 4.848312558116643345e+01 -8.889214331807206992e-01
7.387716775634372013e+00 2.522083426792686112e+01 -8.588082035565446082e-02
7.300485707056107998e+00 4.109199709310280468e+01 3.966365980931190194e-01
3.539237705159280267e+00 9.754526141904942449e+01 -2.187982307787771641e-01
1.421748089292264261e+00 1.096743227868953507e+00 9.993503392358044080e-01
9.980160410697538342e-01 1.716644159426554594e+01 -9.809002189709247199e-01
6.358628151362448300e+00 6.576736267410250747e+00 -9.736174455837671715e-01
3.385821067902190062e+00 2.223019785171939944e+01 5.835846115068920037e-01
4.827033254970596765e+00 9.639558237221521608e+01 9.945354313641340260e-01
8.918790903212792998e+00 9.386550071831704756e+00 6.711479114826066628e-01
8.483847132474631181e+00 7.071037628805865438e+01 -1.620712109368514509e-01
3.870912386554348217e+00 8.119895999573380152e+01 8.521901624263219510e-01
6.646010159777624438e+00 8.333529503580363951e+01 -1.544823371874507745e-01
8.958701997389493243e+00 9.721189604067591006e+01 -4.490539412406965303e-01
1.576192716488473144e-01 6.215467757581103569e+01 -4.139029018200064414e-01
2.078574567208033574e+00 4.931092199435937573e+00 -6.959265380630446085e-01
9.740395635917156625e+00 6.651634439275085242e+01 3.486649883953401585e-01
1.960863179588470784e+00 1.882709277159988659e+01 -6.074765147501153262e-01
2.143153034931663647e+00 5.974417400856393101e+01 2.508285237476717278e-01
6.669869031376961743e+00 8.501689609251356217e+01 -4.335613460211812931e-01
3.997649020074009574e+00 5.230903511721485444e+01 -8.457980607512644022e-01
4.607371923842313421e+00 4.092191551206149569e+01 -8.087553838842146403e-01
1.737915992689334388e+00 6.572317556970662622e+01 -4.063221185184812123e-02
4.665722644939419794e+00 6.288005636278808197e+01 -2.001385684735282611e-01
4.831429187853827578e+00 8.803052342926291374e+01 9.995740870738508699e-01
9.862652288190682626e+00 2.041522440135145189e+01 9.526198295515344583e-01
9.675498229346407797e+00 5.911351020338749152e+01 8.202082002082864420e-01
8.502079020385734154e+00 3.731820214320215001e+01 9.966865220080592946e-01
1.444091675270920083e+00 6.305117440935084261e+01 -7.812836467258729156e-01
9.563044899298297485e-01 6.445176937823441676e+01 -7.985388190314561818e-01
9.584927202241786404e+00 3.038497844232040990e+01 9.849822245081741867e-01
6.776261154346217452e+00 6.490656449984809839e+00 1.379215349722703963e-03
9.604774487565181929e-01 8.205787360517402362e+01 -3.758891958024360713e-01
2.586330587302029915e+00 2.868881815550078329e+01 -9.120245178643562323e-01
4.461227738803463794e+00 5.108632119808446959e+01 -6.149932753006412955e-01
8.709083765342272798e+00 7.151949682770376171e+01 -2.952084245950086783e-01
3.406098084931639569e+00 9.398236159656680400e+01 -3.605531683979958935e-01
5.343915592254314895e+00 7.598951587247756834e+01 4.057625595020632470e-01
7.296739513975773583e+00 4.694768464160992494e+01 -2.358772915610599097e-02
8.943578417866286046e+00 3.563577473117325667e+01 5.534423556085276141e-01
3.738897782974493822e+00 5.692893091046059340e+00 8.428703654639193577e-01
8.477483023810483687e+00 1.464339436987539855e+01 -9.947861075735147107e-01
7.312939733441679913e+00 3.598440915117540584e+01 9.830486732811057893e-01
6.254606472985614118e+00 6.418808702172752589e+01 1.454320302443014024e-01
1.516401650215015273e+00 9.180289992394349952e+01 9.846101470655271859e-01
3.935122870628198655e+00 8.249017707637906938e+01 9.992237685344105280e-01
8.681308234754427033e+00 8.138174841328597608e+01 -7.109411155072900002e-01
1.645600955597115167e+00 7.457611615608306010e+01 -9.778561715194094006e-01
5.715099594752619083e+00 2.970913200245920649e+01 -8.922752424137410099e-01
3.628829993872284110e+00 7.294992053291055356e+01 4.572621113698066564e-01
4.102424623687310756e+00 6.034135456072385040e+01 -2.210435864175794851e-01
6.332366758722939082e+00 3.104441412780920828e+01 4.162233893345191338e-01
1.359055482919771629e+00 4.235297492516355788e+01 8.448935168391964456e-01
1.367239508155508876e-01 8.396022280261965420e+01 -8.290834376075836287e-01
9.811193300367989423e+00 7.000327876303693131e+01 8.039391399634194801e-01
7.717228763804393488e+00 9.113195793716175785e+01 -1.384543937601696306e-01
8.422901534765914633e+00 9.922758202030104258e+01 -5.229899866107055040e-01
2.815082447403510990e+00 2.566952985767862216e+01 1.907244631519779965e-01
4.963097463298907996e+00 9.133480318855793811e+00 9.236866066894957594e-01
3.014310797785171303e+00 9.358083837151583850e+01 9.758019600547347405e-01
9.228740140300676131e+00 9.017368475650368964e+01 1.906348925994768573e-01
5.794176866079450150e+00 4.670241711329998680e+01 4.137920748005190913e-02
3.730903022616208986e+00 5.546657919703397255e+01 4.565753422466855421e-02
1.940622325165744844e+00 4.415546137694445150e+01 -9.862953035477747266e-01
5.271558127722562936e+00 5.228724313369446719e+01 -5.875867290300460510e-01
2.248678477026117672e+00 6.320377314036353056e+01 -9.895122371757507640e-01
5.085494131398130335e+00 8.924348773878557495e+01 7.223096818371576022e-01
1.051251581186719575e+00 2.956858839292099361e+00 1.168430844938092919e-02
9.001123261319150970e+00 8.504981244389568928e+01 4.702670733981590412e-01
4.152219176902616660e+00 7.718586866938696289e+01 -6.757906994485373131e-01
9.154715083629458405e+00 3.245946438431711556e+01 -4.630647338865666596e-01
3.073138270315473708e+00 6.386305814131700487e+01 8.457530916340078031e-01
4.289058670272852147e+00 8.708706568245123236e+00 1.601853376287127040e-01
5.442244547229391216e+00 7.786790928855126026e+01 -6.737335987636318135e-01
4.902896718609875748e+00 3.964827472502321370e+01 -9.061890237264080827e-01
8.175058190734768360e+00 3.675090767493704647e+01 -8.053566380643500944e-01
2.972465688762823799e+00 1.241109184924929743e+01 -5.756761945312298678e-01
6.492152090105698825e+00 3.209857296679942351e+01 3.270071339530626342e-01
3.918316350350336652e+00 8.878040679975673299e+01 -9.548840474527553468e-01
7.595646764705534792e-01 7.009614017716977230e+01 -3.108716164679695693e-01
9.097472074771063788e+00 9.820724621476779603e+00 2.303330096555254725e-01
7.661450024674012482e+00 1.012955959592587618e+01 2.988290055586426130e-02
2.354514060682189935e+00 9.813389457779848613e+00 -9.166665748824686100e-01
3.835429504619422225e+00 5.485912400195292093e+01 -5.629454063729691926e-01
2.839495278136765943e+00 8.901387393537169146e+01 -9.194295542825921264e-02
1.641724587371570454e+00 2.113238495179762566e+01 -3.325785791655224699e-01
1.705501046618544292e+00 2.629165292161880885e+01 9.044110921717258833e-01
4.455300892837736448e+00 8.010534770154163198e+01 -1.316281748851551303e-01
7.138225434690559368e+00 7.553369060404106961e+01 8.683271908372574011e-01
8.283165264835966823e+00 7.199185075054892025e+01 5.299444966849838901e-01
4.796739827348484475e+00 7.718115742391734102e+01 2.386527930061977387e-01
8.227943569342141217e+00 5.833893218871798680e+00 -6.158001444065863694e-01
7.188560994544324956e+00 6.887345970692952335e+01 -9.874453585358606844e-01
1.949714426149595781e+00 7.928859044084693153e+01 -8.307301930951068725e-01
9.983225602237654428e+00 9.966255646329805984e+01 -6.383268910976127586e-01
3.512911666243177855e+00 7.151911708618459329e+01 2.361436555327693920e-01
1.568667444199599803e+00 4.817031647782258830e+01 8.590956494448076519e-01
4.184115017522559654e+00 6.082653910606553893e+01 -1.414887667514710401e-01
2.173555059055189087e+00 8.872078771048077073e+00 3.870180005537177670e-01
8.013271163519736007e+00 7.469577091669485469e+01 9.417213696071439211e-01
8.573062589412324686e-01 3.880987247616923952e+01 9.706129936215037723e-01
7.584843103783800444e+00 4.516756941799219049e+01 -4.493845833060346184e-02
3.374035739617084584e+00 8.378752523341566416e+01 -9.701009263052935705e-02
1.555662036124920711e+00 6.141793306331099700e+01 9.883896575211333912e-01
5.938274184553168134e+00 5.917926375734475641e+01 -9.359402533158303061e-01
3.835046488934420683e+00 3.182593521081124521e+01 8.525656906412137914e-01
5.451181853387956799e+00 4.615460590571860422e+01 -1.467136211785028954e-01
5.492087054795519840e+00 8.678801699283505400e+01 7.527998607319645874e-01
5.073606174305662186e+00 8.638940378152508970e+01 -7.556072404542242271e-01
7.029387349723820400e+00 4.683851366589374265e+01 6.296133775207802818e-01
7.858719074963050666e+00 1.808880846657944730e+01 -9.998609910997291461e-01
1.046764300386104907e-01 2.060950907082892769e+01 8.274613402868087331e-01
2.293913845147031338e+00 5.708733836619727242e+01 -9.999966160907445278e-01
1.001652871561560909e+00 7.798233838443952948e+01 2.865101855215515525e-01
6.679705797300434789e-01 9.807455233538338746e+01 2.070054345239178417e-01
1.727753001841569214e+00 1.894402819725899434e+01 9.880883252649557136e-01
9.445923880132641060e+00 7.321947736737730850e+01 -5.382977378750501973e-01
2.109845463680072031e-01 9.859038937216409693e+01 9.763221046683916438e-01
6.930982458592266360e-01 5.355794295011470041e+01 -6.843977783680856852e-01
1.232074472118115382e+00 2.976295523679111454e+01 -9.396963574387339202e-01
8.587062097231672908e+00 2.989977218656738955e+01 -3.410475551807981565e-01
2.207007420321431823e+00 2.303923127295134776e+01 4.584928190847517016e-01
9.848068561025517198e+00 5.209080810958671037e+01 -9.822872813365371991e-01
7.718864286149030640e+00 6.283247134345872453e+00 -3.235916500359318215e-01
1.055663923572249807e+00 6.664407988637327662e+01 9.697124790953990381e-01
6.659463320628959515e+00 8.656611460126651991e+01 9.980222767326314415e-01
6.769767327672791879e+00 6.358471416419548206e+01 2.129204918002920999e-01
2.118453871720169079e+00 5.133740180482211457e+01 -3.976703388760231550e-01
3.099199996022857118e+00 4.023206832731857752e+00 -8.136951651390786355e-02
2.231486257282741636e+00 4.066476786720328107e+01 -6.671998287150665563e-01
8.793960958471751965e+00 6.327257149739319075e+00 -7.059108022610811606e-01
1.759806649298413517e-01 6.860279642378735332e+01 -5.898508309560777096e-01
2.044467998691601007e+00 6.872773742813326692e+01 -8.053647391600312622e-01
7.952134127969168631e+00 9.228225706677388018e+01 8.716498076396770323e-01
9.640139053127533941e+00 6.388281471253841204e+01 -9.974199358454213238e-01
3.694340789907789802e+00 4.582100075042579768e+00 -8.609853987932820640e-01
3.369517165534853476e+00 3.376569005293782766e+01 -6.296018460883042733e-01
8.503142296943398293e+00 4.049472920031350043e+01 -4.172049627902180702e-01
4.422828733306011229e-01 6.042125341906015024e+01 9.448873370447320452e-01
2.486084870217148080e+00 4.611167953249542251e+01 3.618588124366566294e-01
3.636744433542665078e+00 8.856593676703317897e+01 1.074262048660126340e-01
3.472178119415898934e+00 9.753622093426660911e+01 9.650122478154016248e-01
3.330442887507039096e+00 5.979603896749159020e+01 2.927944871652315428e-01
1.252581781979470676e+00 6.105014649347357647e+01 8.859281320756745570e-01
5.316915722377783204e+00 8.130289120993104746e+00 -6.337152177361746741e-01
3.497104217504533263e+00 4.639458297550505961e+01 -8.568624349644554661e-01
7.682512576606347565e+00 1.465035798894151853e+01 -1.982773784749881363e-01
4.377946486443081042e+00 5.529692568723092450e+01 3.986431296573897387e-01
1.199762623148686425e+00 9.999130641441297485e+01 -9.920705451756788307e-01
3.457286948883062205e+00 5.013477359000639666e+01 -2.354438945417040296e-01
8.246088447432137203e-01 6.738300690353432287e+01 -3.448884981462734256e-01
9.409167378092316625e+00 8.886495468670653963e+01 -6.363914739468868875e-01
9.418871745047606714e-01 3.227982048573741025e+01 -9.722457849275984998e-01
9.526930771746474846e+00 2.100002707123818091e+00 7.645299136240817361e-01
8.784461996504171921e+00 7.279534702359229925e+01 -1.061148152611690598e-01
9.041788579931539616e+00 4.805953546525839926e+01 -6.899737825340072073e-01
1.382115108658522606e-01 9.279341539722148013e+01 1.671878289683216279e-01
6.222070157816469660e+00 1.703860094102888567e+01 -7.526719715528671362e-01
6.828344699597471035e+00 5.440736909142030697e+01 2.617555206274839730e-01
6.852165827083857685e+00 7.090534929872723069e+01 -9.966781007074687615e-01
9.561318204760226536e+00 5.612989694084451742e+01 8.234219703752507780e-01
6.795961317516043820e+00 5.330416006785425509e+01 -5.509307564065315521e-01
2.983330074900540030e+00 9.602610409045431084e+01 6.758734022073085157e-01
8.891652802847817227e+00 3.293463227923064096e+01 9.984892494297564758e-01
8.436630648052229731e+00 4.107037009575322628e+01 9.920502730098464950e-01
8.089404591612900930e+00 4.358667932653924737e+01 -5.746860868082230844e-01
1.611114660458315140e-01 4.850327196218047732e+01 9.999957797152208006e-01
7.009640326747206274e+00 8.091519188406702767e+01 -6.562895423312284926e-01
7.485165850595490333e+00 4.554748276198353807e+01 -7.041366669702535663e-01
9.531789477593990867e+00 9.129014734213899374e+01 -2.997584666676882392e-01
8.806096631463635305e+00 8.761369062754883430e+01 8.670718860314134968e-01
3.829548514459328423e+00 2.314857880754846420e+01 -9.963050694064430612e-02
9.995052395106636567e+00 5.620494778678713743e+01 -9.921394775936298593e-01
4.156036921923220717e+00 3.580127615833711729e+01 -9.171338036031694285e-01
2.723475438787491765e+00 6.233872764857827065e+01 9.982978219877399750e-01
2.643734418135551323e+00 9.836720793628447268e+01 8.795919604058020091e-01
8.821122607876320743e+00 8.048303586233360818e+01 -7.495880571342308230e-01
8.827929491388120553e+00 1.880785608604649539e+01 -9.880437729907884936e-01
8.498165221482400611e+00 8.213086279575283299e+01 9.744718927041270407e-01
1.171252034813855314e+00 3.694799810760384418e+01 -4.552086498215713872e-01
4.691796987697512300e+00 1.299541626878902001e+01 -4.145156776026864831e-01
7.288051663741452302e+00 8.331871497097177226e+00 -3.703303349499552088e-01
7.147795023405509873e+00 8.069233108210097782e+01 -6.183090783450756467e-01
3.888444591096078540e+00 8.895407121571086861e+01 -5.622962818129181306e-01
1.110684110639764466e+00 5.297575782493139940e+01 8.635446296349101880e-01
3.151326401858385751e+00 8.285333092173364378e+01 -5.048989102918768346e-01
3.560598767006283305e-01 5.338101798692168387e+01 2.152210988959632754e-01
1.596077599517763401e+00 1.871300138571855243e+01 -9.827167294269875120e-01
9.210734300083082360e+00 1.677052024211051062e+01 -9.941924042827526842e-01
2.701461514605543623e+00 4.416969965535297860e+01 9.766478072649027453e-01
8.019976194437989037e+00 8.656610970744934264e+01 4.444596814903610527e-02
5.303119440728872647e+00 5.982439419719158025e+01 8.538917365894816980e-01
4.873589057968327865e+00 9.456978319051229676e+01 -8.699688263438976055e-01
4.979002049546212838e+00 5.285367254923776237e+00 8.373523843879118189e-01
1.727679027123049771e+00 8.406845687005717593e+01 4.251524184348721702e-01
2.857465730714332963e+00 5.567454683317758679e+01 -3.272078473344299798e-01
2.656718115947915404e+00 7.813901755200143384e+01 -9.999944181102636831e-01
6.049596691342568278e+00 8.417771347224535816e+01 6.616799437054791122e-01
3.816285146295617103e-01 5.506822603143496586e+00 8.688892933852391254e-01
4.135515234322470590e+00 7.465886234264527843e+01 -6.656199602223962231e-01
2.150603329485943238e+00 9.235006964259450513e+01 -9.986973152694731404e-01
8.304878219543423867e+00 7.705727899076629228e+01 -6.657989478627800439e-01
5.074633193253943020e+00 3.999543217192915989e+01 -8.569518120359533031e-02
7.419474283961575267e+00 3.990800899273068580e+01 -4.263672806042949626e-01
3.750950323892046079e+00 9.149636511732649069e+01 -1.906405328246424113e-01
5.644864324845449310e+00 6.251855895623324244e+01 1.387417470737981051e-01
6.279166255885535008e+00 7.642745493668988388e+01 -1.956660916970207054e-01
4.442340157418230184e+00 3.356828409153997939e+01 9.383413414262647967e-01
7.669008681451103371e+00 7.320573427638183261e+01 9.931924535150468136e-01
9.934314357093288805e+00 9.459945837543295966e+01 5.231047583104800891e-01
1.286283594181450773e+00 1.499725413847131428e+01 5.134715314382677365e-01
6.073834588233941290e+00 4.421048187304179322e+01 6.865014487214525507e-02
7.265592420940001794e+00 3.704983775336761198e+01 -3.919778185854901897e-01
5.590172640294635009e+00 9.929267112182616017e+01 9.637434874144543695e-01
9.246461329983782562e+00 5.125454915758729157e+01 -6.333332326084394337e-01
4.265087961849956422e+00 3.737052482617659876e+01 3.168079539101166242e-01
5.135967017345857144e+00 6.554380358703127740e+01 -6.271303974285885596e-01
1.491355227684877605e+00 8.325721808601163332e+01 -3.406398503611300366e-01
9.058582684385733330e+00 7.138913839126159644e+01 3.932801425500916381e-01
1.431055723625989762e+00 6.345549901137856352e+01 2.366126464613236835e-01
5.115778234564629656e+00 2.853768746652346522e+01 7.909143271174482459e-01
1.173871850271511974e+00 4.574078505784869009e+01 -9.969103642571146562e-01
1.192566265950065540e+00 3.833031207705485599e+01 9.774169892718892472e-01
2.473304727538669479e+00 2.343048022382093265e+01 9.113664903677627382e-01
2.457015645443671459e-01 8.933672466820107161e+01 3.742859745720767961e-01
3.892227331334496387e+00 8.696507775813725516e+01 -1.594663031219517024e-01
4.278779930325574909e+00 1.940179586604542550e+01 9.721160436080689138e-01
8.399990196465234149e+00 8.382832429690758147e+01 4.311282284224709493e-01
6.450666555707275762e+00 6.734110216014032346e+01 5.839950960659111567e-01
2.013182577171841015e+00 3.912143714128076510e+01 8.757798919692305617e-01
8.378531745235523687e+00 6.579997151275367173e+01 5.702576686916867033e-01
6.331104228509984111e+00 7.016309403415415602e+01 9.969615786722293427e-01
7.346419243206483429e+00 7.612622863559529662e+01 9.012643488038896145e-01
2.231882149018086459e+00 2.739518220891532252e+01 -3.504614701335085347e-01
8.231692554596746092e+00 8.867718630762121279e+01 -9.982088553976711243e-01
5.352241546144132833e+00 3.854776038559300133e+01 -8.382946053324306090e-01
8.981953324673385808e+00 1.004721662877139998e+01 9.964095789800084813e-01
9.677221027820502641e+00 2.112507138415631047e+01 -5.020211221063290985e-01
4.836502893908966705e+00 4.073892959261638680e+01 8.346216476475472046e-01
4.969463115458899516e+00 9.343439723224187787e+01 9.702097612607776256e-01
4.190380871618739178e+00 6.765106816386327715e+00 1.170565018478045005e-01
9.144894028193111257e-01 8.825771657212423804e+01 -9.789988267127063271e-01
9.745444971105127863e+00 9.006363437728070664e+01 -5.981316434129385629e-01
6.538856350085920255e+00 2.104398694750764420e+01 -4.296877488502878206e-01
4.451839658016366386e+00 5.150832366052699030e+01 -9.771091505741044125e-01
4.843754037749575581e+00 8.087690770446724287e+01 -6.197101858937622554e-01
5.046680122414241687e+00 8.724230045022476077e+01 -9.562208724530800730e-01
4.116594986905170117e+00 7.031862520579991838e+01 -2.502234743013866392e-01
8.545122958677371372e+00 3.031832885045194104e+01 9.997869101572165462e-01
6.218682283855180515e+00 3.929551268130949637e+01 -1.971064138167202828e-01
6.171434322620813484e-01 2.634511760073527142e+01 -4.595831583654523267e-01
2.547791742824463856e+00 3.620065568618663576e+01 -9.690052517248555208e-01
5.264670026996122409e+00 8.980136832064836483e+01 -9.640791982669857374e-01
7.341308091591693064e+00 7.501894291330239639e+01 -6.310268842134058032e-01
5.912797072513782837e+00 3.798390529184128184e+01 -5.716758096313320214e-01
3.804008236256127606e+00 9.052990939064815734e+01 4.838780432978891100e-02
2.822417567960663121e+00 7.698606020618025525e+01 -8.417419096449764160e-01
9.466822297285183652e+00 9.543511672300256521e+01 8.054397523753527022e-01
6.053119277864389858e+00 9.412901791311830380e+01 -9.044850794183750819e-01
2.603283953263904493e+00 2.087668754239764723e+01 -8.387269088538893413e-01
9.708245516607497905e+00 8.017715291732804417e+01 4.342545792190019571e-01
2.646545378576643515e+00 4.483212325795963693e+01 1.400218045627587005e-01
9.575036573042911670e+00 6.484826082499220945e+01 3.195466101259296088e-01
2.529243184503247921e+00 6.130384949551121565e+00 2.262331840630808499e-01
1.350780255443350786e+00 9.457615184799767860e+01 -7.667699553742317597e-01
9.298010511792391242e+00 3.734260409029188565e+01 9.009616923578213366e-02
5.130337339375644845e+00 4.831533263618386087e+01 5.375278386172365197e-01
8.661265904579215302e+00 3.596194459993018455e+01 5.517875070179276698e-01
5.297625641980038935e+00 7.738851748242740136e+00 2.094470790973238239e-01
9.570300959835757126e+00 5.651141407738018785e+01 -9.604796294469852835e-01
9.016837198257443120e+00 8.767475438111623021e+01 2.173095540273519977e-01
1.538049877765689022e+00 6.036327995423347659e+01 -6.870301587624084716e-01
1.815794431194382108e+00 1.290143803600790662e+01 -9.251149106788799648e-01
5.518391153228219714e+00 2.042181406974336966e+01 -5.966754350390912620e-01
7.579582038118690690e+00 4.437903900041942507e+01 -9.150056321350376054e-01
5.998920528124505935e+00 6.233654931183622239e+00 -7.237330144698362888e-01
9.322980702444969126e+00 9.526029446892391661e+01 9.808064798737817780e-01
8.941619453322802613e+00 2.467715996577102899e+01 7.770496779018589706e-01
2.819937728022917423e+00 6.218448541625366488e+01 9.884980001807822658e-01
6.201262936779976975e+00 8.609944808640859648e+00 5.433368786903004510e-01
8.577152748960244821e+00 9.659664184650651464e+01 7.690383041548818355e-01
6.196591725680902663e+00 4.214982250925680063e+01 -9.248024375889578597e-01
7.634270486753573337e+00 7.165788535286533545e+01 9.397258997617616849e-01
3.562942988427895141e-01 3.670986751003777471e+01 5.540549668242391590e-01
2.779633167348423584e+00 9.464208869755947262e+01 9.342369778494356014e-01
1.837401145729855578e-01 5.725501387962848554e+01 -8.696487815410280930e-01
4.669725387560755614e+00 1.325539738075785756e+01 -9.906561641668681917e-01
8.606150416625855115e-01 1.266036445158152546e+01 -9.943387117621214077e-01
2.209433376735318699e+00 6.858634324505379709e+01 9.901745712688152512e-01
4.317858091666604281e+00 2.548814484457750495e+01 -9.958073897899297755e-01
3.933740891208193258e+00 4.610936782513745413e+01 -9.444740567097832384e-01
8.338495622696306953e+00 1.530533791456736914e+01 9.323693349461847912e-01
3.058116151975666330e+00 9.724884768304374916e+01 -7.113799526034628729e-01
1.491661173382261785e+00 1.995027712992224878e+01 -9.758012420848891644e-01
5.572141818198297791e+00 8.963161883682873565e+01 -9.955909349406258935e-01
8.379309469238174657e+00 7.217545628927743451e+01 9.757340311408304601e-01
9.964365731933847670e+00 7.570806429181023134e+01 4.186695031389492949e-01
5.911039127036169738e+00 8.223612883648742411e+01 7.396884933018172958e-01
4.951490106726054385e+00 9.179427887437545053e+01 -4.989110363943470849e-01
8.699455025192484925e+00 3.857311311218524708e+01 9.099401472277519609e-01
3.137026289756193798e+00 6.921808026582745299e+01 -6.073905948844864344e-01
5.318845746556649878e+00 4.078608086767429342e+01 -9.997841269016329857e-01
7.837629285528660006e-01 9.213300244024846108e+01 3.589169571873133124e-01
5.500351980523581652e+00 8.815120636996360304e+01 1.520837206604694625e-01
4.871239137817583220e+00 7.639580665324433539e+01 7.078045189397359493e-01
4.832835009811272009e+00 4.527356756214270206e+01 8.915275764398764569e-01
1.506611745249857970e+00 8.560167831376826086e+01 -9.962154675207623988e-01
2.301792142038864064e+00 9.812498906253178177e+01 -9.834436499616235894e-01
9.542614506786456730e+00 4.985239104139385091e+01 -8.547558905992367340e-01
4.242270017923003955e+00 6.099845762371185742e+01 -3.478374431122668309e-01
7.193720520451330813e+00 3.673749633268298709e+01 3.779762912004712705e-01
6.630890897381599425e-01 4.974365482191605992e+01 7.339454895062581530e-01
8.444151956585438157e+00 1.636474021501906861e+01 -3.476925642697500929e-02
2.249948968454932530e+00 5.451488990596703843e+01 -8.110653242312235722e-01
8.960744335155700568e+00 1.659621278047337611e+00 7.076798335163752007e-01
3.546193310285034261e+00 2.203329837413906134e+01 6.361101171073710869e-01
7.815767526169365098e+00 8.421146226258360912e+01 -9.984588426460838662e-01
7.864834963482153718e+00 3.016076907052939760e+01 1.991364119373053299e-01
3.059719006325407054e-01 7.039846684628528806e+01 5.232699739171738917e-01
9.405043473993375258e+00 4.150217696172450133e+01 4.634847120787453645e-01
2.049519044755734765e+00 8.657602069664609701e+01 -8.468829880021888634e-02
6.029290976297465576e+00 9.490070085826700108e+01 3.065026089449748303e-01
1.773775243288932879e+00 3.200341814685950936e+01 -6.785599724847390934e-01
1.083269751425673277e+00 7.542865262466674103e+00 9.532900458519053544e-01
9.089613923153351038e+00 2.713581731021910315e+01 -3.797860862336623761e-02
8.576081035391556640e+00 8.704790028484943321e+01 9.901963091622073554e-01
8.339515857063317661e-01 4.700028241032569554e+01 9.502477133632623030e-01
5.326203994139592224e-01 1.080926146563112056e+01 -5.412656449873393116e-01
5.259065092438248712e+00 2.199230323359955719e+00 -8.478683791409834525e-01
5.234324632198841254e-01 5.393744695581129633e+01 2.206494966429067284e-01
6.709430920055768688e+00 4.237616142289400756e+01 1.716974584500992329e-01
1.133032585245234758e+00 4.479079811815158507e+01 3.608893361496232077e-01
1.335913063795453048e+00 7.199928699956556954e+01 9.279158035733956478e-01
3.340571370614696001e+00 4.013476294468553363e+00 8.928192692711320877e-01
1.321334091637706543e+00 8.984350125315800994e+01 -8.729642114717715007e-01
3.989787050799645129e+00 5.555076822350910959e+01 -7.031490084884306491e-01
6.799720962709189465e+00 8.146806810281586309e+01 -9.410547925268518688e-01
1.154386847045213216e+00 4.228542579257010914e+01 -8.851368134203505544e-01
6.274912552850869574e+00 8.004403096699981290e+01 -5.979337874003401443e-02
3.245008580567082523e-01 3.357813045189489998e+01 -9.994298764926830003e-01
3.153818910300436151e+00 7.181499896998444399e+01 3.341873300372315558e-01
3.404382436299474346e+00 7.830635179291222414e+01 9.750625138472930331e-01
3.929467203428512523e+00 5.612702850701867874e+01 1.790717636051487316e-01
7.918136145582506114e-01 7.519443231848853770e+01 -2.309872154300176283e-01
1.564127444491318908e+00 2.671041198554425478e+01 -9.778772391083531135e-01
9.611832397032220143e+00 5.522358726282623564e+01 1.738500498961733642e-01
1.796996430404778522e+00 4.711683482285781110e+01 -5.744035363271329242e-01
3.076372307908081249e-01 4.687329657292208651e+01 9.411125828598759790e-01
3.832827396282983745e+00 6.902336923969277116e+00 9.905100523307123206e-01
3.118051787555879972e+00 8.504132043658708540e+01 8.119945767103484702e-01
9.173771939539669518e+00 3.148304720704791393e+00 -6.041696276729360271e-01
5.919889353553133837e+00 5.666598518884957691e+00 6.282489729999146677e-01
8.463786653747449762e+00 9.727141213479217186e+01 -3.497916863744571225e-01
4.420792085262612581e+00 2.478244856056264211e+01 -8.535130802872867850e-01
9.559123420631909340e+00 6.639832316877925678e+01 -3.399521433040806895e-01
6.910997080094625211e+00 9.767898450775518882e+01 -8.257197799932314286e-01
5.585346983155590195e+00 4.436183584882468267e+01 2.399628008662522127e-01
7.402446456727845181e+00 9.645842978018383462e+01 1.436515784222878178e-01
4.531099691967989784e+00 6.593071328434060518e+00 -9.840492235939951593e-01
4.312472224494412032e+00 7.549848868803593405e+01 9.234705187176383001e-01
8.502611277020665881e+00 3.703053903809047398e+01 8.603558872732679497e-01
5.407169180194484337e-01 9.561990465153013474e+01 9.545931310630599853e-01
3.218064594777538256e-01 8.210263083043238908e+01 9.693754793646365275e-01
9.717463039933820212e+00 8.824367450724238893e+01 5.226768734738903577e-01
4.747097359604289579e+00 3.986098918251982148e+00 9.140608869554119054e-02
4.396009244698868557e+00 9.176898315373017567e+01 8.018741117583998435e-01
3.459170940567488639e+00 7.881302371807809948e+01 -3.835864239180025725e-01
1.735957743135082554e-01 3.046360242008670127e+01 -8.465251391087929012e-01
9.537183451116854060e-01 9.977094823079757191e+01 1.332897884997366611e-01
9.992178962922732666e+00 3.642480952619781220e+01 -7.762954975389959600e-01
7.973533659372749938e+00 7.376660698918277603e+01 -8.118924558221567445e-01
9.872985319482811661e+00 3.566866025453629874e+01 -9.295354769864816458e-01
4.725955479947909765e+00 6.664677199022403897e+01 9.986748020666028625e-01
7.156218384524485110e+00 1.458603439905565402e+01 -8.106375760765346383e-01
8.978694281754821205e+00 3.486032783668309776e+01 -9.964690597225408508e-01
7.450257565735979526e+00 8.947085493168712844e+01 -4.074640566194231983e-01
3.202686242457933319e-01 7.747408414853940428e+01 -3.289819749693650291e-02
4.374594567022842995e+00 5.630550002946588961e+01 4.257300674962133935e-01
5.157755384207390215e+00 8.089166129072690126e+01 8.498061750260567093e-01
2.686861751316976132e+00 3.957622048313228191e+01 6.475396827530617294e-01
3.913987932408788950e-01 2.203605765608092781e+01 7.627144558710663436e-01
9.237929917969779581e+00 6.506169691637661856e+01 -5.203904452109756607e-01
8.410117019438988706e+00 7.136154472001813964e+00 -6.596760544934826553e-01
1.482086191848655865e+00 8.744202037366260072e+01 4.223303143544634430e-01
2.090987029991298485e+00 1.190306327836358946e+01 -4.695120350343217619e-01
9.447880845928290583e+00 1.518032564741897694e+01 7.536869060124883335e-01
5.854377866065562763e+00 3.048863784909659103e+01 4.732755729592975080e-01
9.334498279481048044e+00 9.183152425118579743e+01 7.319537077540467784e-01
4.987865059244743549e+00 2.908644469789079778e+01 7.692376107444747202e-01
8.519237750947585397e+00 4.694793093317153421e+01 -7.717053801116924294e-01
1.422591658286620930e+00 7.949515776172063397e+01 -4.574066880387972489e-01
2.279618886800262589e-01 8.708919829692565884e+01 8.489157407133848254e-01
8.153636096837711733e+00 8.953387254078216984e+01 4.152173419251721787e-01
9.973892385506230696e+00 6.537176956970033359e+01 -4.010872709125073987e-01
7.785469518995960847e+00 4.279968234201417232e+01 8.717727563105709399e-01
7.251612374677439909e+00 5.220144517118777827e+01 -8.978663525192309702e-01
8.538770346747424966e+00 1.314281043667268456e+01 -9.999413141079573908e-01
8.333905514856507324e+00 7.527411962728091055e+01 2.369061185787807878e-03
1.620792154749996383e+00 1.437185860040731100e+01 -9.925427470626844162e-01
3.643260940378616475e+00 5.066398257612397593e+00 -3.874839983514406505e-01
5.825288746374076787e+00 8.817759582811908103e+01 -9.916481926198441599e-01
9.679492740392205974e+00 1.201967302628887424e+01 -8.983981605858724073e-01
1.521271591909587162e+00 5.339333419653365809e+01 -7.759802703977609628e-01
8.503701038029928938e+00 7.790168928232405676e+01 -9.670669551829904620e-01
9.017688696245146573e+00 5.058036549885942179e+01 -3.435224481541827579e-01
8.018838250022970016e+00 2.008441442886072892e+01 8.594606718219390817e-01
2.774090083708382615e+00 7.873543298696364445e+01 3.745374727663180470e-01
5.269091563255640764e+00 4.567584881956346976e+01 5.789959505880823976e-01
8.674392538957748755e+00 6.398385125433668996e+00 -9.701966153649660418e-01
2.650328648662309217e+00 2.066901034936980608e+01 -9.671905897721004841e-01
5.962576059844438836e-01 7.490466800346598575e+01 9.390107461128800459e-01
7.886222830535048800e+00 2.657411722372017948e+01 1.993704094554422102e-01
4.062665672293313435e+00 1.126278644701824305e+01 9.248011591115842256e-01
2.228905215712367216e+00 4.072507135030076597e+01 9.511863988241344714e-01
3.681008579634558409e+00 1.587852932593837707e+01 8.078937217662939263e-01
5.751327200265341943e+00 7.324272259154675169e+01 -9.995823957943366089e-01
3.546005723800768283e+00 6.208919659387536427e+01 8.371852522801552787e-01
6.817843238188642019e+00 8.164124158199491887e+00 -9.994402680647573867e-01
5.192488143367597786e+00 9.056240543688579692e+01 3.829255639287523771e-01
1.275037112468488387e-01 8.978860419872825105e+01 -8.314467807150203171e-01
9.557409299626060672e+00 6.562692700324220141e+01 -9.542583551298974842e-02
4.226789197827414135e+00 5.611854202121558899e+01 4.973338947203382876e-01
5.948679397069702723e+00 5.595564589756018847e+01 9.817313121019333177e-01
4.652970473582779043e+00 7.070152038596256716e+01 5.673031048783728769e-01
7.935109384923176634e+00 5.362610445577406182e+01 8.408818175680000673e-01
8.209029163770050763e-01 4.568411335309093602e+01 -7.897723458801745311e-01
5.995079459441075009e+00 9.926328954336736388e+01 -9.376475141564200033e-01
9.524810427966764692e+00 9.851891847216920439e+01 -1.868543917084910799e-01
4.465714713034277139e+00 4.536394486040254037e+01 -9.762480671173325852e-01
7.804323568117610854e+00 4.046022551400946554e+01 8.478620054173597875e-01
3.658272908456319250e+00 6.811247251952244675e+00 -2.724200286210042288e-01
3.636340077973716944e+00 1.426889179687237430e+01 8.400645846574240627e-01
7.303366135494363753e+00 6.264648461727363582e+01 7.579302321975571743e-01
5.379283940365104044e+00 1.414418619081306616e+01 5.503302448540208225e-01
4.729685876767437236e+00 1.444635983624332098e+01 -1.092731767731917186e-02
2.019308426759927944e+00 6.357530502047355014e+01 7.762468619930462665e-01
4.299682081353006780e+00 3.068171033661057123e+01 -9.766275971853236593e-01
2.710406288494921601e+00 3.793420277642614025e+01 7.508210071739612745e-01
1.891548283486822912e+00 5.043660460916736099e+01 8.474573905183344635e-01
5.861413116933631429e+00 5.365119384800055968e+01 -8.069137805465866897e-01
3.980437454334661229e+00 6.672641975684875604e+01 -7.590450559933791252e-01
9.057122222624716557e+00 4.785588792213092546e+01 -5.260103453874489521e-01
6.387659857190555179e+00 9.501738083798544210e+01 9.141123472563926766e-01
6.755903145474299265e+00 9.364472089490681128e+01 -8.815045539709672751e-01
6.208185962933358226e+00 4.292957983925908216e+00 9.963225553247913036e-01
4.501787373263120173e+00 7.037914024577101202e+01 9.989398237871888186e-01
3.761452728125438849e+00 5.316421475084577963e+01 -9.942828074098573055e-01
1.016237068291816925e+00 5.390193846146611634e+01 -9.256529526616574799e-01
8.118707188186174761e+00 1.760906066160599082e+01 -9.998351999438354065e-01
7.727211454790734457e+00 6.661299317908755313e+01 6.893537544708231435e-01
5.959925788456996720e+00 4.439645369479426051e+01 -5.996442682429071747e-01
8.783291900962717946e+00 4.386173522477908904e+01 -9.903769337063949019e-01
8.488125380489705663e+00 5.977558387195589518e+01 -9.224953051371371782e-01
2.894086336437193374e+00 4.157593055743062394e+01 1.913079742635369340e-01
8.240989884387213138e+00 9.739115757001243878e+01 3.787329357407691055e-01
4.001661001910898463e+00 3.049415101755225876e+01 1.154125279742381632e-01
9.918351256992975706e+00 1.397666668082169927e+01 9.208726650175241835e-01
5.043710336430721419e+00 1.690316422668001550e+01 4.519723998566262391e-01
4.057059151092133220e+00 6.819926224391875280e+01 -7.575851116463911961e-01
8.434599159952140823e+00 6.688243237239485950e+01 6.940862635836624328e-01
2.204212619535423467e+00 9.879588127442174539e+01 -8.537476588315077164e-01
4.825508073227687156e+00 4.893178524250541983e+01 -4.439509354458279211e-01
2.329402271503711486e+00 1.509032195546246236e+01 -3.800006881548660654e-04
8.962058602146651509e+00 8.890431046770570944e+00 3.348821406557553337e-03
7.751050951559476765e+00 3.212354520288057813e+01 6.055180379865550133e-01
5.079344820567778918e+00 2.372385836931287884e+01 6.626574457789448092e-01
7.147993251572905216e+00 6.893307122632798212e+01 -1.565154186725171426e-01
5.090586480031695338e+00 7.896448511291328742e+00 2.312343439319776706e-01
8.976958840870278067e+00 6.828717639644058579e+01 -8.424090140993474307e-01
3.974729837761703521e-01 6.748835026570735351e+01 9.672748695232091798e-01
7.806227882327836376e+00 6.787983403986966380e+01 9.825859823043945340e-01
6.350884971144519220e+00 6.598926730295616494e+01 7.478080661638677462e-01
1.332031389779498587e-01 8.418970442270851606e+01 -9.945045729159484038e-01
7.580469512396894594e+00 3.148665412405369324e+01 3.524649807351404318e-01
3.274501162652534880e+00 2.893693425173350775e+01 -5.285908858021141910e-02
5.159297853052161820e+00 9.619124085839683858e+01 6.122917219424498514e-01
1.422020136852677696e+00 5.378200927109782725e+01 9.694630365603627009e-01
3.544236603905590588e+00 1.419387125006372763e+01 1.733198645937399640e-01
3.449498180005153181e+00 8.702211062790497920e+01 6.984758957321359762e-01
2.089221601894243552e+00 8.488170882339692014e+01 9.898686556574988193e-01
5.475725911459604411e+00 6.317042061707994094e+01 7.431149360706797991e-01
6.024478483019087172e+00 7.480072477825976307e+01 4.730290515150610831e-01
5.897825098365170327e+00 2.264217619687964422e+00 7.437333193090333028e-01
8.541021870875782795e+00 8.474532088502810723e+01 -6.523146096169800678e-01
8.369306291390296693e+00 2.079991703629151800e+01 1.306378762422127082e-01
6.144987977384682054e+00 4.805857219337960373e+01 -8.470395369793907170e-01
6.290142938302315301e+00 8.280232170044882878e+01 -6.318608191384450512e-02
1.318765171819353155e+00 7.853212785832816678e+01 -1.522048853261131207e-01
5.526783400379572164e+00 5.387187964716397914e+01 4.607859058424900178e-01
5.883614681457448592e-01 1.720953116858813559e+01 -7.275513622338383168e-01
1.153379051663881993e+00 4.895130683094283341e+01 6.178183103456625913e-01
4.233223856481412861e-01 6.492020418561878614e+01 7.353237406328494430e-01
8.595642034245205565e+00 2.761847073174933342e+01 -3.308378753399214278e-01
6.166689692541728718e+00 9.352255127633452503e+01 -6.791956526752300771e-01
5.990184291362625757e+00 8.482616445273865935e+00 5.256767020287687053e-01
2.202852419189059718e-01 9.196311233028909271e+01 9.665108111160994886e-01
9.237231875864598152e+00 9.038715194460638713e+01 -5.583812478627111497e-01
7.219550156228302207e+00 2.979517997356764880e+01 4.844613230922575342e-01
8.181847832741249604e+00 5.764546811080120570e+00 -7.755276774627104519e-01
7.164970266481848427e+00 8.482596262321733604e+01 -9.999859211099351164e-01
6.607863470234773828e+00 6.000934693893661631e+01 -6.039885257248122086e-01
4.503330515423647817e+00 3.447371563067775213e+01 9.926925143663478668e-01
2.291376465105015470e+00 4.357134574121285908e+01 -9.382519409295848600e-01
4.901884360443079736e+00 2.740400472304366630e+01 9.924154330395561496e-01
5.996689540817421893e+00 5.188043295305928382e+01 6.081791446565467663e-01
9.344211099176414237e+00 9.697173815711975919e+01 -5.028016104904413641e-01
5.448140516590840754e+00 6.880521825928612145e+01 -2.170636494290478780e-01
7.226806109485853113e+00 8.254825192696422675e+01 4.836549364015317876e-01
8.389331153561522925e+00 9.701778780114371159e+01 5.314201322268498062e-01
5.271845412178846502e+00 6.323644905234728242e+01 -8.448714782112770605e-01
5.951041570563469385e+00 1.159372539283100068e+01 -5.696151734290513247e-01
7.556505129843455570e+00 1.793695172904699575e+01 9.991103130174958658e-01
1.351378168969338933e+00 5.238122149050510501e+01 8.842756998519472056e-01
3.244312056276844825e+00 1.771386344086913311e+01 9.202267846724384581e-01
4.738992428909551080e+00 8.970866534585020702e+01 -9.471778582618662901e-01
9.502628619116167741e+00 3.550089141085602762e+01 -8.477975449747225944e-01
1.408290257680965718e+00 3.628598251532599051e+01 6.662742846086283643e-01
6.658016316852086725e+00 2.208307655050167284e+01 9.153575363218507954e-01
1.123915698514211137e+00 8.543012997734989256e+01 1.838979203051712696e-01
1.499564325986358693e+00 7.420797966278105662e+01 -2.719410280518447798e-01
1.316270763320679826e+00 4.905112323663259843e+01 7.034127025662655353e-01
3.811766459764671655e-01 2.463115837274606790e+01 5.073408571251203369e-02
3.609357849637164772e+00 2.364975009160104946e+01 -9.854078576149245539e-01
7.065713125690010976e+00 8.682829350765885579e+00 -6.321466635627353003e-01
2.558795743391512723e+00 1.201417557738328412e+01 -7.582784714421917371e-01
4.909707162619546317e+00 1.460081068552493910e+01 8.817134235571322254e-01
8.848903699564607095e+00 3.995228451644878476e+01 1.021283214891199886e-01
8.348423252109897774e+00 9.968987204413703296e+01 -9.987934778572580274e-01
4.219285910483957736e+00 6.760417320429830568e+01 -9.762789904708076838e-01
4.671276416250276675e+00 9.129505047943152363e+01 2.229644423616625737e-01
3.725371026108728501e+00 1.380899207266328510e+01 9.893229681188905333e-01
7.740888646442203758e+00 6.848998821026046357e+01 -5.143231601137007170e-01
1.342764721718662513e-01 1.242595258474765263e+00 1.669584955945253857e-01
9.851723861447403863e+00 7.004706606437071059e+01 9.825468287916612198e-01
8.152446820558944651e+00 2.611396949489514796e+01 5.910315487426990311e-01
1.047167873223289636e+00 5.488084728296010439e+01 5.441427119111759136e-01
5.905419495746212277e+00 2.073591156870725172e+01 -3.476913775860016043e-01
3.259286461157283821e+00 3.544563262030804651e+01 -6.057075743186663974e-01
1.040997903063612062e+00 9.051985792416778054e+01 -2.222787535518327973e-02
7.467424281519015494e+00 3.532296302567512924e+01 -1.347541499812111021e-01
1.586472633428389845e+00 6.323094720360312948e+01 -5.734100304726814645e-01
3.838542373550053899e+00 3.116967690675494751e+01 8.730883558383244203e-02
4.561062460988150491e+00 5.005921427320579653e+01 4.408034497104980631e-01
8.128902416982267676e-01 1.697958480063283915e+01 8.781477270563761151e-01
5.488623222637891708e+00 6.663274392074998786e+01 1.743109089120992855e-02
7.878880083598832407e+00 2.931979539422115622e+01 9.224693069712505133e-01
4.909836884502324139e+00 5.936255107789475716e+01 6.519047490124700861e-01
9.164063861956954327e+00 1.597950494481048977e+01 -5.581806412389258565e-01
3.681968430531663117e+00 4.587054710951411352e+01 -9.987926177391871496e-01
7.502848475925103955e+00 8.181836182020003179e+00 -9.987219563547360401e-01
4.851253991050028525e+00 1.019111650952414294e+01 -9.855243827323963979e-01
8.501071581928966836e+00 5.825162145503919930e+01 -4.122781459441068330e-01
2.549299809812843431e+00 5.747115626788975362e+01 7.429480307231061120e-01
7.496699937852891793e+00 6.353172787254395359e+01 -5.877950820008519539e-01
4.891513174003773834e+00 3.954300454164024092e+00 2.190179587522016469e-01
8.682991048777529031e+00 1.687412997997949304e+01 5.853224180345635297e-01
6.655211686401737659e+00 8.955987215275568758e+01 -9.218949387392578743e-01
1.459788537227498573e+00 6.599679505310072614e+01 9.307901783658364403e-01
7.151499171765880014e+00 6.679551987074024311e+00 -7.117417760854740649e-01
8.098938192212791876e+00 5.858203840119772110e+01 -5.421592470785564499e-01
1.960096899112376834e+00 2.533550423686369157e+01 -5.835926937175848206e-01
9.569833823043586207e+00 6.854148967478171528e+01 6.297485118076011357e-02
4.410804960437288536e+00 1.296365262248412442e+01 6.242412804296847417e-01
3.939988658187360659e+00 8.045687748482838231e+01 -8.440133872654222991e-01
2.703066485464609148e+00 7.281910072911236398e+01 -9.798245091709486543e-01
4.363041606626850921e+00 5.885161147152509642e+01 6.882039083550373082e-01
9.576837438616401244e+00 1.689085200304592149e+01 -5.224126538365745365e-01
4.351926331260647096e+00 5.992260107768284172e+01 6.893948229883755108e-01
6.947476953440622438e+00 9.566005039898990958e+01 9.047992929669917972e-01
6.285625750102817655e+00 8.539929088825687131e+00 3.444617875368676252e-01
4.011241316601456219e+00 7.321801952691589577e+01 -1.040217855232286326e-01
8.385156833408268895e+00 9.027348088795764625e+01 7.694246173341094952e-01
4.644450600529045126e+00 6.455468943273771742e+01 3.740924295352608953e-01
7.148527145633410740e+00 6.488169096050884832e+01 -8.360049263950981580e-01
9.297309056329460475e+00 6.745424602081831722e+01 5.830141538346205188e-01
5.595809590108735243e+00 1.339423765326754356e+01 -9.996189046189780658e-01
8.588891835611381254e+00 3.801217204925286808e+01 3.092259294199252717e-01
3.074723119096278268e+00 6.426583651214256676e+00 7.946794687164898674e-01
9.034172396534078331e+00 5.295196036585112154e+01 -3.303310443739518876e-01
7.925181101319956234e+00 2.928279591836620099e+01 6.641944971189204239e-01
6.104544524314464482e+00 9.875476980835341578e+01 -9.975251288563262708e-01
4.506849839963485316e+00 4.731799985638885886e+01 -8.904621612025490629e-01
7.920026360945602306e+00 3.288785215706210607e+01 -5.515562680446782773e-01
9.960944802587876623e+00 3.333894659115414072e+01 -6.249692939777947709e-01
6.129160150761351566e+00 1.388240706853955153e+01 9.348918492188582618e-01
4.985230266101468466e+00 7.521371503942772563e+01 9.111782155675889339e-01
4.846827432876866126e+00 7.403787257022817414e+01 -9.851864290669430924e-01
2.928176929376734350e+00 7.885415573651040688e+01 2.799699395238592348e-01
8.172792144679011273e+00 3.037947775536199657e+01 -9.242178860962591003e-01
5.561821250436505437e+00 8.536075994161822678e+01 -1.759831970306494908e-01
1.276206130241913206e+00 9.629822291877501073e+01 -2.640192314908322846e-01
2.943153626751741747e+00 4.206303785235689929e+01 -9.336206597590357426e-01
9.189017557097752587e+00 3.792749517106200585e+01 5.456958506228051231e-01
1.985918295953559731e+00 7.214088169610218415e+01 -7.733055204137677663e-01
6.906125064507256717e+00 4.870449541197165644e+01 -9.644642352162554610e-01
9.571614445825689543e+00 3.632857520470373913e+01 9.579914138392510159e-01
4.757104904580534921e+00 5.887480348282022646e+01 9.264829310843065713e-01
3.976193314086655217e+00 5.221943443013648434e+00 9.501508894512415981e-01
9.931390659430311629e+00 9.475163467607745815e+01 -8.840847586804759795e-01
5.036873498801712756e+00 9.321805563219594148e+01 -5.208512231330347797e-01
7.560652611389749866e-01 8.389293736017614833e+01 9.995934458768476194e-01
5.200733565987901708e-01 5.444897192772976524e+01 -5.998016559208950438e-02
5.359116547485335502e+00 4.310710194557846542e+00 -9.731829758038820222e-01
2.479311527407260130e+00 3.101112562816805962e+01 6.336507644846856024e-01
4.692135855181117421e+00 1.410256435146194320e+01 7.559013939547617467e-01
4.153108257887994093e+00 5.493202385362525320e+01 2.462676439455601940e-01
1.128867147816088101e+00 8.682376375639906030e+01 -4.503182679288587620e-01
2.260976834432397720e+00 2.949699470893799713e+01 -9.657338452760727554e-01
6.148121443207087644e+00 8.985494700544141722e+01 -8.553911113030456814e-01
5.138610305032499603e+00 2.309402592512990893e+01 -9.955480033968688858e-01
7.420742437174769002e+00 3.323465386451011483e+01 9.326846050190178428e-01
7.391381793201142747e-01 8.393812003598603155e+01 -6.271629046071464098e-01
1.246268993065684949e+00 3.622392793025611013e+01 9.952306638572416819e-01
5.259533322263075128e+00 5.535664230001525254e+01 9.816828002229672778e-01
4.330031489832738778e+00 8.105434849472740666e+01 -9.822115365068296855e-01
3.568681952844961813e+00 3.772241964898269018e+00 8.188320039922265536e-01
4.896960943385486154e+00 2.662986879485001879e+01 -9.666549055017952252e-01
6.933099372722483222e-01 4.518203980059379887e+01 3.131471274285796969e-01
1.001422956463513980e+00 3.859633789402657555e+01 7.856406106282023405e-01
7.343167573743810017e+00 6.657479584597818700e+01 6.635915631464631703e-01
1.810469393229989121e+00 8.175201787893886518e+00 8.822876733932040194e-01
4.291461471014871520e+00 4.158525844906621671e+01 5.296051149053935259e-01
1.537951081558934119e+00 7.240313347491189688e+01 -8.059413624769883322e-01
4.378875190805186612e+00 3.377742695913752158e+01 -3.828280456056585290e-01
7.558031327329513438e+00 9.830666481821755553e+01 5.477618222660884939e-01
1.973660388667661136e+00 4.547620336551565146e+01 8.540220678715798597e-01
5.528719987438191374e+00 8.361620143543491679e+01 -6.599026335113066244e-01
8.494926512075529956e+00 4.081662356890840471e+01 3.065537661299425412e-02
3.816552927769220060e-01 8.206982669824068921e+01 3.462179726553276660e-01
6.266720687828820635e-01 8.190222875967791083e+01 7.034719623902300212e-01
1.091340213629446998e+00 8.654037517712185945e+01 9.404329897876644306e-01
9.185047006456287022e+00 9.988438051644584448e+01 -4.635053623224807406e-01
7.860219754925265256e+00 5.047798726854890106e+01 8.716522549250240726e-01
8.968528477624696293e+00 6.200989708944488399e+01 -4.977528438735884242e-01
5.309205291410816763e+00 4.246041826096621286e+00 -6.675270796356042036e-01
6.654019621737571555e+00 7.238701435476069435e+01 3.040416935988216607e-01
8.637028018551774267e+00 8.049823435024160290e+01 -2.221464973070371440e-01
2.598761702900648451e+00 5.324075017447895419e+01 8.846488391894687942e-01
1.015760004220298329e+00 6.451828053310958921e+01 1.709609068756800798e-01
4.317359669785988174e+00 1.810013631302250303e+01 2.313877521905739199e-01
1.875410147765104840e+00 2.511934375318945811e+01 5.991552471056197371e-01
2.644010123481211227e+00 7.436000907606978672e+01 -8.308272343041750441e-01
5.010305462098510354e+00 4.741188761497488713e+01 -9.247352978158054904e-02
9.933762678679267655e-01 2.885453390369342941e+01 -5.227940888144629872e-01
3.435360608896758539e+00 2.362218510177983077e+01 -7.571116147340570812e-01
1.828133974221269220e+00 9.138440660104978974e+01 -7.606151604356827800e-01
2.875772397574036798e+00 9.905287203507513993e+01 5.121893251282008119e-01
3.867161460178065280e+00 7.742523886575156666e+01 -5.753966812106086071e-01
3.456789595009232219e+00 7.705005373265863966e+01 -9.415080278006829895e-01
6.502704625146556339e+00 3.112392533059339783e+01 -9.870152344493910990e-01
6.623815256631333526e+00 1.850155206151380582e+01 -4.948852258349280553e-01
7.794444605469888820e+00 8.567198452539639675e+01 -5.425959357801477534e-01
4.768920502043440202e+00 5.858829390028914474e+01 -5.664695415480148766e-01
1.821943604717916720e+00 8.036691323724438973e+01 5.061927170407066745e-01
4.735006584584262157e+00 1.154082161804239703e+01 -9.544126554418851383e-01
5.734559666832494074e+00 7.357765780977173264e+00 -9.996696608418746965e-01
7.687437193749997455e+00 7.076815814683736505e+01 5.867167553193634033e-01
8.004406051248640352e+00 6.224379490000427495e+01 5.511351333549929787e-01
3.147051441569157948e+00 2.622965268076723788e+01 -4.581425740961550530e-01
5.415549381906306969e+00 9.264240563621889635e+01 -9.434871660054774400e-01
2.591475162475893601e+00 8.601075150703699990e+01 -8.276168708546489672e-01
4.716359077954638046e+00 6.642721489796454648e+01 4.366098398964960992e-01
1.361511232163186147e+00 3.368315485884238569e+00 -9.940382088009664940e-01
6.194001609460157987e+00 5.703947794737807442e+01 -9.451086926421399248e-01
8.762407158649107686e+00 7.970035178049489843e+01 5.705236218721261299e-01
2.186488156069136490e+00 8.394723586649566016e+01 -3.153328163589640964e-01
1.949863521474241024e-01 5.480068801183190175e+01 -9.740154668629457113e-01
1.095990914320263965e+00 4.881632500052170087e+01 -4.689090092413456534e-01
4.431799309313354529e-01 7.640373498104779060e+01 8.789121441932293832e-01
4.553768442452267529e+00 2.078388184616756895e+00 8.306641021860653286e-04
1.083382009344344699e-01 3.210992482636611101e+01 -3.416561986794462435e-01
7.395674302802832223e+00 8.621969685360188151e+00 5.367299904356096496e-01
5.642533874926689563e+00 7.631220808845426973e+01 -9.033316577524223012e-01
2.504326148704322907e+00 5.399938756240449322e+01 4.502106670137570044e-01
4.353268137942161609e+00 8.106213435442504078e+01 -6.167986102213032229e-01
1.739263906424582506e+00 2.850941167984022684e+01 -5.928399318226134501e-02
2.081581083035652924e+00 9.700828863693485005e+01 1.253293194724838244e-01
9.510893941539082519e+00 9.060275683332973529e+01 9.894717256165028729e-01
9.181126121804771500e+00 9.245492880337133457e+00 -3.575458683228600609e-01
2.777908352014414994e+00 7.617964380234346855e+00 8.723882275522734098e-01
2.980028919231536566e+00 4.339149924521603197e+00 5.681107381267934686e-01
4.845804492011275499e+00 8.500003931247682942e+00 4.055217548517942028e-01
9.296944403519209477e-01 2.862755857864386400e+01 9.925777033484953771e-01
1.749634552436079904e+00 9.389701019258474446e+00 -3.818519572169027931e-01
7.011867431996609668e+00 6.483201909721671541e+01 4.439453329578409990e-01
3.225371111530478618e+00 8.348769857571909370e+01 7.755960039017243401e-01
6.176731235289141253e+00 3.820710930016799978e+01 -8.312558783872749935e-01
6.031084436849865504e+00 4.628475916159310799e+01 9.947420669751690925e-01
6.874676274782722807e+00 2.482997646988319929e+01 8.175842708459759578e-01
5.569637413894846789e-01 8.062172652591057442e+01 9.079332519863257678e-02
7.610012337602460875e+00 5.283823938337234694e+01 1.133430835582103363e-01
2.579466661791713467e+00 3.322548915440991379e+01 -9.853986071328580953e-01
7.803659768683094633e+00 2.044903499459875462e+01 1.388280812056492952e-01
9.634514322722283808e+00 3.344630442919924462e+01 -4.919253459566738096e-01
2.060741434341090805e+00 9.659968385565194637e+01 4.176225063892736178e-01
1.405252199067856589e+00 9.866794665976550505e+01 -9.074325739191893558e-02
2.572462766900259989e+00 9.796795721156928494e+01 -3.737044229164248610e-01
5.807302285432173861e+00 6.775433047778106754e+01 -8.440031191512316067e-01
3.406476772390114593e+00 6.634752593197457315e+01 -8.924289177568950349e-01
9.846393255073270012e+00 9.868791646849837207e+01 8.907483308181325388e-01
1.641315864851039974e+00 6.198156075093296380e+01 2.099985346803724673e-01
2.371768993987859897e+00 4.689887435229593393e+01 -9.981297355906717517e-01
2.902049515568753346e+00 5.178879644264831938e+01 -4.701297170029303252e-01
5.759492711851912361e+00 5.827779941340399716e+01 -9.821524480713611505e-01
7.905753710194779238e+00 4.136611908412319849e+01 -8.515070907988583349e-01
3.625366966518290379e+00 6.248319120794277381e+01 7.824253343493710044e-01
2.783932596289302897e+00 6.612112141002477017e+01 8.360482026667050981e-01
6.725049810371525716e+00 1.871904965395243181e+01 9.995355547094447735e-01
9.637878045379562053e+00 1.344313268064043498e+01 9.989165966401077901e-01
6.612455980315668391e+00 2.975802810293012968e+01 8.138145545490104160e-01
6.666047893216501485e+00 2.522476945770749523e+01 -2.919035640457372516e-01
9.282851846639223581e+00 3.422087380895009545e+01 -5.009840531600675551e-01
3.282034777935075809e+00 5.411982941858844498e+01 9.751740206516218423e-01
4.761879431265667151e+00 2.554508617162112216e+01 6.422749913775802622e-01
3.553887151873975192e+00 8.921294077804580525e+01 2.643035594843431424e-01
4.212331908522584989e+00 7.065388374913254665e+01 1.507706225700496672e-01
4.184981715252645174e+00 1.140070026383750879e+01 -8.641614701194921810e-01
1.871941442976485570e+00 2.574507669376463781e+01 -8.529969533074357457e-01
5.313904905810692192e+00 1.877974724330170631e+01 -6.672613872234227639e-01
6.075467160368380526e+00 1.660304943780446862e+01 8.553111340886552227e-01
5.726509446315654728e+00 3.650680209597994974e+01 7.537705599979284132e-01
7.938139302225246219e+00 8.672561937941656751e+00 7.365341827270734942e-01
1.480190846014334261e+00 1.737463629373907992e+01 8.436120700629762270e-01
4.163972710396974364e+00 6.197982012620549597e+01 -5.771453032797160265e-01
2.866953357082118625e+00 5.495679142397620787e+00 -1.295818351787001999e-01
8.497082040139039449e+00 1.583451972150466602e+01 9.508742904686069419e-01
5.206850272427438142e+00 6.210163508368415464e+00 5.462269365623585449e-01
6.945012569933138202e+00 5.623660278258632417e+01 2.642665977778215769e-01
5.786455639530637463e+00 2.440572355864165388e+01 -9.977886225205830906e-01
9.458699129850341336e+00 1.456928553242818225e+01 -4.954790020905698866e-01
4.901315006010209530e+00 8.779838177535430077e+01 -4.464004394157085054e-01
8.115443299091946727e+00 2.329252284650454641e+01 9.214209704505443854e-01
2.914730462609853134e+00 8.105282596935536787e+01 -4.346468895670853039e-01
5.323654480268408484e+00 4.848621786656109123e+01 -7.224664835287337716e-01
8.163993455877308625e-01 7.274146979406802416e+01 4.395218280145995471e-01
8.244235766619391725e+00 6.016731818573566670e+01 8.724583802229416429e-01
1.494595412355512076e+00 6.710487840945835103e+01 9.092678267546807636e-01
8.351980852680979339e+00 5.181944707871905820e+01 -9.854252723081632359e-01
3.536008209100461652e+00 9.123969640107870305e+01 -8.693257179894700037e-01
3.708822429490355344e+00 8.229024063303833714e+01 9.999969142230984431e-01
1.795627651464448915e+00 7.762303897983898082e+01 9.381517762360780388e-01
9.295849602167159276e+00 9.352852279970400673e+01 6.443845387349623755e-01
9.543416461194535572e+00 8.313999446399959581e+00 -5.320606570752729469e-01
5.473664546984871038e+00 9.757924500832417891e+01 2.167282400256836383e-01
8.353159776325471242e+00 7.900861978691970933e+01 5.039984766452689779e-01
1.311517013498151751e+00 7.971372722864772697e+01 -3.907224483710115548e-01
9.669084419331156255e+00 3.535596957223109627e+01 9.039545745832456847e-01
8.560690812739334632e+00 8.923287504281152849e+01 9.784181463762996467e-01
5.711357242268488399e+00 4.156368277291797853e+01 9.684208995204692805e-01
3.380450460528404033e+00 8.859768534110581584e+01 -6.641813679074033416e-01
6.042811612846278990e+00 6.520930569702720447e+01 9.823084632507530500e-01
7.217207326560991731e+00 2.202376763034386187e+01 5.494039089104102436e-01
1.951487961780725700e+00 7.932943830434417976e+00 1.435239751712580891e-01
1.494273092809513592e+00 5.977410821808692987e+01 8.936028059812730628e-01
5.129440907638381120e+00 8.375407781361924719e+01 7.137337482034061820e-01
9.611513256127681259e+00 9.499193312918737320e+01 -9.899030524794887320e-01
3.882719460218081675e+00 9.738719815764946475e+01 8.658395495180440937e-01
8.032519851718099346e+00 2.525286839142511841e+00 9.898903567213844790e-01
7.403202666763172957e+00 5.495756676403736662e+01 -9.215455416384086273e-01
1.903325950117617238e-01 6.749396919435459274e+00 9.680681642642727791e-01
6.577111949000311597e+00 3.171511316558685323e+01 3.444420803233694262e-01
4.511989056780515206e+00 3.603578220597746906e+01 9.806998206537494989e-01
4.782160943940849673e-01 1.752568461818333034e+01 8.535650224683102305e-01
3.770048045147019522e+00 9.329872285707185142e+01 9.634012596116272586e-01
6.316464531528435344e+00 6.763542905927155857e+01 -9.926734554720370030e-01
7.389358428828950665e+00 6.404537697771243643e+01 -6.957783821749979891e-01
7.187834314771066602e+00 2.329947949909720961e+01 -4.277408479836691813e-01
1.773361163401738494e-01 9.301096532044329024e+01 -8.798263397404042507e-01
3.450847263067553961e+00 6.262165109267876950e+00 4.109044319947988133e-01
1.029096938059247401e+00 8.973841131965252771e+01 -9.549519364303064028e-01
7.741502335731182072e+00 6.728406469717506866e+01 -5.880274319121817639e-01
8.992668614231630997e+00 8.560772744988173599e+01 -2.953986092257300800e-01
3.682288881218796384e+00 3.493906366658900708e+01 9.231790166448494706e-01
1.415574066573369150e+00 3.689077708272001388e+01 9.843923348759204828e-01
8.862813342918939297e-01 6.266215866913741905e+01 2.785547871350678717e-01
5.077103762671653087e+00 1.654233375119988381e+01 2.426787105119110333e-01
2.381744906538854067e+00 4.761195911866364128e+01 3.957215835196198350e-01
2.235138982315132417e+00 8.628044760600865004e+01 -9.027134292832387219e-01
3.262232023109576051e+00 9.017027022781691414e+01 -9.998335269364169164e-01
9.793310330000558395e+00 6.566560120462283123e+01 8.413510905498251535e-01
9.417404531704601567e+00 2.474596329929005734e+01 9.988988480108952350e-01
9.309895514023558860e+00 4.751626198797731604e+01 9.941311405438424398e-01
8.338622229972230571e+00 7.680035730201971944e+01 7.398960860600470868e-01
3.556038102365598474e-01 9.704522405394081375e+01 5.837184642982948812e-01
2.518347823035480992e+00 8.897783579547504473e+01 9.309244407183148162e-01
1.386681656061719448e+00 1.343199990415576472e+01 -2.371558712752408760e-01
4.274605292851420657e+00 6.873615683595635062e+01 2.678419150745345867e-01
5.161474240078017139e+00 5.394812694650241269e+01 6.494209424861063784e-01
7.835891014701292789e+00 7.840997739555287183e+01 9.744255402148704892e-01
9.105108772670289952e+00 1.044868144077043937e+01 3.554493018818132843e-01
5.958319230265521682e+00 6.497278220069321719e+01 8.921450793353578046e-01
6.022597589547894259e+00 2.587542363400822776e+00 -3.192833232106243035e-02
1.628605261927333681e+00 7.686007233564242824e+01 -9.999976845635154543e-01
8.594721667829121614e-01 9.712304848203683605e+01 -1.107863710280233838e-01
3.613104451373871928e-01 4.066699516799000236e+01 8.618745164474953535e-01
6.191731932110680958e+00 9.940300688140471408e+00 -9.916755219277098021e-01
5.120970305303317538e+00 5.747339090768108605e+01 8.222408942216932193e-01
4.505802595162043289e+00 1.357556170386326500e+01 -6.107175154428052810e-01
9.937253143485788698e+00 3.191223517523547670e+01 -1.937731038931982466e-02
6.001082034210459604e+00 7.863509375447631555e+01 -1.018108610098540923e-01
2.457980714271163603e+00 3.950937292218567620e+01 4.242398912130381783e-01
4.114101088876738643e+00 7.142804519722004386e+01 -9.287491024615004420e-01
8.230573621413330709e-01 7.491286671178868062e+01 -9.502337155050323281e-01
2.371700385996918126e+00 2.594610675772486985e+01 -6.552444249422257894e-01
2.312260251337016737e+00 4.501076333747003844e+01 -9.830008486566087500e-01
3.281754857062639363e+00 4.020366410596954765e+00 5.059950339413913367e-01
7.453745045951214010e+00 6.351395310904658942e+01 -9.356520398718279896e-01
5.970820825717527924e+00 7.389736712924339201e+01 5.600780195536071426e-01
9.333699026065659154e+00 7.184372202838967603e+00 -9.872211998730002769e-01
1.093924859578479514e-01 7.874195557669861500e+01 7.209535978054012473e-01
8.763942539359508288e+00 1.392151206622606985e+01 -2.337274512761250700e-01
1.852305020754540232e-01 9.652022522763574841e+01 -9.181276957315266385e-01
4.701672602457491301e+00 1.176803318629153416e+01 -9.926743813014248241e-01
5.401313967781220526e+00 8.464022594955932277e+01 7.161879775541402093e-01
4.595454057824099436e+00 3.665112621577799956e+01 -8.020040408382865804e-01
5.714595589862727643e+00 9.243789684457021849e+01 -6.845251165133193760e-01
4.069632562800151732e+00 4.926323556469005638e+01 -9.212554597844920812e-01
3.412760176757663189e+00 6.303375926933078688e+01 6.621986947055573391e-02
4.198447523277975435e+00 8.264790249631627717e+01 -2.507641895226033757e-01
7.226390428984711178e+00 5.037659658215956426e+01 -1.074748301168412801e-02
6.663023649040629159e+00 7.586947217088680873e+01 7.330900819985115557e-01
7.489648346891258690e+00 3.702978397755597229e+01 -7.761525370785495870e-01
3.107644165567863048e+00 1.146712170719901991e+01 -9.980508364531671672e-01
3.230074762617912043e+00 6.783163943661797646e+01 -8.259373116410082538e-01
3.919323225691402790e+00 8.687089534184133299e+01 9.844218170605291141e-01
7.734042547132903289e-01 5.894346601536792463e+01 7.036249950384328988e-01
7.952045023776245891e+00 8.192995289379799928e+00 2.037672616513009627e-01
1.220974254311038232e+00 2.595400539813769214e+01 4.928445857452148915e-01
6.381184518175056830e+00 3.412950250720616907e+01 5.436150955453733502e-01
8.146033603776199783e+00 5.927511342442259235e+01 6.647638668524864514e-01
2.042263542245096097e+00 4.782687105822937923e+01 -6.170724647678131891e-01
2.652507644630469841e+00 6.678097271384167755e+01 6.941916159323184843e-01
2.747634443951459282e+00 5.308264663932448002e+00 9.340553161879477928e-01
4.071883920162249204e+00 9.090700738589687546e+01 -9.807588038216316084e-01
2.811888941038779510e+00 3.221974084182539855e+01 -3.088980926115008491e-02
3.101730850967123754e+00 6.815635327733605209e+01 -4.614443816172554280e-01
8.014548056766502171e+00 6.822358843012223417e+01 -9.344213123425008094e-01
2.935823654747047762e+00 2.334829322032191712e+01 -4.155331419099815293e-01
4.414053495062652210e+00 6.434409085117457039e+01 -6.769657712003872563e-01
1.597784208526455085e+00 7.346584266289535492e+01 -6.177566414035216003e-01
4.827396404735210034e+00 5.880595017763302934e+01 5.949387119080041808e-01
7.625619652217722866e+00 7.391623044514357588e+00 -3.875400425789110592e-01
1.563507988169416718e+00 1.419363625811251861e+00 8.024434827513780011e-01
3.850585903984236502e+00 4.099769397396407555e+01 -9.996734934582602872e-01
2.195118846412416502e+00 4.142971349789336699e+01 4.582139537745558711e-01
2.091052475173353908e+00 3.938818631207554688e+01 1.721752759541248234e-01
6.526600099852275960e+00 7.953890338863200782e+01 -9.598410834171420269e-01
6.135524090058365188e-01 8.485881631687836091e+01 9.861865167120927866e-01
9.392399018597339833e+00 8.749999589258521837e+01 -7.679530985961937617e-01
2.109462482688420959e+00 7.774383749938924382e+01 9.520169504856621501e-01
3.973853845100328019e+00 9.817964673786299556e+01 3.172637764591930698e-01
1.838687526781259018e+00 5.493871758428414864e+01 -5.711532350228472055e-01
1.261939850731959689e+00 6.150553877664250990e+01 -1.760753799167556199e-01
9.099384984247775421e+00 9.399552464730903978e+01 7.818245525781719607e-01
3.322776250488949312e+00 9.309194225702003678e+01 -9.085236734136484249e-02
5.149902247623191265e+00 3.403243349133136064e+01 5.441840064802916377e-01
6.484062124855353382e+00 8.864925274391464427e+01 7.408509682729893520e-01
9.123974962176774284e+00 9.286714344899128548e+01 -9.923963463945849606e-01
6.817181979626480981e+00 2.459061156313610752e+01 -9.352805806255487520e-01
1.112878716853650918e+00 5.456857296209667396e+01 -2.716533909718400405e-02
4.181774364134072108e+00 9.955138908494309646e+01 -9.692299191009484671e-01
1.494204586566385551e+00 3.979418189753164370e+01 6.246391216836260085e-01
2.009278286529581958e+00 4.493119249133576432e+01 6.315184371415789588e-01
8.226140897534323315e+00 8.871258392208740418e+01 -8.986486739474308649e-01
2.238940789578879098e+00 5.710512209191151811e+01 9.154369345120814128e-01
7.600361945704656286e+00 3.621839225774502324e+01 1.482758627125584094e-02
3.134093183721330167e+00 5.483646787371738895e+01 -2.542923048242297646e-01
7.004808814073880008e+00 2.436243061828728429e+01 -7.651009758855874532e-01
3.658117342055470900e+00 4.819913405997399991e+01 -9.848794671818937863e-01
7.575444904050961270e+00 7.058846245695373511e+01 9.963233178590620298e-01
7.039552560629981137e+00 7.673428493457568322e+01 5.565937878456191923e-01
3.009618895569709629e+00 1.354963041871408791e+01 -4.629932116568940409e-02
4.493989804327132909e+00 1.642414454733131635e+01 -8.489113982044435014e-01
5.060700834872582377e+00 1.126926929991699922e+01 7.837643061578202230e-01
1.380554859673038148e+00 3.677686954341020709e+01 6.978266586243637715e-01
4.987143416321920597e+00 3.623055876127593677e+01 1.141784106596294562e-01
9.322317496984668495e+00 3.284358109390322511e+01 -9.861299860115931848e-01
9.337617326980679477e-01 1.081299976864527679e+01 -5.856413119255298172e-01
9.559104553345001420e+00 3.708697107689696537e+01 -6.388396048636288960e-01
1.254611743856641759e+00 1.827201733329961542e+01 -8.041720978101416506e-01
6.269644502208175929e+00 6.569750631788286555e+00 3.987549320514903184e-01
2.170821532688210986e+00 4.011789970233952829e+01 -8.762116634999924658e-01
2.169321375182001965e+00 5.731697434381278811e+01 9.712312298809794298e-01
6.878561144533065885e+00 9.667029817800656843e+00 -1.526624279491150538e-01
2.050502314044839736e+00 2.031184468427876411e+01 -5.285830381719383020e-01
9.147264229095139143e+00 2.756855633795558802e+01 -7.892385894256735701e-02
3.830723973136914484e+00 8.450086821960138650e+01 2.481035967094566419e-01
1.401705572066984873e+00 2.667568484447589761e+00 -5.927085014171422639e-01
5.998553217065741849e-01 8.540496415458666490e+01 9.313638613520079934e-01
2.402291384249225281e+00 4.583206823106522165e+01 9.458155464752068253e-01
4.657119690588060745e-01 8.810908271326995589e+01 3.973276170416013553e-01
6.153660636334931766e+00 1.647748821055774471e+01 7.538432236325256497e-01
6.036930254620709313e+00 5.739943044270717998e+00 -3.871742930172580865e-01
7.704969231557760700e+00 1.257046331034666409e+01 9.597549978332661214e-01
4.706282930115562202e+00 6.020816211546915042e+01 -7.228098721619820033e-01
2.485365792830699583e+00 5.032670178590358034e+01 6.724278305676744116e-01
7.497678198478286760e+00 4.737549311341475544e+01 -7.603204383540347333e-01
6.239325157099042229e+00 1.698274607752184195e+01 -8.935539792784378266e-01
5.595486284059434379e-01 1.668539738722215304e+01 -8.369348776753713845e-03
3.536227256093027904e+00 9.085374513057902846e+01 4.242904615860925155e-01
5.577455458771777286e-01 3.975753855287360494e+01 -2.397904660346225070e-01
1.796526311158537448e+00 9.563185125724827174e+01 -2.636623903202312547e-01
9.505615492396966459e+00 5.407346789878027948e+01 8.502354836278432915e-01
3.788940841891919931e+00 3.287714436897888959e+01 3.412567426945958826e-01
6.078295045568868460e+00 8.621167723726672705e+01 9.884411034284493747e-01
5.368415383559485221e+00 7.751954426746186755e+01 -3.355495715525307898e-01
8.057515916752775453e+00 9.417983794978719914e+01 -2.863070022848351326e-01
8.215007013591288043e+00 7.408644553582712433e+01 8.080673804151696782e-01
9.778413519945816645e+00 8.908827541259957172e+01 -4.090065955712503531e-01
1.941436879987162856e+00 3.660363440024705994e+01 9.796380772217425648e-01
5.632040068399518873e+00 3.358585193901677535e+00 -1.580247642799014196e-01
6.735472634293692806e+00 8.171597238570008415e+01 4.274761218715127375e-01
5.566111466692443166e+00 9.024853543501228614e+01 8.404523325709348791e-01
3.718744493034470189e+00 8.131780274961504063e+01 -9.927632236927795839e-01
9.175521750118171838e+00 9.237379308381265730e+01 9.581923057962972168e-01
8.728173102185252219e+00 6.954345783256300706e+01 -3.858819053686541323e-01
1.086132933897323571e+00 4.682911866347986063e+01 -6.885041591306751974e-01
5.114457062316371427e+00 2.191898732367200786e+00 -9.861011757240005782e-01
1.635099582784798944e+00 3.835810816623853725e+01 4.787898158515417335e-01
8.527404887781202092e+00 7.537985425372380632e+01 -5.684384994643200406e-02
9.157165157368947206e+00 8.193485371392844741e+01 -8.791949397807881095e-01
6.556395997373464013e+00 7.812414552099205878e+01 5.404297110801158377e-01
6.913458819489700424e+00 3.567668023626266915e+01 7.358817794677173785e-01
3.868217562608626370e+00 6.991112376894822944e+01 9.048643642702639545e-01
3.504900050226150698e-01 8.901416135456071288e+01 -1.780540481313488688e-01
9.934556194208154167e+00 3.296215603131265937e+01 9.684004936811783093e-01
6.563041815496776898e+00 5.929825879698002211e+01 8.728043563150080786e-01
9.134931520229674362e+00 5.270755812410575913e+01 -3.044075734088050877e-01
9.835568748802362649e+00 1.576057968519057262e+01 4.648575587594965669e-02
5.049783196286520948e+00 6.173031978543626508e+01 -6.626202928126797564e-01
3.481340804180384829e+00 9.683012873310825341e+01 -9.976074182483947173e-01
2.246682831397221580e+00 9.262804361765525130e+01 9.674635366924542179e-01
2.956982241271469025e+00 4.264759060985029038e+01 -9.834645778154363915e-01
3.383391214058588670e+00 3.806455303797039846e+01 -8.403124673758922691e-01
3.668673812105768040e+00 7.879827114363074259e+01 -5.443879260555983812e-01
7.139181327479954264e-01 6.085822543983696598e+00 -9.448267687575666596e-01
9.005563116226248610e+00 5.408414306125590088e+01 -9.684775298275861699e-01
9.825997970999353015e+00 3.715081992317139736e+01 -5.454869258415678823e-01
4.135224581192839644e+00 6.706739292357839588e+01 9.967892435101078918e-01
7.549906450034402638e-01 6.449724874994799961e+01 -9.609240360371251732e-01
5.195517163949122441e+00 7.846184702359718699e+01 -9.985736498645212400e-01
5.384696193571349987e+00 3.442888029361594704e+01 -9.288788985067201187e-01
4.838818936311356289e+00 4.144743243075009786e+01 -9.894742415119427426e-01
2.634735898367494222e+00 3.518302672594817437e+01 -7.550938255655016418e-01
7.483901341388912165e+00 6.134329895769155172e+01 -8.032459416761313920e-01
9.943032717013911892e+00 4.945372055089713115e+01 9.318175692676508026e-01
8.906562787639886736e+00 6.029019206012334564e+01 7.042517770848828462e-01
2.719123073965455273e+00 5.741681543741633220e+01 7.838545500238515151e-01
3.277641340478726351e-01 2.852737819350810966e+01 7.433515458404633958e-02
7.384147860077682424e+00 6.679008858854737163e+00 -5.456051468871547794e-02
4.940277435252542482e+00 6.341584927251508930e+01 7.031987488923181484e-01
7.557913974647292754e+00 5.203227986214617573e+01 -8.948484598846100369e-01
5.823536028678362619e+00 6.204337356661321223e+01 5.241665232155213322e-02
6.985697904510663747e-01 1.958099472496592952e+01 9.605061988669064688e-01
5.191304997985054293e+00 7.173724587260919350e+01 7.992532619851512310e-01
6.557870528754712325e+00 9.691350350355574506e+01 -9.673470800692202110e-01
5.610478097255393592e+00 5.726314540460377245e+00 2.669413192680824554e-01
3.398700960308107089e+00 1.666946710388923236e+01 -2.317773681813895259e-01
5.805046302581312823e+00 5.637442161179385636e+01 -9.535392958637809446e-01
2.394629475103985161e+00 6.279844173146390318e+00 7.080787649188573507e-01
5.091574287209465588e+00 8.395128911009926753e+01 -7.071678947662586312e-01
1.815790836035445999e+00 5.487161573081068155e+01 3.994501109719496290e-02
5.509786970723701494e+00 3.501686246287877680e+01 -4.516550486419789179e-01
6.163981833196126026e+00 4.484919232603760264e+01 -8.283941534649554850e-01
7.584818163220307774e+00 3.039241982532653807e+01 -7.893659983163887617e-01
4.284639877407545150e+00 5.382594246046611630e+01 -3.838566218915805961e-01
2.698602075151005586e+00 8.849883860839649685e+01 3.303313666758544431e-01
7.408851110969342235e-01 5.933834385465840633e+00 -9.435432758969037881e-01
4.634761964514641619e+00 6.337578011080083229e+00 -8.340888657760999747e-01
4.449620684456242259e+00 8.569917555002319887e+01 8.479204653545860948e-01
1.793835739622175351e+00 9.374593928239266916e+01 -9.624432395648645500e-01
5.063487986240602368e+00 3.129148235715980775e+01 5.920854402867319344e-01
9.618422209444875692e-01 6.267736197451392854e+01 -9.662175424105656774e-01
7.657761846572721964e+00 6.731905619160998810e+01 -8.020319766120368454e-01
8.188887101437394733e+00 8.048902951695446006e+01 -9.992699734772252373e-01
9.914690533855635479e+00 3.193404133103618037e+01 2.743820306405118647e-01
6.637293047935257206e+00 7.960294729315640438e+01 -1.969026742932519086e-02
9.210039098699386528e+00 1.383606599222527223e+01 5.634887942765859359e-02
5.359953076948950290e+00 1.735187006559199219e+01 -4.211281389853511747e-01
4.692040359619685574e+00 5.179229273900601527e+01 -9.988550401439142412e-01
9.643382017085022184e+00 7.115801146180209003e+01 -2.843748468666597029e-01
9.984548069160991801e+00 9.297680092917272532e+01 -9.433462064978035411e-01
1.860165553494580681e+00 7.894530678026681514e+00 9.148613407204264636e-01
4.556606532099705120e-01 2.252139335185768942e+01 -8.132067210767561782e-01
4.195909155182506289e+00 2.324572303705814846e+01 7.838833832159426696e-02
7.181944306749739049e+00 8.851953766758406061e+01 8.832480244583463813e-01
8.263053395076894958e+00 5.862774699635371434e+01 8.063888120790225766e-01
6.111030343713159674e+00 7.739399262369740029e+01 2.711061817983311806e-01
7.203411872552969442e+00 6.525276213711269691e+01 -7.850159087105182953e-01
3.294228325207464447e-01 4.625660558215231788e+01 4.057298961526135672e-01
6.366950738884531447e+00 4.737835199352181093e+01 -9.819638200977248710e-01
9.586235403624973728e+00 2.582407715785150160e+01 -5.513733164911586160e-01
7.475082874461948634e+00 4.076633896359634690e+01 4.176103097892036597e-01
1.561646150899582697e+00 6.413506789096948069e+01 -6.019522073233365411e-01
5.564943098358865470e+00 7.850220896285772199e+01 9.316361142172095988e-01
3.241874787797314195e+00 9.770705605582111275e+01 1.750959443939286708e-01
4.059498122012702659e+00 8.160366583276189800e+00 9.760889067989297896e-01
9.904921864341229565e+00 9.312007079608130766e+01 2.179007933408869807e-02
5.948872074731896831e+00 7.963431788445772952e+01 9.529616312241200315e-01
3.023788695963446127e+00 6.111566945727545175e+01 3.396729771818932098e-01
2.402449885455518186e-01 2.833228985910916720e+01 5.354321049203860650e-01
4.893232443127971676e-01 1.303207525499878905e+01 1.632649818597854408e-01
6.244601539048530547e+00 8.860983312203617857e+01 9.440116417399854187e-01
4.241233963339777979e+00 9.202049319964547891e+00 9.074548187920119524e-01
2.782437005899351945e+00 8.193683965481997689e+01 -8.511333553664570672e-01
2.280738643834811175e+00 2.032879530879037944e+01 2.554020004766826002e-01
1.218628135184819827e+00 7.454149339497684323e+00 3.956602962711739946e-01
1.326606989420850091e+00 3.280217386799647272e+01 -4.381667155620442428e-02
3.810628395500089916e+00 6.464036248679336438e+01 9.901797966844496646e-01
9.813672934752730725e+00 2.390962179177942559e+01 -7.887169583056811151e-01
5.965979957597544292e+00 6.718802016597567928e+00 8.707329306504575372e-01
5.327509793848922648e+00 1.631458577352692174e+01 2.035483475179918622e-01
1.792236338441313137e+00 5.204103155198779262e+01 -9.629544536804786059e-01
4.098228692148278896e+00 6.339143874810415724e+01 -8.166874852840351195e-01
6.308057157332371823e+00 5.479689869581055461e+01 9.944499968691238312e-01
3.296072498281183538e+00 8.587316652440128451e+01 6.246560194691879175e-01
3.858589547240947049e+00 3.441134477832174099e+01 7.960602911115701730e-01
4.696786898985559233e+00 9.390160897485559133e+01 1.865463051051687582e-01
5.570244959222822700e+00 6.933440340299211080e+00 8.726940281778550190e-01
5.165728744827246643e+00 5.481886808348320983e+01 -3.562619538801505836e-01
7.479094308436994964e+00 6.397147989289774017e+01 -1.529880308192758942e-01
5.089837168632612041e+00 2.033515719071082728e+01 9.285448582604276524e-01
8.470899183799213361e+00 7.443705321539746933e+01 -4.933362179250745383e-01
9.725497487729638735e+00 5.286792215334224920e+01 6.328659175196176268e-01
6.068313791378495914e+00 3.037206354228971961e+01 7.148215473398826791e-01
3.211460162457962397e+00 8.317976011402113556e+01 -4.676181928313844494e-01
9.358444543933941873e+00 1.080426998483499546e+01 9.862352655645600930e-01
9.997488555621670159e+00 7.172833007573436248e+01 -9.167475694489020110e-01
1.860601171691346867e+00 9.337204287719995932e+01 -9.953913342394641317e-01
6.569576855150137007e+00 3.494784047949407579e+01 -9.392407815992125375e-01
6.702967350481501718e+00 8.593058609194149255e+01 3.273723502810617636e-01
1.125169476807265534e+00 5.802400121154110302e+00 2.209513163848592365e-01
4.790214550824633655e+00 3.131368659583161218e+01 -9.380210633298055045e-01
5.469055653106506654e+00 1.212513668505635778e+01 -5.885431397936814468e-01
7.101419363799021056e+00 8.874866464674150279e+01 5.664883765464535648e-01
9.799176022161363520e+00 7.898864104476456305e+01 -5.145090405263026412e-01
7.111109738860198703e+00 2.983317579023077482e+00 8.391760377329483545e-01
2.507405146467598822e+00 5.043911497121563059e+01 -4.281634154013607696e-01
5.084231706451534549e+00 9.743756267752694100e+01 9.844193184685505749e-01
6.675291506377804218e+00 5.547501444588341712e+01 -3.289171697194011035e-01
2.843205475852274233e+00 1.778993124662051883e+01 5.650680147764227668e-01
8.959649524324047043e-01 8.728439673704981772e+01 2.655086783883036095e-01
1.020408147810439647e+00 9.022252874865372974e+01 -4.936132105343759569e-01
4.449208333444340191e+00 5.780942241131572956e+01 -1.722879224041707485e-02
5.256953589956375517e+00 8.166565870727424681e+01 7.720261370104563037e-01
4.003811172795048279e+00 6.459924117035663471e+01 -2.811283636060741276e-01
6.902200509901435410e+00 6.649744101569044119e+01 9.891391420234276755e-01
8.728856777257544053e+00 4.025807112148826405e+01 -9.429643554064630617e-01
2.467151662611513974e+00 5.295720383020238842e+01 -9.535070257069309108e-01
6.647601210402572569e+00 3.248372066402861691e+01 9.997128271864971216e-01
9.292585775018048722e+00 9.251849748882733593e+01 -5.403309631808860258e-01
2.992237428342318761e+00 3.457225227552239488e+01 9.115518018118757837e-01
4.631486198484628503e+00 5.405154352666993844e+01 -9.984102023281339333e-01
1.804135795785581919e+00 4.418973212465954248e+01 -4.861188017220728352e-01
5.130281217531147853e+00 1.763658585324550643e+01 3.900136218153668066e-01
1.849945139439129749e+00 9.109438892600368831e+01 8.625673424135036349e-01
6.583173102983206348e+00 6.233958690420566384e+00 3.473862589544321477e-01
3.574368393410144673e+00 9.487453027982506626e+01 -9.889948243564804509e-01
6.277052249237543791e+00 6.056110124346552226e+01 -6.114462151764671338e-01
2.652094857158313168e+00 4.461437411359748495e+01 9.523848031750319354e-01
6.003690967694187641e+00 5.496091351337359043e+01 8.563330628473274642e-01
7.086317661316194005e+00 9.456117374518485974e+01 -9.994415323531221640e-01
6.068048729085074200e+00 7.799526869719656474e+01 -6.888997176906194175e-01
7.599668257835806351e+00 8.253849841765804740e+01 9.997550634238540068e-01
2.580975908215556114e+00 7.639095238090041562e+01 8.684715265269220552e-01
5.326421397046396500e+00 2.376610961525879517e+01 -3.461084825098769691e-01
1.554324161999676379e+00 9.204739442843644781e+01 -9.382011282482682901e-01
1.774388862024266045e+00 8.622081152858949338e+01 9.681967031674137969e-01
8.868690653137479174e+00 8.193908690263600647e+01 -7.087994938177081261e-01
6.968050976858997103e+00 7.568609554770596048e+01 -3.369702337858914154e-01
9.564474395646522353e+00 7.382052628727433330e+01 -9.982419823281921678e-01
3.166844022851560858e+00 8.176413897040856682e+01 4.070208521238380221e-03
9.500397409525724868e+00 1.704802439010122939e+01 2.752195825093620152e-01
2.023351280645903305e+00 9.448234716159174695e+01 -9.994639647249653480e-01
9.121969235286451649e+00 6.176175552005023661e+01 9.811234494280763885e-01
9.954534030863245064e+00 9.492713670091141864e+00 4.132970005508104783e-02
4.332309667200904713e+00 1.024534925349011338e+01 -5.972911120835862064e-01
4.888519095550454274e-01 5.913416819127224500e+01 -4.728602384977657613e-01
5.014642330901098788e+00 1.092138740098797278e+01 -9.034496442830289853e-01
3.254681897768455290e+00 1.254549841070063465e+01 -6.726851351566576209e-02
6.750316974572890816e-01 5.900126997279363650e+01 3.785700573250038170e-01
3.439053645011609817e+00 3.364869362841584177e+01 9.958434913442884007e-01
7.661878025649128787e+00 9.835965304059718051e+01 -6.863532776861004381e-01
1.644921662453313393e+00 2.005801560044677956e+01 9.796059146653403049e-01
8.967642968073134213e+00 2.990717057307100468e+00 9.995433716901307442e-01
6.499737531944141944e-01 9.233037882934712570e+01 2.156149244458406555e-01
7.924504565961266067e+00 1.398010886224938076e+01 -7.942673865013610834e-01
1.527078488320075533e-01 9.753371193709806164e+01 6.924250835061567244e-01
5.815946907650953790e+00 2.903383688124791817e+01 6.565942417508493500e-01
9.908074752426998089e+00 1.692547649658272491e+01 -8.003015606035427387e-01
6.669905022837292918e+00 4.071500993030043425e+00 9.092227353393371736e-01
9.796248993576723407e+00 4.302072481074670662e+01 -1.601448822614224277e-01
7.219090181954401331e+00 8.618874454296870624e+01 9.700912042500280386e-01
6.168527405581885503e+00 3.111235567962690141e+01 -8.145518474849875457e-01
3.863850557992626999e+00 9.237040917597791179e+01 9.542634115702476327e-01
3.857523944977625074e+00 6.067785779943486091e+01 3.149967725633043281e-01
6.594595296620980873e-01 7.183321570020235924e+01 -5.401169526592263237e-01
6.738448686991716841e+00 3.487416279588497048e+01 9.089998269601091696e-01
2.731289946940991697e+00 4.764264398758179908e+01 -9.493723231128214923e-01
4.327827229121142594e+00 8.474181609044876495e+00 -9.455338300739859481e-01
1.518842712975968956e+00 2.746785501053542333e+01 -9.704540041811413609e-01
5.715420074818968743e+00 8.301923714804243559e+01 -9.268167214499069273e-02
3.638614783197579250e+00 6.102791729571174528e+01 4.365133272635631778e-01
2.599207779527326956e+00 3.870417754206299321e+01 -5.212990822673225777e-01
3.421638998235892792e+00 5.754932823405944475e+01 4.940934488334742802e-01
6.118534713373572131e+00 7.498155927707531987e+01 -7.012724963246544374e-02
8.450299717420051593e+00 5.717308213343775947e+01 8.779469866180228399e-01
1.930896545848009405e+00 9.655204645859977575e+01 -9.368973009967503929e-01
1.588265914915925281e+00 3.741971020438626283e+01 4.086622703791014666e-01
5.342786848260725030e+00 9.497192665072029172e+01 5.185546039890930325e-01
1.935204772706218268e+00 2.739695596291671009e+01 5.304624171397797072e-01
7.993817659126390751e+00 2.577064993488938072e+01 -1.505731065497965260e-01
7.685190950313712577e+00 1.786528975494348259e+01 2.590430097127572329e-01
5.681710360300455065e+00 5.908654359327099570e+01 -9.814438600866312035e-01
1.074176801712180218e+00 9.798518085436866443e+01 2.041225670610491705e-01
6.286329227444083401e+00 5.235616468704675697e+01 5.479563975724552893e-01
3.230191956437862721e+00 5.266121700116210747e+01 8.839985507564943612e-01
8.526701002588588096e+00 6.243162853288780845e+00 3.069460109228232536e-01
8.306416206420895065e+00 1.853828777849015097e+01 9.615236642859418259e-01
4.067609836003446944e+00 5.556762738985668904e+01 9.937721878088783267e-01
7.886668751361449736e+00 9.355809789524984765e+00 -8.171000157161263378e-01
9.822909530909225140e+00 1.375930010786151847e+01 9.021172455316617267e-01
1.008846137992250425e+00 5.342409321467714989e+01 -4.567791834147881813e-01
5.649682946139416906e+00 1.666488828672483535e+01 7.953105161293240188e-01
4.981723871522637515e-01 4.498175898565347808e+01 -2.789554364128796760e-01
3.271934029316118320e+00 9.912688742469526915e+01 -8.669102808246040848e-01
3.534564680900597278e+00 3.908766616493404289e+00 9.084337258391389502e-01
1.766379533993342132e+00 8.815713108325186909e+01 9.975186699076079577e-01
7.829637115054977059e+00 2.618186201766116739e+01 -1.351383125296265197e-01
3.889919578854617033e-01 3.331245964260691039e+01 4.647150666441492994e-01
9.816253802573275067e+00 4.827297150520088564e+01 5.533936399770553738e-01
4.015611524270704669e-01 1.806884779995007761e+01 8.262683280161875476e-01
8.330399711410143126e+00 4.168518152921574682e+01 -2.957333758123419365e-01
6.822801999592565281e+00 8.418364881858018123e+01 -9.956524315029093852e-01
6.705533634350938632e-01 3.522181218203218833e+01 -9.649483618595695589e-01
8.597134125806597638e+00 8.351276824990846137e+01 -2.034514261105808686e-01
4.359561727556725330e+00 7.925539418029717353e+01 -5.354286235892010692e-01
8.724134672927277734e+00 8.097082415522122290e+01 -9.758132822535244832e-01
1.060746538427943753e+00 7.302950541322523748e+01 9.026633907141391466e-01
9.209198050213583286e+00 8.684132167722087559e+01 -4.541520498299406738e-01
4.973674955556935950e-01 8.319303161562007176e+01 -5.425068676280989655e-01
1.352594071846005885e+00 8.590268622521320196e+01 6.236742570673008412e-01
7.434991144459868195e-01 3.273398821824999061e+01 -8.023198803351582198e-01
7.302790879167766036e+00 4.378407115684298390e+01 5.372596621717906640e-02
5.901830884916909881e+00 7.497577541608623619e+01 -9.149176949716993912e-01
9.607647566699736075e+00 3.504962526487339147e+01 -7.731880932378347726e-01
4.590443492304961737e+00 7.348408068728356390e+00 7.031208811915025114e-01
3.868465975237590726e+00 1.752464505210867074e+01 -8.532826645542368471e-01
8.798203713421841599e+00 3.904988062109591596e+01 -8.720687592416355161e-01
4.792792312171516578e+00 7.167131006868842746e+01 -7.315734027069272782e-01
8.431503858455130285e+00 9.088706758658102558e+01 -7.088791966616623252e-01
2.003069946331512252e+00 5.753080705216014934e+01 -8.834782379882840653e-01
5.835476564813153466e+00 8.456974544321236920e+01 5.677471658840288482e-01
1.614917652051867325e+00 7.983471364342423726e+01 -6.727266364007380428e-01
5.162828850412734205e+00 6.509682104384988577e+01 9.541861668596163248e-01
9.981315564816773289e+00 7.725008823406038516e+01 9.999699963423631655e-01
9.177380165153779856e+00 1.858307346431951146e+01 -6.801880309871700669e-01
6.731554177432393260e+00 5.392895404789091884e+01 -7.885307942664454561e-01
9.313035450875672083e+00 6.672370173133802496e+01 -6.017387673214042998e-01
9.872578794222000909e+00 1.750623890089845247e+01 -9.248957584854822223e-01
1.488692265639724344e+00 4.551136161001767277e+01 -5.033533565306053115e-01
5.107642387891775826e+00 8.812251149505512160e+01 -8.191329404807904391e-01
7.858123535313320751e+00 7.027621810410039416e+01 -5.473849977111233667e-01
5.901079742380227477e-01 1.786759391310979339e+01 -8.930338937296892210e-01
2.075293054074045962e+00 8.261103106837101961e+01 1.080960428699403175e-01
1.599296648949166233e+00 7.223129356875541873e+01 5.419092447842518423e-01
1.838555341834329004e+00 2.631642455579317286e+01 -9.981380019626403532e-01
3.042417202739464255e+00 6.266058951052234960e+01 5.253961156752385842e-01
1.181060482644222365e+00 3.329824986075033078e+00 -7.220233542485335887e-01
3.690099892384452573e+00 5.211277234503773315e+01 9.982722166538249287e-01
2.703681169994682776e+00 8.132780491088391273e+01 -9.589612658318970029e-01
1.150059823643759138e+00 3.264861151012908635e+01 -1.556194507881427380e-01
4.491717806171180882e+00 8.218999641788929011e+01 -9.603383447778554016e-01
1.228566087855770039e+00 9.878142164459864816e+00 -4.332261657553458933e-01
3.140696361727982833e+00 1.522573200571974716e+01 -5.012651997401214032e-01
6.282069135787423875e+00 3.055278391207023958e+01 7.601544001288201846e-01
4.323415117568200294e+00 4.708776486426425123e+01 4.209971149830928350e-01
4.535898828604156385e+00 4.075749111810383596e+01 9.966006832842704277e-01
9.625855146800118334e+00 7.748503563001594330e+01 -9.792636535958124666e-01
6.095323007452599917e+00 9.125496113952866040e+01 9.568436889802794942e-01
4.722181034731899985e+00 4.538549687626758811e+01 8.755714637881100160e-01
2.839691437297254151e+00 1.070497463954100859e+01 -7.431581942449271283e-01
9.763518359324232065e+00 9.069471571052092429e+01 -5.054562709968570822e-01
7.605946426875340727e+00 9.931631487104728251e+01 9.993188979144383977e-01
5.278761591657647578e+00 2.905249808891484165e+01 9.999989724227783539e-01
4.933446554579055565e+00 3.814218172779176541e+01 6.010526026067248839e-01
7.050034323571985340e+00 5.563811617137709931e+01 -7.612240947924546752e-01
8.443447356409045312e+00 5.521065423646386705e+01 8.612970062767513202e-01
5.748865093889303779e+00 9.976002387209536693e+00 7.831669727283470106e-01
6.334409959970689563e+00 1.164867445509151267e+01 -6.869343835842068868e-01
2.431035551503726744e+00 7.252087705702999187e+01 -1.227409086841959179e-01
7.646116956183859337e+00 1.143949463946848866e+01 -1.821901673236790420e-01
1.633278523289240169e+00 9.352431848490385846e+01 3.070316623931506061e-01
5.379750578284440365e+00 8.319323449016742700e+01 -4.861684330276930810e-01
4.554684373683198118e+00 3.588064216310359456e+01 -2.880832407412963203e-01
4.430307272122368190e+00 5.717164674175613470e+01 7.648796446222556611e-01
6.842279007113925005e+00 4.369030035247057953e+01 2.943624823353995223e-01
1.745440120688454222e+00 5.126031897621635380e+01 9.987047298371766191e-01
7.029750316529787213e+00 3.735204588533090231e+01 -9.455435926082211839e-01
3.163378789308469941e+00 4.211823045036229018e+01 9.708419162346765274e-01
2.600344272971577109e+00 9.263159380108388063e+01 9.742035644691751095e-01
9.613527608159058602e+00 8.822627859865067990e+01 9.940418088233184957e-01
4.025770112624753594e+00 3.412467890872780885e+01 -9.422609144959686045e-01
2.723696510405590132e+00 8.745067011986913030e+01 7.180625566256028103e-01
9.186791771164644516e+00 7.743296170932202926e+01 -7.197562459267606849e-01
9.493068002207468936e+00 2.369952699877588387e+01 6.518553840060321569e-01
7.819568751964184550e+00 1.903187618469657849e+01 -6.525949016248767665e-01
6.602409422670296735e-01 2.380398605200891993e+01 9.807142055894461918e-02
8.841657733037511235e-01 7.182339943515110292e+01 9.635026730818082585e-01
3.172591341259689113e+00 5.395768691541868378e+01 9.173390795650322449e-01
9.926908111496596021e+00 9.279049719765821180e+01 -9.805277225641195749e-01
1.056738279354352938e+00 3.465453459724929353e+00 -4.774796060780152618e-01
2.152561744587365933e+00 3.541798771408924296e+00 9.870792091025599735e-01
3.461623044714354336e+00 6.105009979950806809e+01 -8.331548924631083652e-01
8.587554418808196033e+00 4.123427386937094496e+01 1.917882762582474032e-01
7.903496644712729058e+00 1.583553800683241697e+01 -9.003667246029170013e-01
6.942234841912880761e+00 4.660149440836728019e+01 8.422564888351979917e-01
4.394577314737814433e+00 4.996763012147556537e+01 -5.015128863856415098e-01
6.030027264767766626e-01 8.023846370335708400e+01 -9.472517627091894266e-01
4.311691584100645791e+00 2.502892855699678165e+01 2.982238723839649164e-01
6.036111387611330592e+00 5.620493901459427377e+01 9.541342961994240257e-01
2.045319494875237787e+00 6.299843708847319590e+01 -6.245124532058772271e-01
7.722509468441611347e+00 3.566798149894568581e+01 -8.815035978563784402e-01
5.866608170607451989e+00 2.428665096499580756e+01 7.512659257033151849e-01
5.364823436160447656e+00 7.006385115349570469e+01 8.484971920912447452e-01
1.234158635391467085e+00 3.159182238895297345e+01 7.210502543168365586e-01
7.789007745310593478e+00 6.581081639206111333e+00 9.958015887824431811e-01
7.278113816495177524e-01 5.526447612774682483e+01 1.174295984165796281e-01
1.101141939344473686e+00 8.576231268894552784e+01 2.108186794248681772e-01
6.794511490031897694e+00 8.238775988866051136e+01 -9.861640225681047589e-01
6.476548045332827463e+00 4.152631980509688248e+01 -7.843928456177008401e-01
4.749313748101524624e+00 4.496628667153873238e+01 7.500593859276194486e-01
9.866179884305411818e+00 5.716864886521713629e+01 8.042485646610006977e-01
8.888739856509721093e+00 7.341582383104237053e+00 9.827468888632534538e-01
8.923485222667315142e+00 9.157137137224557932e+01 -9.335312473735147831e-01
9.511152958152548464e+00 2.973752366023947147e+01 -9.386512657965216944e-01
9.043272157845459347e+00 5.877643288366962082e+01 6.277445241483788907e-01
5.861183373446003486e+00 4.700463585267758049e+01 6.576238390039522708e-01
4.244431891075730157e+00 4.205339154137330837e+00 -7.327438606081968508e-01
3.154991019496879989e+00 7.037564120327269279e+01 9.998633645748138399e-01
8.025248901521290890e+00 7.528809501028680984e+01 -8.106922692559799248e-01
2.984031423865587396e+00 7.044995266804643563e+01 8.997793645293548082e-01
6.963295976249721519e+00 3.838210478953045879e+01 7.122487590521212920e-03
3.804190254884217692e-01 5.318965387659818589e+01 9.672157244177749247e-01
1.104191034459882426e+00 2.167803518549711228e+01 -9.536261369148535394e-01
6.592691396508189028e-01 4.528048186468027581e+01 -9.932547790043463332e-01
4.488804255384428288e+00 6.680664106359063226e+01 -3.568057291492393590e-01
3.778956144984755738e+00 7.586968177409531222e+01 -6.464184205271725769e-01
4.256442080825822982e-01 6.462110676429762179e+01 8.366151388034916980e-01
3.120936463824233620e+00 1.826288906625629593e+01 4.165818997774442534e-01
6.804997533370406693e+00 6.443710776679276364e+01 -4.417519287366886149e-01
7.529831323174135171e+00 3.548513078846234947e+01 6.947593619462707482e-01
3.857814531141008363e+00 8.658633092222271443e+01 3.709432535987349788e-01
8.694138991429870345e+00 9.238925166358104946e+01 -9.923728068445876183e-01
8.334044411743390945e-01 3.968455228018245151e+01 9.953002510090191990e-01
2.213019759131352182e-01 5.628402410350407337e+01 -9.361113462414821784e-02
2.279365368953200743e+00 1.444263972265003915e+01 8.887622804732057125e-01
4.197999040707691698e+00 2.432637503640088994e+01 9.787873205624773032e-01
1.191288140871769485e+00 6.845593750970419933e+01 -7.918002534153110172e-01
8.457386985939806534e-01 8.455322375680449909e+01 6.107081200966962831e-01
9.932410092216507280e+00 6.396864948026784248e+01 9.878595042527369419e-01
7.550502504950070914e+00 5.623125041455562467e+00 -9.924803318535669883e-01
7.148202732480144483e+00 8.200949934586220991e+01 1.869554939232791479e-01
6.041114295874012718e+00 2.690975881070001208e+01 -7.016912515461604105e-01
9.730004484674603660e-01 9.004497597082163907e+01 -6.391693984890013391e-01
7.312304954982992378e+00 8.353637538203247459e+01 -1.272473748589105225e-01
7.509813345675136809e+00 2.211802211826437414e+01 8.631552702551452683e-01
3.556969266053760403e+00 7.003377300644554282e+01 -2.628878116826734446e-01
4.244832361401789989e+00 3.622859322782825586e+01 -3.885984564526897000e-01
2.469026544126122324e+00 8.717433329552576993e+00 5.866812371948632032e-01
3.450230134260030557e+00 8.312309078140496865e+01 4.020838695340060998e-01
8.527033293718776719e+00 9.401667650741630666e+01 -9.668665476472980691e-01
5.071574881689685732e+00 6.013993115134893230e+01 9.026842105757323376e-01
2.177795327394260294e+00 1.272180740196515103e+01 6.786244952717747081e-01
9.677160536915717870e+00 4.701557780380825591e+01 -9.479949855376573753e-01
6.666144792401700769e+00 5.070475804714322265e+01 9.487331699042740318e-01
8.280257838887973065e+00 6.234878894829197549e+00 9.829100046618338693e-01
9.515002557812570316e+00 5.639098488947151111e+01 1.324451826209704364e-01
8.862350248006537479e-01 6.597417487578938733e+01 9.989496919637792516e-01
4.846973681246782739e+00 3.113223065081376717e+01 -3.625974451654749853e-01
9.224556773942509835e+00 2.566514113775015460e+01 -4.739171628087577859e-01
9.678388973768008441e+00 6.563243694614364188e+01 9.776687797141745406e-01
9.183295189633826183e+00 9.965976230315951057e+01 -9.882776140571555290e-01
6.406357311706401880e+00 2.449015984155966663e+01 -4.012710248300685456e-01
2.465648916929644496e+00 2.227452416780633726e+01 -9.758735506352838041e-01
7.449890702223252781e+00 5.162283423990619724e+01 -8.021920598955257775e-01
2.982136346805001281e+00 8.493247756121135694e+01 7.734218114855780923e-01
5.027536344377812938e+00 2.053868788389335620e+01 8.938902884565783635e-01
7.917556785090017479e-01 4.364010066206727601e+01 -4.871044096967598325e-01
6.392182265293357979e+00 1.068933244393197590e+01 4.561595431885958063e-01
2.913959307876682114e+00 7.264769971937147375e+01 6.466428259398594725e-02
6.670253951253346969e+00 6.419667952923495591e+01 6.204629954828714267e-01
6.059534979103962549e+00 9.564025043280888383e+01 5.843978104165776788e-01
7.069515709824221616e+00 4.309360743035644248e+01 9.563247209931317050e-01
9.717197747915060191e+00 5.834019829922820577e+01 9.324666324107152571e-01
8.937797058506751213e+00 6.910154919515306915e+01 6.347121359372649430e-01
6.486569199319765389e+00 7.689592726512621823e+01 -7.306022539620604661e-01
6.551514346984545156e+00 1.107398941621176292e+01 1.502826311306260654e-01
6.134993103642431223e+00 1.106899677261080583e+01 -9.701290518613360225e-01
8.762270779056004599e+00 8.442020138924101502e+01 9.933068758905075901e-01
6.342874917842241445e+00 5.520797558456583687e+01 9.929727414294392540e-01
2.417128521330009772e+00 4.306338921231176897e+01 -9.999447707696478282e-01
5.447070877397484523e+00 2.061841292617545562e+01 -9.575731626686397879e-01
8.520801918089572879e+00 1.262642790649618085e+01 -6.406133700882294946e-01
3.801921799819221182e+00 4.596649372088403140e+01 -9.175292380141703008e-01
4.846953835620622542e+00 3.917203486152323677e+01 -1.183131451472741597e-01
7.013986340529270613e+00 5.915471744149427735e+01 9.971603027502152772e-01
9.539600362374311970e+00 4.820337040924076888e+01 5.886018564787749430e-01
4.174039224119986180e+00 3.816641170693088725e+00 -2.630428522543945546e-01
8.416728128038913681e+00 5.235247761052781357e+01 -9.490832733263341314e-01
8.731681594107662647e+00 1.889013028397310023e+01 -3.596168341787785994e-01
8.742642151922952465e+00 3.280238296786681929e+01 9.182056814800544364e-01
4.307364442802401605e+00 2.342186538353061209e+01 -5.389095721490183566e-01
1.129342915494098376e+00 7.530514364777324943e+01 3.655230990770529931e-01
5.739691349297775247e+00 2.169628988620513610e+01 -9.999808970674617381e-01
5.150764054262749525e+00 2.027641841427320912e+01 -9.855416797878122637e-01
5.555220192213094599e+00 4.521207230511169683e+01 -4.602697892913082400e-01
6.604564358251691303e+00 9.574381640290772566e+01 9.220884835317882944e-01
7.196875047036283002e-01 4.696934683589104509e+01 6.731684316690272896e-01
7.673919586629636136e+00 8.505162080882028874e+01 -8.782568663519009222e-01
4.777449289650948394e+00 4.863225258537621443e+01 -5.881467430992191048e-01
8.541386024444372893e+00 2.207918539504619559e+01 -1.205061069646504862e-01
3.796129231208519528e+00 8.771115416096459683e+01 9.994383225015142092e-01
8.592309153965732804e+00 7.549839593569399199e+01 -9.321496725369706748e-01
3.913078568678353797e+00 6.622238771118490774e+01 -3.507606320888649876e-01
9.182169306872161485e+00 6.926157939927490759e+01 7.689437050669450935e-01
1.014567819175985930e+00 6.465321443932214152e+01 -1.589808229664170236e-01
1.305735696645297095e+00 9.047582900169018671e+01 7.260356670274076274e-02
2.881496182564373232e+00 3.676832753247483510e+01 -2.364343306790164800e-01
9.344346563551624740e+00 3.412593296645413687e+01 1.645959300516686152e-01
1.961338024691144266e+00 5.472322850286555251e+01 7.573647880947762534e-01
4.783589262640099093e+00 7.943042049327527820e+01 6.515517870888963836e-01
1.958359829136778973e+00 6.619222014567510826e+01 -8.586579988199019020e-01
8.787120254221250093e+00 8.560790713840155775e+00 3.874411382985742947e-01
3.349042719304781146e-01 7.317246504082767444e+01 -5.805595525511949573e-01
6.451131639820514074e+00 9.649224205805383292e+01 5.131316718026012191e-01
4.607910980948878965e+00 4.229480403673248645e+01 2.864832717734427936e-02
6.125141151933483741e+00 2.095326467935329262e+01 -2.854891815329345661e-01
7.094747699869922819e+00 7.527633521374548309e+01 9.280655784086275784e-01
2.541785907994119409e+00 8.615329392926433627e+01 6.821190220004529348e-01
9.263067053309496757e+00 6.728389688323829887e+00 -1.522135719517947738e-01
2.883623571069667602e+00 8.598375364562134138e+00 -3.716974694243885269e-01
9.736901746538981328e+00 9.990478807542068296e+01 -9.999951360463766870e-01
2.050644785522902636e-01 8.527472936195636066e+00 9.852930544464271190e-01
1.241253757612447828e+00 9.536742461690823802e+01 3.467176957215060695e-01
9.372265129727582078e+00 3.226182779366227038e+01 9.424873196067260483e-01
7.705037580928789431e+00 7.914362722991846510e+01 -7.252638708583807325e-01
3.212128316367089731e+00 1.461451126203155759e+01 3.316119736872275015e-01
5.197342908123446570e+00 1.976030767631197804e+01 7.571621781762541969e-01
1.507870184644252820e+00 9.347402295207214706e+01 -7.608365518385197257e-01
9.715986825110948244e-01 7.455306531206771581e+01 -8.786691331383821302e-01
7.878386116059610700e+00 2.414431981494890778e+01 9.851643032188005522e-01
7.926418725197510007e+00 3.897400908819100351e+01 1.891583420806852989e-01
4.355315773728539952e+00 3.004229596940386671e+01 -9.820715762268366067e-01
3.141174482777716381e+00 1.579344971369793882e+01 -3.242437253218157789e-01
2.199941789698803607e+00 8.733335412697140754e+00 1.111296538856972049e-01
4.430450001763401424e+00 6.768015903754699636e+00 -9.550209804403019254e-01
5.505228199832808755e+00 1.964547453355259421e+01 -7.548214070333418846e-01
8.146551270830155289e+00 4.909335946076603108e+01 -9.916796862872465645e-01
8.085851997806935643e+00 1.607947355033704184e+01 -9.139106158684752179e-01
2.370318712759671875e+00 3.706374269417679557e+00 5.080143261235683383e-01
5.084695091847539317e+00 6.105753165669590743e+01 -5.370487795889674620e-01
5.442813592341605222e+00 8.701340359415463865e+01 7.536207865138713213e-01
1.434292596074192794e+00 9.415244714652030211e+01 -9.106691280246015374e-01
7.572441396900374322e+00 2.163377735556696990e+01 -9.096001969766351336e-02
6.720081195387133555e+00 5.559911408608278549e+01 8.367825617739532706e-01
9.588663988449809494e+00 5.685156192996677760e+01 5.941247730342560374e-01
2.179138773244668759e+00 4.792712842771649662e+01 -2.476666005188337683e-01
2.354800081061420247e+00 2.075769661984097425e+01 -8.875737627718351952e-01
2.074023741724107861e+00 3.644375772623516863e+00 9.262027435058720615e-01
8.888445937830621313e-01 4.025790441312983603e+01 -9.405548170085843429e-01
4.270564850830832704e+00 5.335565406689288359e+00 -5.818135626400563476e-01
1.073494046230228260e+00 2.373806868091856259e+01 7.138815109329883501e-01
2.251631762922668756e+00 3.061465300871340034e+01 -8.115083748277609477e-01
7.054019067115520514e+00 7.720114886557814771e+01 -8.859327775725638343e-01
4.074886424736382295e+00 8.703474822301147640e+01 3.429594078968867948e-02
9.412572377867597595e+00 5.920585128198571567e+01 -5.901264565035587717e-01
5.926205009486474218e+00 8.086761070222824799e+01 -1.007073554529277631e-01
3.858839958936509884e+00 6.807903521208298514e+01 6.375267743259557807e-02
8.243356405456775393e-01 2.586620176190072584e+01 7.954177088717373501e-01
7.165192841700008586e+00 9.461749062563494306e+01 9.976966663158387538e-01
4.010236588893335785e+00 3.204835712561065009e+01 -9.222763408524500828e-02
6.699420940362982968e+00 7.190349142739385968e+01 -9.988389618851089002e-01
8.578128210660047159e+00 4.295903725403041662e+00 -8.459893927778676659e-01
9.854984899989068126e+00 8.408350967779415441e+01 -9.944333192975643998e-01
7.568046930089756152e+00 5.465497440730229073e+01 4.749989637973425216e-01
7.402523521685508534e+00 3.835113065774339702e+01 -7.879271206291860175e-01
7.146072124241770851e+00 1.561269524133763120e+01 -2.036607960341197676e-01
3.713191243624681004e+00 7.650875852308342928e+01 1.935650848375737310e-01
3.791706583228516170e+00 6.274622228916020816e+01 1.939401042155305954e-01
2.019673171921152921e+00 6.245796086922943857e+01 -3.479646055727742548e-01
4.943879019422595888e+00 6.041179746536556650e+01 5.420590879631149300e-02
9.907373667726096400e+00 3.117784435020012523e+01 -8.046551008895710400e-01
1.187476662685461815e+00 3.767760810698712959e+01 5.120564601019323980e-01
6.909293434610860984e+00 3.866870423618925656e+01 -9.348265770290496990e-01
1.780255865014506389e+00 4.453564530331619409e+01 -8.293308899846749682e-01
3.620637339018433210e+00 6.356583507822878687e+01 -4.466637546843797435e-01
6.676545796102140606e+00 6.958304400749837271e+01 -9.356443722761084159e-01
6.660042209868378471e+00 5.110128644680544063e+00 2.259728787885800505e-01
2.984501327850808572e+00 1.813486843384337988e+01 -8.754347905909106720e-01
6.879325934201345305e+00 8.549964294389944541e+01 -5.900528620834190052e-01
1.976011911416460265e+00 5.903905294515060831e+01 4.945407828368721392e-01
9.537904065880445259e+00 5.774918463737321872e+00 -9.726463670603237022e-01
1.860309721113751147e+00 4.879732362618652530e+01 -9.709399286005253593e-01
3.717641291848656326e+00 4.481292923110895998e+01 -9.919892565158231479e-01
5.993365665674756926e+00 1.235989420526613891e+01 -9.720858952825846000e-01
5.094901853574512529e+00 2.552363348576779600e+01 -8.248555677821879373e-01
3.216019527450304505e+00 2.050957380936164753e+01 -1.700689787758432325e-01
9.023308864109655048e+00 1.135081828859910047e+01 5.239364530834643707e-01
3.399146796097449741e+00 2.821030795351773079e+01 6.962396110556556827e-01
8.048389093143630824e-01 7.515752901883244874e+01 -9.976672676158246933e-01
2.791677447467362794e-01 5.408970717425341235e+01 5.611122673197409538e-01
4.026240392177520278e+00 4.523539373004022934e+01 3.264836280182038114e-02
3.518826431222372708e-01 2.139112190304246397e+01 9.209221006840804247e-01
4.437324390477486169e+00 2.770243782423926859e+01 -3.434527802855630862e-01
4.379902555336868453e+00 3.711807776558879368e+01 2.237176924322362426e-01
4.829775969508082412e+00 8.681315758817740402e+01 -9.961207682639509065e-01
7.931241844905311034e+00 8.812119193425971275e+01 2.979820575674902994e-01
9.654398842095380573e+00 4.284845600998568216e+01 -9.492037566731121867e-01
5.644832697443845859e+00 7.611272426588845974e+01 -8.721224648923460165e-01
5.858826741251730752e+00 6.116937689322531924e+01 -9.859218760860030129e-01
5.484648370219518121e+00 4.675515801251370362e+01 7.733375677480480714e-01
7.119276409334801770e+00 5.565435294733562444e+01 -2.248042361744337359e-01
1.430738236130709273e+00 7.719810489014828647e+01 6.616858396179837731e-01
5.038111882257169327e+00 4.374921782227282563e+01 9.243162749945650347e-01
6.885299905475423365e+00 2.472771204131679212e+01 6.825251498739790534e-01
4.073200581351326122e+00 4.944285283112076002e+01 9.826855389555669840e-01
8.668866999683858543e-01 8.872606715210949346e+01 9.999732265407584864e-01
2.082383014239458152e+00 4.134872638776146658e+01 -9.700558232011957660e-01
6.976047585022618236e+00 4.437303077791828798e+01 -6.553487780312464706e-01
8.520264203059987551e+00 6.089230803724032626e+01 -8.240715388601207447e-01
6.407840502609899680e+00 5.043455699917900859e+01 -1.688949630929852119e-01
6.863214134312027426e+00 2.309299027396082593e+01 1.045326981250102316e-01
7.198656037981692180e+00 7.882583968584421541e+01 6.620287094282198970e-01
8.559718928874579191e+00 7.835143938061659696e+01 -8.695546161761705806e-01
8.495702025425870829e+00 7.013844187125690155e+01 -2.781605943712375101e-02
7.833139818095504303e+00 1.264457535051089643e+01 -8.354343999570933432e-01
3.530973278364762713e+00 4.038996922054988659e+01 -6.426063741445745547e-01
6.559677193187331667e+00 3.262567990779720617e+01 8.950638194889953825e-01
1.162471621472018546e+00 5.722927286093835875e+01 -6.574044580497873103e-01
8.658160531288944028e+00 7.473508817251097014e+01 9.493254191334689063e-01
3.179428574844985089e+00 2.372934930434321288e+01 -1.541450195138705237e-01
5.553102349274743332e+00 3.240181263999519956e+01 4.873387872831472234e-01
7.948935933528079367e+00 4.728785474612167405e+01 4.016937337876072545e-01
3.206235486232917875e+00 2.027090326209713922e+01 4.255962919909426212e-01
1.619739095796621231e-01 7.281273967303597772e+01 -8.425749441717975685e-01
6.369944050953789905e+00 1.081235528272864599e+01 7.131575815896195047e-01
6.478551076674927689e-01 7.709749920385571897e+01 -6.944243744711056099e-01
7.396229065541537473e-01 5.470487830585083344e+01 1.237947787607469596e-01
2.704962332705432182e+00 9.532586412429299827e+00 7.379542116546897734e-01
3.310802532106589258e+00 7.434726354624555711e+01 -9.931362814196975641e-01
4.303094989675304127e+00 3.969777539776496411e+01 1.123363097017542334e-01
9.044890597616406680e+00 7.227662994902912885e+01 -9.801038456519454156e-01
6.468800457133221826e+00 6.352166577617369470e+00 -1.892331709613323254e-01
3.429685351127526705e+00 6.841991894360293713e+01 -9.988656012612469048e-01
9.910426856079059377e+00 7.605410027509110193e+01 -4.269966478631119777e-01
6.456847615280919328e+00 1.811962261308013922e+01 -2.459837418416893629e-01
7.857808538906582818e+00 6.140190048162879322e+01 9.890048029787947836e-01
8.561504122624681301e+00 2.417156105872928151e+01 -1.851034112775249985e-01
3.150963440833710383e+00 6.340369556558251674e+01 -4.585039373094622062e-01
8.380205267358682875e+00 9.417561179843916364e+01 -9.951895748009492726e-01
1.481842179607354870e+00 9.685480325082536979e+01 -3.643622104970369868e-01
4.610414233960813846e+00 9.893306664650371829e+01 -9.574943872116306043e-01
7.908678640322994724e+00 8.955524320518422599e+01 8.739763686722723524e-01
8.719384700994692317e-01 8.883273718567275523e+01 4.736972850430026249e-01
3.236782007831991326e+00 3.162119042726243379e+01 9.673136172524727794e-01
2.969607895651991569e+00 2.905165274560206257e+01 -8.606712929366326925e-01
9.042938860600621354e+00 3.765657065515910951e+00 2.592558649445468322e-01
3.863158846111371947e+00 4.776526542365591865e+01 -3.575680014993484201e-01
9.004095385119104122e+00 8.150682197957654296e+01 9.584436766807290231e-02
4.131080222071913610e+00 3.732580177054281734e+01 -7.167738061695384522e-01
8.339534145517061958e+00 6.905174178651824946e+01 -9.998748985020857738e-01
9.958016722161271872e+00 9.512600801557924513e+01 9.043166343400315110e-01
7.588812670171887653e+00 3.533306851954364447e+01 -4.438533120099333318e-01
8.551511742375826231e+00 6.000782620626330299e+01 -7.621512680681871155e-01
4.688891360383533602e+00 4.229612581573973529e+01 1.661372488975281225e-01
5.769475619720444648e+00 8.435102607517791284e+01 -3.415783303321380249e-01
7.289064066730314373e+00 2.072105114506022971e+01 -7.971993021594328543e-02
4.865401404990296719e+00 9.510327422747860737e+01 -9.470263524854892756e-01
6.130944943834932381e+00 5.603720108226468000e+01 3.550956945804400328e-02
6.224854711400442220e+00 4.705293089560372266e+01 7.597281230097768789e-01
9.264597741162379663e+00 7.836921713962196634e+01 -5.319633707945554679e-01
1.378213449072991093e-01 8.039606476278098057e+01 -9.930289965365045601e-01
8.651487751755963629e+00 4.809896834576176872e+01 -9.393841130482081248e-01
4.267677430391603188e+00 7.171413093452795806e+01 9.803912032072630289e-01
1.345053635074191289e+00 9.862684373164525198e+01 -7.767505765065013668e-01
4.874681890972868636e+00 4.138472535560035226e+01 7.788857186525813825e-01
8.875455738221809554e+00 4.805609920751290076e+01 -5.453418261868316907e-01
8.447092351402272215e+00 6.623568412613654743e+01 -4.729619560702033598e-01
2.921594195127883875e+00 4.034160129741427170e+01 -8.202022197657377056e-01
7.219427924793602180e+00 7.645038627642408358e+01 4.740079185963064212e-01
4.536231279192882049e+00 8.022891098136710752e+01 -9.821249814568583369e-01
3.721696550033608553e+00 4.084044325222102856e+01 9.932173738763954152e-01
4.093630871731616772e+00 4.909278812951738757e+01 -6.251130260296912100e-01
9.238945089981150716e+00 9.997775021782862481e+00 4.478902538289489810e-01
4.146244070588889663e+00 9.935888124431974333e+00 2.396220897145467099e-01
6.006932970536929872e+00 1.755822892169446536e+00 -8.961639767377862498e-01
5.674945890839691032e+00 3.780840503320796842e+01 -5.598503483968543248e-01
8.091948020057195379e+00 8.568705830004714130e+01 -9.875714929745373905e-01
6.883013710845726330e+00 6.396884662004891453e+01 -1.260024372438840468e-01
5.002156137208991993e+00 5.708002260686866691e+01 8.267330693240355632e-01
1.528982833167954469e+00 7.276626779638822029e+01 -9.353332827542331085e-01
2.401956122934215898e+00 5.238264426362231063e+01 -2.700374995554666313e-02
9.826364559369597629e+00 9.976862994344163127e+00 -8.339512838324201205e-01
8.063433100265405828e-01 9.059485635617753019e+01 -9.290572418939139210e-01
6.762068625008259559e+00 6.794795576437222451e+01 -9.486654574991941757e-01
2.175710737856028310e+00 4.806677994515766272e+01 -4.533211013496775688e-01
1.924734856115126957e+00 3.189644094738547864e+01 -9.998598490300119046e-01
7.225170758988401332e+00 4.491205318871776342e+01 9.067281790566048549e-01
3.589718820501255792e+00 4.230078078423732535e+01 2.314041940035040934e-01
1.175426304516200560e+00 6.581375585335231904e+01 9.787557897164883558e-01
1.038911606044321534e+00 9.742733594587345181e+01 -9.026326464517632209e-01
7.260882160251074247e+00 3.514075214174210515e+01 4.890163076222884264e-01
8.413670584408377451e+00 6.963233880838456002e+01 -3.240919073041378939e-01
9.672418368106001196e+00 2.849933153386542983e+01 8.834746464699761992e-01
3.935701824157006534e+00 8.315358304413912549e+00 9.981563790573619865e-01
5.772459695232003085e+00 6.683645146481937616e+01 7.389801135667836141e-01
7.879314829525541519e+00 2.626731066545009341e+01 -9.451509932820949533e-01
6.556094711087752103e+00 3.213781367196927619e+01 6.883508955242987337e-01
5.665954094218538906e+00 8.321426702937276332e+01 6.466126187692069482e-01
1.480348586026710933e+00 3.083801690254075467e+01 8.886254478970402326e-01
9.949378647486206706e-01 2.612544332399625802e+01 7.559505859469483058e-01
4.423579812517532517e+00 4.669591615299506060e+00 9.174006295997650939e-01
8.218777702912939631e+00 2.517539326051089432e+01 -8.353983451623310519e-03
4.423632355018598528e-01 6.813941702887616714e+01 -9.936176943443523202e-01
4.763451104660521018e+00 3.271498901988734165e+00 3.635045192331776698e-01
4.176405635403612315e+00 2.976253363561807141e+00 -7.070519538077238431e-02
4.060082618661748910e+00 3.541793421038220657e+01 -3.196069973655165652e-01
3.296329844442256185e+00 3.301805835860837135e+01 9.303452327093065799e-01
9.689444221853552364e+00 9.080469732114106307e+01 -9.799235031385238326e-01
2.844573512446704200e+00 2.056004770323093034e+00 -4.393502196964419459e-01
6.577881087754557932e+00 3.671848472643706174e+01 -7.801634685725443719e-01
4.203052660545089303e+00 5.512486760381744233e+01 -3.627379194351862957e-01
4.381817488719022435e+00 1.674282885018308775e+01 -1.852147273836758923e-01
2.063359970980270575e+00 4.665076813085286744e+01 9.390406826912214289e-01
5.542566193359504290e+00 6.951095015729234206e+01 5.379164343961458927e-01
4.855514930870961088e+00 3.970852568575043762e+01 7.628526753387881998e-01
3.030217577231530401e-01 4.217251154517847311e+01 3.974758394059274003e-01
3.360615437031693187e+00 6.422406169437694246e+01 -1.614422542295063934e-01
2.223929884544104230e+00 3.860429764008412690e+01 -8.948728239160874676e-01
4.773711091594367240e+00 6.662536595518623983e+01 8.363024961211753538e-01
3.230675599844130996e+00 2.456364011933210989e+01 -9.206416198286255792e-01
2.886634772822575634e+00 8.937044493116390242e+01 -2.013919617928243422e-01
7.094002065056229434e+00 3.341697306455740346e+01 2.265933091865428572e-01
8.146668043894857991e-01 7.580369836083607993e+01 -6.300151205259779674e-02
6.666110946424778305e+00 4.430609383030786574e+01 8.929825868657123022e-01
2.470937802197374911e+00 6.307972457801003685e+01 -9.996896227295335446e-01
6.320380518683947457e+00 9.339144583483992790e+01 -9.740963443631285301e-01
8.734801499627087296e+00 3.212045844108498471e+01 3.103284156358560586e-01
2.456860546137620727e+00 6.112588043086448408e+01 -9.983916353721612458e-01
5.488355774821720878e+00 4.064483446048409832e+01 2.356882448325188228e-01
1.707332007814816865e+00 3.719658177345075245e+01 6.109689572892674780e-01
7.655362764624659810e+00 7.495175043116630853e+00 9.988806260568883211e-01
6.012575597147304052e+00 2.057265783293701134e+01 -6.384812801304491359e-01
1.367086037673267196e+00 3.918168811696695997e+01 -5.981189102335684460e-01
6.182813389223088762e+00 2.426780495237202473e+01 7.967263178627452813e-01
2.450008888425208864e-01 1.356307755436391993e+01 -1.490616060598754233e-01
3.988320843180000352e+00 9.275618340447203991e+01 -8.954139146996872300e-01
4.891014668174197944e+00 3.487870242458203052e+01 -9.036560302569246472e-01
7.359892646068395550e+00 6.891649539180237127e+01 7.819189339660697069e-01
7.405249488110063893e+00 7.752652288260212288e+01 6.397658335819421671e-01
8.729597391710328225e+00 4.570830897695759631e+01 -7.371185626013475600e-01
7.935172600922442143e+00 9.595188574751033173e+01 8.127690936243061604e-01
3.171167780018302906e+00 5.190867078087872244e+01 9.280345624327167586e-01
5.966304538156594006e+00 3.340692376658423512e+01 9.664640414023525361e-01
5.750538583982028662e+00 6.196678956211365374e+01 -9.299330830446403962e-01
4.554583883495620711e+00 4.191873604135666653e+01 -1.415466178784373641e-01
4.390235383833164917e+00 5.434295493564313517e+01 8.309294531343740242e-02
2.517484657963206640e+00 6.685086471583987588e+01 -6.006639817943042470e-01
1.479181548450379857e+00 4.804672342413841335e+01 6.294622610071446411e-01
2.911762974400946002e-01 6.211006184864404389e+01 -9.726029154814735955e-01
3.397553972614027362e+00 2.674051603885370554e+01 8.985421214662802081e-01
1.528947237596293141e+00 4.572326036897949564e+01 9.352702867309130585e-01
2.512327123761927794e+00 4.602280828877229624e+01 -9.110721468367426468e-01
1.940211553908231190e+00 9.051167704011449189e+01 6.801059377617082458e-01
2.434935182829133904e+00 3.833196235665250384e+01 -7.841996615793739300e-01
2.222278192579548950e+00 4.019491717862592139e+01 7.962375962969819865e-01
9.032683613794864286e+00 1.725787474407607647e+01 -7.817828899395496967e-01
5.764056638858012782e+00 7.023242105507333122e+01 -6.224981869603571916e-01
8.022466557185811808e+00 3.425342906641458995e+01 -6.631341670960317902e-01
3.748159393668424766e+00 6.151593749151837187e+01 5.901819153528922168e-01
2.373108051987538492e+00 2.230883720393214276e+01 6.809041551505928824e-01
8.050686858003340163e+00 4.681861117493940583e+01 7.856769630131534843e-01
6.714609210044885756e+00 8.910543548899498489e+01 4.730539033175051311e-01
4.330963249367555390e-01 7.997566518935929025e+01 -4.727704840549055987e-02
4.474752822631556270e+00 6.697458776975157235e+00 -9.926257427315311466e-01
9.191280425006013388e+00 5.569639526977773158e+01 -9.301287458851366097e-01
4.538033123963559845e+00 9.989156889153782970e+01 9.667532898367641181e-01
3.520606863873652959e+00 6.231065761503508327e+01 6.316424157098586567e-02
6.773254932201675516e+00 6.082572953675761340e+01 9.984959390942308444e-01
5.145550227204697791e+00 4.529658564980108082e+01 -5.624360661105736181e-01
9.228982846670492179e+00 7.066722230284975126e+01 3.640544729007133551e-01
6.030811532458927537e+00 5.587265915014980067e+01 -9.831276352370267313e-01
4.327004713891691168e+00 8.406819767065829296e+01 -2.031147839457284332e-01
7.357594330686850093e+00 2.129195164088959302e+01 -9.901876883121992767e-01
2.124283923308438737e+00 1.972967419320938376e+01 -9.996364620946189827e-01
4.554334835156056194e+00 7.669266302305130978e+01 -5.036475765306172026e-01
9.643495475285801533e+00 9.490932483550459153e+01 -5.037047576035236229e-01
3.475125506932104091e+00 3.114758935734683121e+01 6.817862081939937147e-01
3.703471631234206640e+00 8.118869505847015944e+01 9.227589954576153053e-01
1.350195473420637837e+00 8.007709759874563815e+01 5.683970516601145606e-01
6.561956705115733257e+00 2.642748765664283184e+01 -9.218574987523031616e-01
4.025285984776256321e+00 9.218376620853624104e+01 6.233325644291586309e-01
6.085001999947215801e+00 7.218708046388124799e+00 7.497493099961484442e-02
4.336403100887540774e+00 3.840061896025848398e+01 9.519359942393791352e-01
2.775029415808233590e+00 6.151818043753860366e+01 5.244380467842759685e-01
7.582193035834180250e+00 3.571499923278513933e+01 -9.963992499927176727e-01
4.087666134703599852e+00 7.875777708202333827e+01 -8.322407245493801398e-01
2.937533506727087129e+00 6.780432387969271701e+01 9.737485509627383795e-01
7.231027209825077406e+00 7.053959987764106643e+01 9.170692151401874659e-01
4.898203934212091326e+00 9.285171349486719805e+01 9.992620408342527405e-01
7.966045149114396651e+00 8.397256251514161107e+00 -4.751997013067450482e-01
7.363841574024964309e+00 4.339345714526737119e+00 3.104276884492844224e-01
3.666202280574412775e+00 3.351331119789662694e+01 -6.940524840909763071e-01
9.942113510956224198e-01 7.687046596538444021e+01 -1.995797147509208724e-01
1.739205932282268829e+00 6.248235599292738129e+01 -5.850007671104636708e-01
4.554777737464469345e-01 8.791658456788982789e+01 8.353938553689674862e-01
7.914578247408563527e+00 6.594546993306188654e+01 6.975087605754588527e-01
9.526187926833079800e+00 5.421264467934846465e+01 -8.588893881836791033e-01
9.176924070997469762e-01 5.901746823056799940e+01 -8.247280297410909400e-01
8.747057465619834105e+00 2.321886124216079850e+01 2.879555813968835976e-01
2.534848327868334028e+00 1.225478643517506327e+01 -5.488652707345963444e-01
9.757221572363624418e+00 1.955098539519987355e+01 9.612833805625743411e-01
6.334703532964594430e+00 6.323349058934266509e+01 -1.247596271040393029e-01
4.354188466781488742e+00 3.122618785243228601e+01 -8.600583606667281389e-01
6.723526615177727317e-01 4.048191304606456953e+01 7.474002780835018456e-01
1.970008036228909409e+00 2.195559578823375091e+01 -8.069695758544211950e-01
6.235073924822756908e+00 6.171013631422423629e+01 -6.441644779658370901e-01
7.957240458066066502e+00 2.227590085112047191e+01 7.654538993672669323e-01
6.357612416119354570e+00 9.493664989413457533e+01 8.912154653093138368e-01
5.154562206181373396e-01 8.645039138954425439e+00 -9.695195671219971612e-01
8.302463894450943016e+00 5.683962592999633046e+01 9.990099934285284755e-01
2.962631838566069487e+00 2.559109377757078718e+01 7.152733052437755257e-01
6.600502227622770945e+00 5.261619936321156388e+01 7.452138482626502469e-01
7.646946861047530852e+00 6.160152067469145720e+01 -6.806192268706997561e-01
8.015729242441033131e-01 2.656507310159026858e+01 5.726526515882248702e-01
8.881617497104947745e+00 8.334477029828276784e+01 -1.115272849941305600e-01
5.757227537275516838e+00 7.852384793869177315e+01 -4.060815922412089329e-01
3.555021617214879193e+00 3.348002475838796954e+01 -6.214150796238694374e-01
1.511028939444607255e+00 9.899931171410477759e+01 -5.953385282213629059e-01
6.493978039388680124e+00 1.029430646051249987e+01 -7.380603158490297577e-01
6.197336240890542136e+00 8.919178413273476380e+00 -9.953742394656563963e-01
1.237067442926924832e+00 5.712046748841309807e+00 6.833206365733871523e-01
5.211143949310771184e+00 9.099799891787030504e+01 4.223621735256881671e-01
4.409103594149877736e+00 3.777705732001173544e+01 6.110267669757496467e-01
5.896867282304987690e+00 4.908693799556633763e+01 -9.578057367226219254e-01
2.107180014991678174e+00 7.964918544941664891e+01 -9.991737086284423475e-01
3.006853595210054575e+00 4.189464190016345668e+01 6.757490029912541774e-01
7.122289325075128019e+00 7.465809746494301180e+01 -9.308117965433850838e-01
2.462433861043600736e+00 7.039862851394781273e+01 8.643475543068485090e-01
6.045557592931894320e+00 6.016812767882015578e+01 6.186708686026290982e-01
5.215924609751585450e+00 2.742881108789342193e+01 9.850080293275210730e-01
8.193864507104457573e+00 3.590642820103745692e+01 -9.376131185991410932e-01
7.127015571052149667e+00 7.747963346867693701e+01 9.996876625277369977e-01
7.672166567875355447e+00 1.326220663319549509e+01 7.467154307129694191e-01
2.549391892538119819e+00 2.722222263147594035e+01 -1.369091512359986440e-01
9.438869855359918404e+00 9.913530126223530203e+01 -8.662894096974069202e-02
1.994847860777467119e+00 9.806472425281452843e+01 7.273116789485595257e-01
6.648756869268850345e+00 1.312179547033342075e+01 -6.254483869633328808e-02
1.968868603245966353e+00 8.957550964064451193e+01 4.741503443383359717e-01
3.081294766206915892e+00 6.083875406930430074e+01 -9.894162290642719570e-01
9.729234129119888053e+00 1.508386741869900405e+01 1.723494919668578096e-01
2.441361576525085564e+00 3.153711871311750059e+01 9.904652583613288153e-01
5.607600271895907262e+00 4.309737853055028012e+01 2.799073470895551696e-01
2.227570272241933491e+00 4.951049222326725641e+01 3.466751979190947353e-01
7.413328295827106729e+00 6.006907064538235375e+01 -9.982829062451268332e-01
5.835973374739034547e+00 1.083943699926612680e+01 1.811003645082252533e-01
2.910102215832552019e+00 5.495854185915556300e+00 -4.455093046038994253e-01
5.535097766767063554e+00 6.778752208312917560e+01 5.255923365790309276e-01
2.424845345399984531e+00 1.347489298629633758e+01 9.816393560764395954e-01
8.509796750654365027e+00 3.554484234197419568e+01 -1.201272091988737356e-01
3.433377136459226930e-01 9.232922728371751475e+01 5.827506868771397119e-01
6.872752237403157771e+00 6.083551394725928674e+01 -1.717903038088944012e-01
8.864636559323882281e+00 6.979257383158906691e+01 9.932380639475353323e-01
8.570377072510364513e+00 7.329673380460886278e+01 6.737533433716280662e-01
1.447962046648197276e+00 4.149401031553049535e+01 -6.586500582399628101e-01
6.218906175018397597e+00 6.119764429107789283e+01 9.996356511546891088e-01
7.576162325123105390e+00 4.304419240967541782e+01 9.995748920210651978e-01
6.440948239846994383e+00 2.267941330018576807e+01 9.906536007886634909e-01
6.887635483001520953e+00 1.984668982787602687e+01 -9.549281918237436662e-01
4.520412107765570120e-01 8.269937490850423956e+01 -4.443387113793798027e-01
1.081868254959692965e+00 7.790396404127212016e+00 8.060599865896679317e-01
6.827907444665664016e+00 9.336608136288253590e+00 9.837476239395405164e-01
4.782181696155500816e-01 1.381971936416033886e+00 6.187852048895132739e-01
9.575733799743870733e+00 6.028217023118681084e+01 -7.108467824604811636e-01
4.414095510639072906e+00 4.670405298309016473e+01 5.641911584342899078e-01
2.567435478870753851e+00 5.208466654785536321e+01 7.742497192247659310e-01
5.809327164119194586e-01 5.670239184021663448e+01 9.554041251952286595e-01
8.989261690281203698e+00 9.046107003479822595e+01 9.555071707238872447e-01
3.509580990925783350e+00 9.857261488728275367e+01 -9.980463710883257233e-01
7.661105682664434147e-01 9.960049369559547472e+01 2.590509783698110094e-02
8.318986989004560684e+00 8.426988108315754289e+01 -2.787104512885454910e-01
6.928860596743386502e+00 8.206733597490499221e+01 -9.990753266499942109e-01
3.286462088478399046e+00 3.812332196257337813e+01 5.490270426959652506e-01
1.049554678159483556e+00 6.015681085374400539e+01 -4.036145225757815647e-01
3.757364911641104754e+00 4.704170716126834151e+01 -9.108379790668627018e-01
4.357506505984314771e+00 8.032147627390912703e+01 9.582737815799273751e-01
8.284191806301578476e-01 1.747252391111506098e+00 9.950126180027488720e-01
8.629390240871334328e+00 6.823400556802836547e+01 5.562270919757185128e-01
8.556226232756333872e+00 1.124366093083561324e+01 -2.893726100972400239e-01
8.015727304999733960e+00 2.392313849774570400e+01 -9.273467593327517910e-01
5.320010407045634437e+00 8.003153252635867432e+01 -4.198925720435535136e-01
1.796571428083730382e+00 8.621346323075309215e+01 -2.049842664899164113e-01
6.895341127407787596e+00 7.714918532589204858e+01 7.634318771300943052e-01
1.680553755314424969e+00 4.707404502648806499e+01 -7.077685578244363729e-01
3.592109329569662002e+00 2.989798443934435390e+00 -9.167173693649798283e-01
3.101493783021843864e+00 2.407480322361258729e+01 2.269380645729741561e-02
9.296438534120882835e+00 6.087059232683688492e+01 8.701242951747758525e-01
1.840802186425283704e+00 5.124764213713744709e+01 5.135250488351576770e-02
8.120543166813535052e+00 6.699903261508050889e+01 -9.543417585657060220e-01
3.369136127648851620e+00 3.442253925451139196e+01 -8.762809104515488778e-01
8.663936418273401330e+00 3.617037336288471039e+01 5.991750461396742056e-01
3.303955915650736319e+00 7.654836371126677363e+01 9.857913021059006020e-01
3.582439404007199402e-01 4.351921747218612069e+01 2.298027103364947976e-01
7.017143796850738191e+00 6.319882177216864250e+01 4.200896891606182293e-01
7.908173567163561124e+00 9.619100698801713634e+01 9.983259954228876909e-01
3.855076396721131449e+00 5.818526433624852956e+01 -4.940580716244247217e-01
5.469946872181180808e+00 1.538048071852947452e+01 -8.007697786869747425e-01
7.310731738841384164e+00 2.795340249927778231e+01 -6.967101868141893917e-01
2.334630360654371461e+00 4.437843768048921334e+01 6.762212179935578327e-01
4.112033031793900228e+00 6.126025017851416266e+01 -6.513930188774705865e-01
1.925058246883221358e+00 8.426935253078312371e+01 9.381057828161973866e-01
8.006191542493038327e+00 1.190043958940532143e+01 8.430433140245530144e-01
4.552903103136316076e+00 8.654159393062778349e+01 -5.728885148456436260e-01
9.465243284319114991e+00 6.231392033345304782e+01 -4.556191966102104418e-01
7.743300454583499359e+00 6.074680866567514670e+01 7.979145126112842101e-01
6.134459686279803314e+00 8.637526768880023553e+01 4.627660296512587368e-01
3.353794009252097030e+00 7.954607770786968501e+01 -3.597721851997753850e-01
1.909197898956827899e+00 6.506375038775620112e+01 -9.649298615234516152e-01
8.643656477503045110e+00 2.875991024092660808e+01 1.564708107968066086e-01
9.230165990871093129e+00 9.438884677151213509e+01 5.366584448171728416e-01
3.563503335327624644e+00 9.748921296321120167e+01 -4.160905218631376079e-01
3.605575778724079861e+00 9.991603898040966669e+01 -9.864091539177746171e-01
8.490367437103772730e+00 5.608178449293225754e+01 1.512872811218423930e-01
1.095107544495563578e+00 2.475746660969146973e+00 3.612178952401186582e-01
2.489410451496883336e+00 3.401414281021042285e+01 -9.995463622778414381e-01
5.102514357668375133e-01 4.710123278369083621e+00 6.844189938775651072e-01
8.564331331464980934e+00 4.548485256646821995e+01 -9.943678258782336910e-01
3.159216320706820458e+00 3.345677062391200707e+01 -4.412919487267598639e-01
9.167405889132597352e+00 7.815962873911242070e+01 6.684858960076087708e-01
4.260195185679815033e+00 1.337700009220368358e+01 5.256862834255369155e-01
8.366781207209445625e+00 2.789618417335909228e+01 -7.562113369933176621e-01
4.328464915760828369e+00 6.418536965029763053e+01 -9.765181647875120774e-01
2.363251112290174927e+00 4.577497861598401840e+01 9.511632187343542766e-01
3.795564283780924253e+00 5.692585685495885173e+01 9.533169467199820168e-01
5.209943934269590571e+00 6.098344580953523320e+01 5.279453245458848309e-01
7.613646508917652156e+00 8.299205854112939562e+01 -2.641000170429713134e-01
1.594334899707058772e+00 9.305314322569527974e+01 2.141878857647712686e-01
9.375137833833587564e+00 5.749630252368915251e+01 -2.968011178686867368e-01
8.254618710371197210e+00 6.444850588443614470e+00 9.751743981368889147e-02
6.799768183238781294e-01 7.443125338131094004e+00 -9.727324417183609295e-01
3.069482846368421503e-01 4.092508730467910283e+01 -8.864597416204136882e-02
8.838484974592244470e+00 6.785235066080586819e+01 -1.741202027932209351e-01
3.118870505633499768e+00 4.765239570211191023e+01 -6.780094193650384460e-01
3.646964666944087607e+00 7.801835552699996867e+01 9.748358268248773495e-01
8.246590212570442446e+00 1.641887579054769120e+00 7.947904564384740134e-01
9.946431330125015791e+00 5.903838784589838440e+01 -8.568851095611575985e-01
1.100972014045855429e+00 7.571294295739684799e+01 3.831110308578688506e-01
6.370119406269519224e+00 2.627560832114945555e+01 6.809709423367121817e-01
1.463719783553808718e+00 8.661387545718379499e+01 5.697286427713111889e-01
9.371795500780237376e+00 5.071486622301256908e+00 -6.607646786159979690e-01
5.976144323662977875e+00 4.927140989681311112e+01 9.988370881784938149e-01
5.341421467259644729e+00 4.330936364636840352e+01 -3.632238680857644564e-01
7.511552150750987700e+00 3.529770350108422861e+01 9.833497499082568538e-01
6.876883142409779381e+00 9.061114446578386605e+01 -9.618629465696720837e-01
8.210609107191979561e+00 9.535479109926457397e+01 7.336003665078049130e-01
3.765330522457440487e+00 2.345963298732472069e+01 -8.428299364968363516e-01
9.418661846560858919e+00 7.469838781535820260e+01 -3.380441300365770729e-01
6.708670085324948573e+00 5.333439080924893716e+01 7.937644815708593260e-01
7.115035529674438308e+00 3.245752430599328875e+01 8.704265971507639810e-01
3.999947037373667857e+00 1.863001244014747115e+01 -9.175211154229644395e-01
3.046250817200393257e+00 3.101336740555720795e+01 -3.991547660424362709e-01
8.529903846459365724e+00 1.008805076660281408e+01 -9.973409875352859943e-01
6.936714287666640111e+00 5.124494352738039993e+01 6.910916751571071215e-01
2.387945147394983980e+00 1.704408140074329481e+01 5.951881080890470965e-01
9.274865635002367270e+00 2.474140920702017610e+01 -2.255602495489480996e-01
5.422083660469459332e+00 1.328450970011800258e+01 9.865729922895329906e-01
3.855740916931036377e+00 5.338278262867410717e+01 -9.984341810067755008e-01
4.282750400859845819e+00 8.766684776590759043e+01 -5.588624411900030729e-04
9.036721534715367099e+00 4.499522624721891617e+01 -9.769940058685848694e-01
9.044192522131883294e+00 3.731199791287655643e+01 1.413478683012314718e-01
3.498300074494617995e-01 8.990059861941314523e+01 -4.710825153615264549e-01
8.505612322527817071e+00 4.865346589009087452e+00 -4.818898164042360599e-01
5.964723501771301173e+00 9.489697526414909490e+00 -1.681970545836499464e-01
9.657147178738231474e+00 1.725583176067583580e+01 -1.734335622874187410e-01
7.832195914621609134e+00 3.558762327457208130e+01 9.997011719846954358e-01
7.425047091594650261e+00 8.339352011077777149e+01 8.218347049732961374e-01
5.361219351549456391e+00 5.492563695573506521e+01 -4.272480406328779678e-01
5.821938781536489138e+00 4.776145833672422469e+01 -5.718143933152721736e-01
2.539574579267249721e+00 2.842419714507794737e+01 8.542176443079244064e-02
2.547543411141117708e+00 4.007497199488565087e+01 9.619810606570996514e-01
5.869405713384437284e+00 4.662030983582365451e+01 5.929188978339923199e-01
7.820131073225382146e+00 8.832984056899832126e+00 -8.205573363866660586e-01
3.162107555111171031e+00 5.255540135638732124e+01 -8.465396545967985853e-01
6.944985143881341472e+00 3.234391570943980554e+01 3.260038176415814282e-01
8.212194907936151145e-01 1.194678065062644023e+01 -2.802386086215100658e-01
8.637461695963907005e+00 3.757734264186770901e+01 -3.566501528433486112e-01
8.268535798754623301e+00 8.430337695131022713e+01 9.247805026596220834e-01
1.754946810211683195e+00 6.510320779514232470e+01 9.953722782296614557e-01
4.312741249771269381e+00 7.148565519276263558e+01 -6.080953775369064562e-01
6.549524811611676434e+00 3.222832197916041963e+01 1.678564483135832341e-01
7.749408715447602347e+00 6.927168706224239259e+01 -7.430253326863612839e-01
5.355871618341220497e+00 1.144793726792423971e+00 -2.401033970766526526e-01
6.666527340937609125e+00 7.236510890324605327e+01 1.000851231310286998e-01
2.822997113868776164e+00 7.213858393649003631e+01 2.641000607176163806e-01
2.043122994947367266e-01 9.534263501593652279e+01 6.860033750620875281e-01
4.214088007556310522e+00 9.316687999322464009e+01 -5.605152518733637068e-01
5.930227513550278218e+00 6.616766658406963586e+01 -7.422733855590382124e-01
6.494311509915878133e+00 4.407778743655638820e+00 -1.077114225265231318e-01
3.376638984197686266e+00 9.369913248056528232e+01 9.955405376688504226e-01
6.193319048795815185e+00 8.833034130756603020e+01 4.090931777128617997e-01
5.455220661240333335e+00 4.931418618516347863e+01 9.971659317722487703e-01
3.426212914140975396e+00 4.953544979297845430e+01 9.663189796655585750e-01
6.464700982185449085e+00 5.284488351411862084e+01 -1.658919592343044702e-01
8.992442057972253266e+00 9.037568802417351321e+01 9.498975391998100148e-01
7.234157704842209213e+00 2.501636146566045937e+01 -9.915226224884396977e-01
4.078800994278764414e+00 6.762018414095031460e+00 8.551273937814574122e-01
1.922646500581469020e+00 8.844367214975486036e+01 -6.901010581783617592e-01
9.958816556291910871e+00 8.312002138345899027e+01 -6.449344462861354987e-01
9.392324949188390448e+00 3.790403413258908216e+01 8.035007447255854141e-01
9.731547205822801416e+00 1.552044742068386896e+01 -2.757000128366304814e-01
1.125960014125533037e+00 8.493881864368387369e+01 9.420306536325137037e-01
5.670630407584165589e+00 1.229847089152657702e+01 -4.491975899731552313e-01
4.948741098298472529e+00 7.589474794844373662e+01 4.567561930581613416e-01
7.488380144929918991e+00 6.400729713834537904e+01 -9.448789344632269049e-01
4.372595588019260404e+00 4.318542641426630269e+01 -6.046792706019431529e-01
4.752130663238920860e+00 7.814483571858017008e+00 -6.511253831328841502e-01
7.719855366198917324e+00 9.712048283543984439e+01 -7.038808654663677444e-01
3.694535817259205324e+00 1.091052748411958717e+01 5.694856067273943445e-01
7.962234019716889932e+00 3.541420460389723956e+01 -9.711740156278463321e-01
5.076078987437564471e+00 2.730549749745337351e+01 -8.087754545254590699e-01
6.177365242273142876e+00 4.280054943762324626e+01 9.041154409583473939e-01
8.521083570590558542e-01 5.762915422716822178e+01 -4.809312173207254681e-01
2.616224978566910053e+00 7.402125341051117857e+01 -2.645148473396831124e-01
3.241470250786336882e-01 9.317204325296157208e+01 -9.809785100477825814e-01
6.323295454166037111e+00 9.074358643775877908e+01 6.823970656341347141e-01
7.543740896733044377e-01 2.086972713333471319e+01 1.669060213026174119e-02
2.475172542254748809e+00 7.517167097134867504e+01 -5.825531564803410056e-01
2.592858493295345124e+00 4.125910884005171653e+01 9.913815061970403519e-01
9.690422919925318013e+00 5.037839910876625282e+01 -1.346726763256029524e-01
3.508572484548700743e+00 7.497324492465534718e+01 -1.853028736076676175e-01
3.108260833124453004e+00 3.861652927986180828e+01 -9.549829821639386207e-01
7.360816274191296138e+00 1.436309342069163009e+01 7.007468275102723965e-01
2.104918940467210398e+00 9.898486443442170923e+01 9.955747815057984784e-01
5.605103480675834859e+00 9.651923297125586032e+01 -3.170939600244795931e-01
7.859446603559739231e+00 5.356342094943742893e+01 2.487614750172549294e-01
1.451318572499876947e+00 7.798143822197394570e+01 -5.976095115030608529e-01
4.187463956123678166e+00 1.226610373297444845e+01 8.295862092048047476e-01
3.529327345970591168e+00 2.704254553375904990e+01 -2.253927247078155172e-01
6.531842235411434494e+00 8.753607280313593364e+00 9.964964505615655499e-01
4.562621406799693524e+00 2.963201134231525913e+01 9.433758685275298594e-01
4.140369534227534842e+00 1.705463610192581569e+01 9.996344028861631203e-01
3.507395341439522252e+00 2.823517517062443716e+01 -9.056520930402808256e-01
9.078395190574759965e+00 8.967494578535576011e+01 -9.361992499147318014e-01
1.294006287943363587e+00 9.411534765587038009e+01 -4.961173762445524882e-01
1.759868115801512811e+00 5.379483291588245919e+01 8.903490414666564989e-01
1.771128373960087155e+00 1.059811867044202494e+01 -2.464098103868909428e-01
7.372032228733104375e+00 2.683426213256951076e+00 8.069432055307979024e-01
3.474756171930349691e+00 7.051159538129374482e+01 6.738029791683101122e-01
5.313545114446747597e+00 1.446427563624659562e+01 4.252230795042434841e-01
4.076007412569363275e+00 7.193523905580043731e+01 -1.136157153315396628e-01
1.654329996710573569e+00 6.391924013627870949e+01 -9.245183190568723175e-01
6.204740038895000254e+00 2.271449676859829125e+01 9.435559348316397976e-01
4.044140378263211488e+00 2.698487025488546820e+01 -3.395324015226762748e-01
8.559558463769599612e+00 4.132062738367705634e+01 9.993201016612861531e-01
3.251976797336523006e+00 4.600535542985470627e+00 8.156765217476982244e-01
2.759235976668711121e+00 5.645695657876075302e+00 -1.560751878687908351e-02
1.462549966595612538e+00 3.796170957250965472e+01 -8.201729700867693706e-01
7.942054434514313144e+00 7.319427919763624857e+01 -7.936842920911623134e-01
4.564225724067403789e+00 3.117454777220583040e+01 -9.660668396223139887e-01
7.858460497549939028e+00 3.545535366304002878e+01 -8.417948941074853142e-01
7.272542404706374697e+00 8.113767686377272526e+01 5.906785684529006764e-01
3.966468151252137364e+00 7.442121805691110126e+01 -7.261520465525266310e-01
9.308623156049883107e+00 8.779093012494945114e+00 -2.337965190595383269e-01
8.718701922444955343e+00 1.512991116146194415e+01 -2.864815283062821516e-01
5.608991720597606978e-01 1.545636176629587411e+01 6.565096043927389768e-01
4.699949526246220088e+00 5.477545880081991392e+00 3.631207979117833107e-01
8.501842567877668344e+00 6.851713903337717682e+01 3.056861869857574465e-01
8.538676685675802958e+00 8.920256051923202278e+01 -2.473607646697033591e-01
1.788779352792405852e+00 9.418926795293768350e+01 -2.113764125689218676e-02
9.490338661521814601e+00 4.460236841080527626e+01 6.682087755173868326e-02
1.270585336273963861e-01 3.859511478980284949e+01 -9.755537695148761568e-01
6.775281346748925237e+00 6.648945396927102536e+01 3.090920191753622204e-01
9.525572205159624772e+00 8.557200961840445075e+01 3.075664075377338991e-01
5.926662962885215213e-01 9.703741511908991413e+01 9.556578454408287682e-01
4.187261355734603896e+00 2.971195577641814722e+01 -9.831961115762759551e-01
8.012545209824395442e+00 2.230835871836329076e+01 8.591012419380998910e-01
5.412165913443892640e-01 8.851706341194201855e+01 -9.701220176804913331e-01
1.866284915773245512e+00 4.735350923702363701e+01 -5.347012053007508259e-01
9.325325673716653441e+00 4.972285236722693469e+01 -1.779245874480085976e-01
7.044827198223915232e+00 2.800650918572630133e+01 6.912044152619112314e-01
4.673692863617404214e+00 5.579508815837628788e+01 9.999467780018650442e-01
1.321710817538030325e+00 1.784246630068596851e+00 7.249905410837101938e-01
6.511071710517908784e+00 5.100051268207379529e+00 9.828340615868699226e-01
9.914997335991060368e+00 8.365280233685530220e+01 6.520871681840411105e-01
2.626481372498123523e+00 5.238938463203103169e+01 -6.924680215686503937e-01
2.692422430826935553e+00 6.232385292869422244e+01 -9.749200041196776079e-01
6.285138194972049064e+00 2.508543984697634244e+01 9.374980266119491423e-01
8.133947163036950201e+00 6.301366868723371795e+01 -6.618754517507378088e-01
3.991910157930017800e+00 5.293240665113972909e+01 5.271154557286101827e-01
3.801039468777860364e+00 5.553560398956928879e+01 8.627540421864327014e-01
4.769443396806529734e+00 9.232972526675959557e+01 -4.749336871217560430e-01
7.771895768606606580e+00 7.693921037985815303e+01 -1.023779220052586925e-01
8.999304517715675189e+00 4.580036522498793516e+01 -9.306750823762081071e-01
7.175881948695817414e+00 8.500268222062862833e+01 1.259219653303545461e-01
4.138252138151288229e+00 8.977152242576620367e+00 -7.150605613456062493e-01
8.161929736236960276e-01 3.578289922238926835e+00 2.313416055193028009e-01
1.870858190198939175e+00 2.638616306250446542e+01 -7.972162482123168470e-01
9.563648616508915179e-01 9.540912654456603548e+01 -4.047195561859023849e-01
1.505820438819944984e+00 1.899887022347192556e+01 -1.496038335504833727e-01
6.156074820046636198e+00 3.845358187551182283e+01 9.718417092890926368e-01
5.089768631952955147e+00 6.904755744688334573e+01 -8.455263908119901028e-01
5.107472755987017443e+00 3.603653263011336705e+00 -4.731988620338508644e-01
5.729404111524117660e+00 4.656463688280386037e+01 1.996187426671989229e-01
8.706255430837202880e+00 3.789197262607394645e+00 9.955115167835949519e-01
3.386751352170624951e+00 2.322090717587319730e+01 -9.260009916303088007e-01
6.335986918100234178e+00 7.614983609284827537e+01 9.961641378026347970e-01
8.065635418073442864e+00 3.978132617899610146e+00 4.011716252266392946e-01
6.478724250223848458e+00 1.764234590386999102e+01 5.993790442308645217e-01
9.219525137160466954e+00 6.007391786328344097e+01 -9.990115710819819084e-01
2.970464511063287461e+00 2.293124825725058713e+01 -9.343558727224416938e-01
8.339891293328470567e+00 4.216556670122959360e+01 9.726019360007482906e-01
8.048278718281117960e+00 5.755196710726929865e+01 -9.226169101960884911e-01
1.858078543504462887e+00 9.729517129541463305e+01 -9.699581049137913080e-01
8.207300556845815720e+00 1.792027919402991998e+01 9.389374788931995619e-01
7.962648125967691115e+00 3.049321041963736434e+00 -7.710813514883428921e-01
1.879013033079017569e+00 2.244346032299540106e+00 -8.987201591618024787e-01
4.360309223330210315e+00 8.897786745947644960e+00 6.378759027702770590e-01
7.101548037009925096e+00 3.252664746326159673e+01 -9.901016066132948268e-01
5.685616539535876868e+00 8.648865179810536929e+00 -9.981825723005830486e-01
2.783889657731872358e+00 5.446078904397690224e+01 9.961225710195781291e-01
6.075151726714872469e-01 5.907032776763457349e+01 -9.599386091057735548e-01
1.228660053625830528e+00 5.140023857017767028e+01 3.982944387257396079e-01
8.721677954149326339e+00 6.775077379118877730e+01 -9.135998298648555505e-01
7.088888934718616808e-01 5.301307250514389580e+01 4.253792220284834391e-01
5.799623647508719948e+00 9.327795346696238710e+01 9.712195621582897509e-01
3.175923917503467919e+00 5.534953362425847700e+01 8.204790829713622946e-01
2.855642693217717909e+00 7.935321875063827690e+01 3.646300534719203457e-01
8.938401053798690654e+00 2.933647834583907965e+01 4.929825357352961290e-02
3.338595304684716103e-01 9.062784085453328942e+01 -5.760458135012143099e-01
1.099014196903790541e+00 1.906916001074235112e+01 7.969220584993119694e-01
7.934615140340230965e+00 3.034555288961982455e+01 8.814854182499759494e-01
6.268561337423181890e+00 2.443213025416810424e+01 8.502901452198955434e-01
4.061279189050071459e+00 4.460399710326954903e+01 -5.388121094815391254e-01
9.102154910144528710e-01 9.313025480954789259e+01 5.135869652822894205e-01
9.594876847491446981e+00 7.464211135026992849e+01 9.912109922699304798e-01
9.200721455916530900e+00 8.272134183662610951e+01 8.130247826138913003e-02
5.303071363449287645e-01 1.622250445361640914e+01 6.856209720738662972e-01
4.318336127205660624e+00 6.023386736181457479e+01 -2.051721731020970385e-01
9.468503691967864455e+00 4.873350743130144380e+00 8.226196567880950106e-01
4.486805534174971299e+00 9.331557960630642867e+01 -5.335663417833998862e-02
2.783797978483736335e-01 8.769959853612354550e+01 -8.419698990063380073e-01
3.169243993639580204e+00 2.811885449988256980e+01 9.924066671820563901e-01
6.463922245377494491e+00 9.069719121469444190e+01 -5.258865116933433281e-01
8.530082245476046765e+00 2.660575515153272264e+01 9.781020834598640468e-01
3.492351125448110771e+00 2.020623084539339587e+00 6.600613316811483333e-01
1.771196867839437417e+00 5.305688366165016134e+01 -9.980004697789780499e-01
3.566935984821633543e+00 3.911143014859045763e+01 9.194341853511429630e-01
5.359764188789899464e-01 3.297329000724150205e+01 -7.510061469556734703e-01
7.777798751862778026e+00 4.305392167941644033e+00 7.834676348534168611e-01
9.035610854937392133e+00 8.530511451068859685e+01 7.450107122199423060e-02
5.612429205018233169e+00 6.243199465382027569e+01 -5.817445292529228595e-01
8.140312161977702132e+00 9.194578908813444684e+01 -5.153494036463355382e-02
9.485404774269252215e+00 1.919022496658499222e+01 2.575843314076649571e-01
8.571259638466028008e+00 9.631522437230073308e+01 -4.075095549964524722e-01
3.126835104735564919e+00 2.456997189514341073e+01 6.738398605817302878e-01
5.650901257310956716e+00 3.818511634056283555e+01 -8.810493455316004141e-01
5.472430809222431414e+00 8.878680337613494089e+01 4.178979550831866674e-01
5.677674588986249660e+00 3.219395743609052118e+01 7.062700507307648756e-01
6.681026229062393185e+00 3.989555774619033990e+00 9.759295145894019141e-01
3.479650811354343620e+00 3.370881985281038595e+01 -6.092987580230339040e-01
6.309358001993892628e+00 4.242299141657814943e+01 4.726859986292859528e-01
4.689511852470110931e+00 1.606801996849149461e+01 -3.844727871350249182e-01
5.734786833098101333e+00 3.382283291769243050e+01 -9.478229686821021405e-01
3.307255282578770661e+00 8.064743947451948713e+01 -7.803231619420745169e-01
1.581892495960276923e+00 7.426797411092702816e+01 -9.914519892662847500e-01
6.566302687147997919e-01 5.903190836524907326e+01 9.979374963379301633e-01
1.764758884738519829e+00 8.357623826894813135e+01 -8.835409808614861360e-01
1.902076100761249000e+00 7.460889858085957371e+01 1.925910083141871287e-01
8.106112362904060120e+00 1.993754649291470926e+01 -7.492143771964787646e-01
5.181810171327958514e+00 6.091912845431632917e+01 -4.494406009502709409e-01
7.913862654605829050e+00 1.410597627744356330e+01 -8.564557068732178702e-02
5.369678477944226813e+00 5.282042935170438369e+01 2.986695923060799229e-01
3.581947007907282821e+00 8.764951496775056228e+01 -7.565269736779093313e-01
4.209192911164225670e+00 5.151828873166867595e+01 -9.922300426986094823e-01
3.523825210693152243e+00 6.982112991665258050e+01 3.185616272246798442e-01
6.991054889155342345e+00 6.427554315827340048e+00 9.854346843514361076e-01
1.203240532753580228e+00 6.863198751858098490e+01 9.903085235644650819e-01
4.061672457228677757e+00 1.827044794034521402e+01 -9.360915724170635333e-01
9.516303246009094607e+00 5.569908683926151838e+01 8.354486585455013214e-01
7.705847029665109815e+00 8.289072488901673808e+01 2.009589727386857649e-01
7.086327648943808732e+00 4.583439050851595908e+01 9.999130775013428396e-01
5.256146082233281724e+00 8.261578306954010031e+01 8.015470942972924284e-01
2.034080080606525343e+00 1.476032701797427649e+01 -8.193500421196273642e-01
7.113826259262837404e+00 9.619345224563186036e+01 5.722009589091915371e-01
2.609794396537286509e+00 7.542435721904813306e+01 9.573068763828406214e-01
5.833017041199197728e+00 3.168455477779113494e+01 -7.896760586682085581e-01
1.723861708743798404e+00 9.011817390692360163e+01 -9.421205274549812048e-01
6.485343471768664436e+00 1.311063187885295278e+01 -9.993113805346592882e-01
7.597187881400661702e+00 2.322843448435527236e+01 7.443728488884786554e-01
1.033419668779624878e+00 5.379539283300072583e+01 -8.617793540447509226e-01
4.832176563724232210e+00 7.778198442909854293e+01 -2.124835086410586105e-01
6.405947986590939003e+00 3.871841674916038922e+00 -3.843705831739115952e-01
9.231155990954043489e+00 2.852875451181184729e+01 -4.991078271541120603e-01
2.764809918467298289e+00 1.663030957994542192e+01 9.304504571162360849e-01
7.347161443956110594e-01 5.445271439865702234e+01 7.149597499853584948e-01
6.042516987499684689e+00 1.239555532913697000e+01 2.881666401173413883e-01
1.210926051348782506e+00 8.138213929740935271e+01 -8.117426762844682786e-01
9.200615638388061512e+00 1.518520675952104426e+01 -7.952529520656375084e-01
5.480197311686353601e+00 8.783478648468040717e+01 -6.468459257051607514e-01
8.109500721909409293e+00 4.868175872358917644e+01 -9.848422962433458494e-01
6.974081241734911174e+00 6.361141004987027969e+01 8.268892563778567073e-01
2.317605107742680026e+00 2.348920900520010591e+01 6.084643967758559535e-01
2.875153901700325143e+00 9.820064091911008575e+01 -5.902493064764859909e-01
5.460510790682407967e-01 8.602973998169677827e+01 -5.390792427676298626e-01
2.515003183911700635e+00 2.802985594019133586e+01 -4.272379545337266771e-02
8.658904010443928101e+00 7.364999711573182140e+01 1.043843342643594324e-01
2.910137498426210279e+00 6.614536407956471464e+00 3.906784436187292209e-01
5.238109736270001981e+00 9.641396873045874827e+01 4.887727329275430299e-01
4.785549106987628143e+00 3.999339798375014254e+01 -5.486886577967998724e-01
8.770916928949361591e+00 5.388724179151581950e+01 9.997871847229332642e-01
5.981771481537081492e+00 6.862307176244556217e+01 9.666650127368439094e-01
7.468318148772491227e+00 6.759301342910932320e+00 -1.563862582806187229e-01
5.281369419829008649e+00 9.480582217970481906e+01 -9.711010235697349335e-01
4.019986646766009031e+00 2.309916695730453995e+01 -9.999976962850772866e-01
2.408859263530259920e+00 5.630646770634803744e+01 -1.237692534439820274e-01
6.576616262132908730e+00 8.017516016950581559e+01 -9.785578541097382788e-01
6.764189349858466649e+00 3.565230298180394186e+01 -9.890687460442089129e-01
1.817288566410317108e+00 1.554686395508221786e+01 -2.275339548449728522e-01
7.613293311795626295e+00 7.401194549312579340e+01 8.937595149978355691e-01
4.529761522520976413e+00 8.762642289362489123e+01 7.800103217661444321e-02
9.581855334537483060e+00 6.378360158628043841e+00 -8.829122993616337345e-01
6.166766694214790512e+00 4.578995004820736625e+01 7.640204265519040527e-01
4.198639432991297937e+00 5.218132432501842999e+01 9.617841383731619009e-01
6.883594627923479425e-01 4.354924561291520746e+01 -9.976536303945449102e-01
6.867838090380402605e+00 4.623773297966295814e+01 8.866215176939115095e-01
2.334649008147464677e-01 2.567874783382075421e+01 -4.316022413467591190e-01
9.552646345055922694e+00 5.796567859736509831e+01 8.961468229362876681e-01
3.440814247020648420e+00 2.600804343892237114e+01 9.838492185102867271e-01
2.860470118405218365e+00 7.934388772318712313e+01 9.981992772214528520e-01
6.972812876006496907e+00 1.185025856812049305e+01 -2.620856674266779929e-01
7.412068043862605649e+00 3.467413252856176342e+01 4.738790650221842427e-01
6.374353600451970969e+00 3.154571323612430689e+01 2.189068063319862534e-01
8.059596916539188527e+00 6.957694912976100454e+01 9.109654520289000024e-01
4.823133442851076147e+00 8.560811161060537700e+01 4.948668593421809425e-01
4.995802046188433820e+00 3.475374666792995271e+01 9.534307358997735626e-01
3.403846209344767004e+00 8.824246786703575651e+01 -1.400339060855822215e-01
8.145854072358062581e+00 8.131014114183560082e+01 -1.210808975810545307e-01
5.277976593435965036e+00 4.684491454578351721e+01 8.031718961360564402e-01
4.248255871988917853e+00 3.103649579965920680e+01 9.171253815872772996e-01
5.217813811851210737e+00 2.816347255742644506e+01 -8.938485599615285659e-01
9.599703309093788661e+00 8.209356885666061032e+00 -8.698040310726820046e-01
6.952922383218015590e+00 3.942278265523953706e+01 -5.720654330355836592e-01
6.218495805888641037e+00 6.668007289886062949e+01 -9.350238384629777633e-01
4.185582063558534571e+00 5.774619281337933785e+01 9.060595892942834295e-01
5.231624775387325066e+00 1.921240836723957557e+01 -4.460603360275154916e-01
7.488587049293243147e+00 7.499291687050548205e+01 -9.346862656806049774e-01
9.021164958540552448e+00 6.668789184691266314e+01 1.977406276360451839e-02
5.540520074184668076e+00 2.477932492414306687e+00 9.007359546738203937e-01
4.740083031090701837e+00 3.197184238369973031e+01 5.232393140070847048e-02
2.013638381847160375e+00 7.170134805214887308e+01 3.908765069272217563e-01
8.277990991602592885e+00 4.592831771335347923e+01 2.966616155175174629e-01
3.588204181778087420e-01 2.173364042951731889e+01 9.993911094505695258e-01
1.807175970365502149e-01 9.444851793075879698e+01 -9.977093290207493803e-01
9.028159749897584518e+00 8.011601468455592112e+01 -3.693846334095918227e-03
9.538033811541007267e+00 4.326420906000493005e+01 9.803609299662369159e-01
4.600292860034006504e-01 8.426471693666803731e+01 3.564480368820830969e-01
5.158747977421320741e+00 9.959453141105962359e+00 9.960225739126850053e-01
2.667328272488462382e+00 7.962710432841973329e+01 9.555155802414064259e-02
9.351624342105790078e+00 2.744908490125948575e+01 -3.431725261097871571e-01
2.773991067462052484e+00 8.876286105892883427e+01 8.598534770511606640e-01
9.796257490098685849e+00 5.353907069702341914e+01 -5.280248870519693716e-01
5.417021150002989671e+00 1.063472944868504300e+01 9.041235728936353189e-01
7.985777942767947835e+00 9.584845919750030419e+01 6.305988085106744023e-01
3.615789885530116265e+00 6.010708456891589435e+01 -7.042911298283531796e-01
1.729865381005022851e+00 2.750223296947203266e+01 7.118352825906514025e-02
9.995120626237676831e+00 3.835086381054426852e+01 -6.084963492956504405e-01
9.089260646405669775e+00 8.964447084572459801e+01 -9.162912301441481500e-01
1.703844651829625523e+00 1.224050527422723533e+01 8.669981835055525776e-01
3.551793821800506734e+00 7.993707543538228322e+01 3.076390166560964978e-01
4.375674782324522560e+00 6.926868863766486584e+01 -1.052181524513133015e-01
9.536069778239747663e+00 8.910684998336797946e+01 6.979775497878616397e-01
9.421498268192005643e-01 9.824909989868007187e+01 -8.072077945924437392e-01
2.304856177102753811e+00 7.441342047535999882e+01 6.135204535653138169e-01
4.980878786992598783e+00 8.034422412704753924e+01 3.741231197476745374e-01
9.717311420401037125e+00 5.093073989972126014e+01 -6.379271843347457116e-01
5.510667342851145456e+00 6.217059567732856351e+01 2.310030416207828896e-01
1.192460539196032565e+00 1.174813224595297889e+01 9.930214624062255746e-01
3.859652419141720081e+00 5.801583023344918644e+01 7.717942983012759939e-01
7.938964938039187125e+00 9.613446970649258105e+01 9.562571104877779504e-01
6.393980936985068197e+00 1.130104884595052717e+01 -7.456611002254870391e-02
7.335402466949294542e+00 8.789429117660502300e+01 -4.301990474201660697e-01
9.428534978299209612e+00 7.286309250826911921e+01 2.647452788229373022e-01
2.141739675993346914e+00 6.268371205523202860e+01 9.481918387226110356e-01
3.196995044919482609e+00 1.296395140040207838e+00 -8.354051393098431699e-01
6.301055247352472577e+00 4.118910866521162006e+01 -2.046188072848668937e-01
2.665677768330774633e+00 6.394419942420293523e+01 9.944811445962687957e-01
6.953519185480793396e+00 7.726632074878308742e+01 6.015532729632389053e-01
9.695493482963755127e+00 4.382101897969364046e+01 -7.447053207380724960e-01
2.564506935806652344e+00 2.691330058518598634e+01 -3.220578730075513429e-01
2.850929100815701833e+00 9.822426486946268653e+01 -8.816315170205032414e-01
5.947683615112087985e+00 6.263498323742614815e+01 -8.597619163652975294e-01
3.788796240735131438e+00 3.678415508383541521e+01 -9.200904998304190174e-01
7.459882005830920093e+00 2.442011482483266249e+01 -1.570837602953716328e-01
2.854050479476437197e+00 1.713974584335621287e+01 -9.455110150976797634e-01
5.855978746961418402e+00 5.331714085621037214e+01 9.396787152939046761e-01
9.159215900061690618e+00 1.898368786833881217e+01 -2.868550976897971116e-01
3.986323663264148554e+00 1.975242384933745043e+01 -9.999738450036586013e-01
2.180743491841889536e+00 5.308879926812973338e+01 -6.332651747906791195e-01
1.617201023305974705e-01 3.000335681516026476e+00 4.682323022581165173e-01
7.637528560156578550e+00 5.735860514960550205e+01 9.829904863145408900e-01
9.847531213273855499e+00 7.278246014031122968e+01 -8.820061000006169660e-01
8.928624180467940263e+00 5.865672046919407734e+01 5.037063543097852758e-01
7.319807809737516990e+00 1.548063526617937136e+01 -2.303197286650500997e-01
3.073698223996159218e+00 6.876919549226829531e+01 9.389417135678301829e-01
5.164659418523096512e+00 2.939618885054274955e+01 5.127286234284847977e-01
6.566651903792844358e+00 6.846915527335394813e+01 9.995484410580831591e-01
9.841719331551258776e+00 2.378317834719020141e+01 6.620657882927705185e-01
7.530109509464650408e+00 2.121036101327019452e+01 9.837520739586373963e-01
2.138584925172274609e+00 2.803294223835750643e+01 -1.142364993134570988e-01
7.139207054229352423e+00 1.319713663613491050e+01 7.913188874159351460e-01
9.752302884329409949e+00 6.991186859223932970e+01 -9.210342840525432839e-01
8.015395725987946918e+00 5.300498241783953013e+00 -8.629426892062470600e-01
9.867121485640442557e+00 2.782544850544151416e+01 -6.026549545456079127e-01
5.026919284604133509e+00 9.044190235699116442e+01 -6.503592835572734598e-01
5.923958492532926279e+00 2.453951534725833383e+01 -6.283784479746221674e-01
9.076943895184689026e+00 8.338583824583244564e+01 9.879453929213092289e-01
6.727560450032739503e+00 1.145518617143201645e+01 8.397074003650680796e-01
7.652541271405588930e+00 6.447357222978086888e+00 -7.294618538794663820e-01
2.669891413406386693e+00 5.773116428768862107e+01 1.492265915687732425e-01
2.635826869412587037e+00 1.481586895586476693e+01 9.979407610383913552e-01
1.539171557654485101e+00 8.092623304241124416e+00 2.863571878497885720e-02
2.902015769476040674e+00 9.306321590165920554e+01 -8.608637669807436277e-01
8.094909494163234243e+00 2.877057080177844739e+01 1.485958966634410572e-01
3.747612951850155305e+00 5.091107418625599124e+00 3.306802626488255514e-01
1.360237258481716172e+00 9.888965016028532773e+01 1.825637249826268238e-01
6.717379902280008253e+00 7.888761266049726828e+01 1.939638519192344035e-01
2.214966806438130931e+00 6.665634688240488970e+01 8.027338578106271161e-01
3.069819544931669864e+00 1.718788845687049482e+00 -8.444297566963187007e-01
5.209711054763221938e+00 1.269391991773546735e+01 5.578771483621740579e-01
3.467971389100211743e-01 5.022950009414477535e+01 -9.998065765576942265e-01
3.767154679917384286e+00 8.021743799776325545e+01 -9.519144516682207513e-01
8.661477486575464013e+00 9.891873291557797643e+01 -9.955801288403243188e-01
6.419560702421864384e+00 6.282501268933025074e+01 -1.320248813799152453e-02
1.613292757699628099e+00 2.606872687703989300e+01 -9.688436467491344795e-01
4.761889564967345834e+00 4.059413048777267363e+01 -2.347161791634759798e-01
9.359961175467779171e+00 1.231525530213100161e+01 9.110982304220380801e-01
8.450866055043853464e+00 4.538022795737628456e+01 9.813866085606496314e-01
8.270693118287494983e+00 5.113433311618907595e+01 9.576390600791735430e-01
2.001599706466115514e+00 9.296410122775304785e+01 -9.352894201765201698e-01
1.630409408614478917e+00 1.194763440526733334e+00 9.278417512860489547e-01
6.400483776523016921e+00 1.378114598439899297e+01 5.095570500685844273e-01
3.850294790069038520e+00 6.268296169530402295e+01 2.266050939170193290e-01
9.787400670439283523e-01 9.929895836258509689e+00 -2.908672598781100738e-01
9.068212525814743685e+00 7.956075459475388811e+01 5.810485214450323843e-01
6.788314735760622831e+00 5.827225631613106316e+01 -9.777338473708305777e-01
4.868670502244945908e+00 9.144609526932725885e+01 -2.507733106967153236e-01
2.884819886597417504e+00 8.811696911686074429e+01 -7.248221512401781252e-01
2.045806745930168091e+00 1.357569933123630790e+01 5.996603424987136943e-01
3.084480832838878861e+00 9.725424173361712121e+01 4.039066649730063685e-01
7.390714967828628801e+00 2.765129907604094228e+01 5.051265147023912272e-01
1.743935845004351171e+00 8.010884784794349400e+01 9.937385813505533738e-01
2.365743442184212508e+00 1.090413244076407651e+01 2.874019854838731347e-01
9.497037298168729436e+00 5.083112564130122024e+01 -8.765626350971459368e-01
7.103122736797813808e+00 4.342302180721134164e+01 -1.795603138315550740e-01
5.605383707861406606e-01 5.015183749179477246e+01 -3.292816451497003749e-01
6.586063864895055353e+00 4.998482677717726119e+01 4.656819493080438521e-01
4.207873191223175269e+00 2.158951718861756319e+01 9.227708191659665937e-01
6.976824148829900096e+00 4.028927572016052494e+01 7.064720741784583646e-01
2.747138165376886487e+00 8.821805691489808510e+01 -9.545570785717375495e-01
6.676072412327853201e+00 1.611561979220524776e+01 -4.019341046913676996e-02
7.962861319918602021e+00 1.357597993668816017e+01 9.976964364994788115e-01
7.711409508243255218e+00 5.194951081461802289e+01 9.391905040694930040e-01
2.588308555614974971e+00 7.536921229755105855e+01 -9.469302638065537625e-01
8.595761949897534393e+00 1.447175058938275249e+01 -3.730364827759475865e-01
3.696298025596593817e+00 3.735513946429278320e+01 -8.488429935986953057e-01
8.757064824496797684e+00 2.312452876279377634e+01 8.687639495493914010e-01
4.197142704974290872e+00 6.079882554752852286e+01 -9.234791994902360468e-01
8.153453456609330630e+00 8.121205891094076890e+01 -9.080128993435439000e-01
7.551645873149007038e+00 2.676210850090660287e+01 -2.608902160228598888e-01
6.514643364926429925e+00 7.550609891122793726e+01 9.955060213310660266e-01
1.391690889229012962e+00 1.212628514550003977e+00 9.953189030218339006e-01
7.677456894466143211e+00 1.762014098878726998e+01 -7.780871732798516627e-01
9.301747815877364545e+00 6.320384050106158114e+00 5.368198627166319570e-01
6.205153956590650388e+00 3.991427535359792955e+01 3.116737914353790440e-01
4.844527833405134487e+00 6.816099597955819434e+01 9.540135363136375002e-01
5.210949635224783272e+00 6.240398653919778127e+01 -8.177167486406780039e-01
1.557053831106059771e+00 8.843110754192295531e+01 -9.931564459206887463e-01
8.817574080152569493e+00 9.655790937410576191e+01 -6.692617096557852419e-01
2.763251558862444002e-01 2.873369619888368476e+01 9.956320893598563648e-01
2.663376786247720895e-01 3.274179051714410349e+01 6.527670599997703604e-01
1.323037315078261056e+00 6.893953478720901273e+01 3.111783341032898775e-01
2.978324393678731585e+00 4.123241051807580959e+01 -5.175829562326670352e-01
2.004160085278169579e+00 7.064848362929657810e+01 -9.843203919271314994e-01
7.139797059718983263e+00 8.071014096447709107e+01 -8.256740017621585492e-01
7.804536879961115226e+00 3.652159217464626551e+01 7.157365497864269788e-01
9.546668071714274006e+00 5.075807568955188742e+01 9.916181014245660785e-01
2.465986633398672190e+00 1.855307120791804820e+01 9.998386635036403680e-01
6.762870360969075456e+00 9.988446241128606573e+01 -7.431358102274315813e-01
6.981719982243046907e+00 2.795133478204232702e+01 -9.551172452730447016e-02
6.731901159204035423e+00 4.648268152254910035e+01 8.113291645553680764e-01
6.553126847637332553e+00 3.013773696953157000e+01 4.580564630531218095e-01
3.789763727361158185e+00 1.668442025720438693e+01 4.197544861327079380e-01
4.946774922288478038e+00 2.002202216321939332e+01 -9.958760082380966328e-01
9.006301815968052793e+00 9.509488430982570151e+01 -9.908973740955124843e-01
2.375777972991337972e+00 6.322168092927826422e+01 8.561019892112469165e-01
2.522701985988048179e+00 8.022928761461788838e+01 -3.148920199636160988e-01
7.408560325585550110e+00 5.066927447762748216e+01 -2.305138258365856674e-01
1.907539551386093324e+00 3.724647788253982839e+01 3.413109307621699506e-01
3.481932554347520803e+00 1.715013803905839751e+01 3.840875038093768956e-01
1.958442044882865440e+00 7.691642076981906939e+01 8.220243751931470833e-01
1.391418052892954504e+00 8.739328358163474775e+01 7.860248878197817479e-01
4.914268695541244902e+00 5.019692853988207304e+01 -2.941778484716899844e-01
5.958346931156743853e-01 9.188869990308094771e+01 -9.938390429503024537e-01
9.250809872367007358e+00 8.777851153013754981e+01 -2.183166657808133237e-02
6.461875148739784969e+00 2.378872784116828143e+01 -7.163634426296324742e-01
3.832376039781618893e+00 3.314854702330038805e+01 7.793317028597837037e-01
7.366825357734116508e+00 5.507277712440825468e+01 1.084689951132826596e-01
3.163919430568712610e+00 8.404409169366503818e+01 6.411434264205396749e-01
8.224080576073902193e+00 9.106278167033885040e+00 3.779802519483518308e-01
9.463099091568876631e+00 6.360042393170432007e+01 -9.879201059208485569e-01
4.139410579466038520e+00 1.734868491970483007e+01 6.897547509047588510e-02
5.192931882639163277e+00 1.358929356844643799e+01 3.165297309414060178e-01
6.209380206632272525e+00 7.424176217659656629e+01 -9.138427242897839697e-01
8.893775147616908683e+00 2.147100425226331932e+00 4.075718718918624472e-01
8.978221462661574392e+00 4.356313058023159712e+00 7.825752512644154057e-01
9.815757960625646206e+00 1.999007238560837507e+00 7.899833520438875878e-01
7.958757368550950062e+00 4.055538761386036839e+01 -9.369278533077645132e-01
9.071635323345395463e+00 6.119598755115418243e+01 8.118805211679250844e-01
3.608879386533669908e+00 5.057551512630643487e+01 8.204074256881835336e-02
3.437513672725444724e+00 7.012643005109389094e+01 9.561951940333893729e-01
3.150089262242913524e+00 7.802196453143682220e+01 -9.829013220523334926e-01
1.809230671864731077e+00 7.894107978375096479e+01 -8.593032717724665703e-01
3.792023924726875883e+00 6.589044147813568486e+01 5.683885327415313382e-01
1.136860551986466961e+00 5.378286134160932619e+01 -6.082280285197833036e-01
8.655148848820426011e+00 4.613548289284290149e+01 -3.430523520310622132e-01
4.570913279216610725e+00 1.585705954674199880e+01 -2.186966313797022721e-01
7.957421912939878439e+00 2.842161121553565906e+01 -8.763088281028882376e-01
8.607620117742941446e+00 2.693636621674612286e+01 9.720780901154250087e-01
1.040307418635956216e+00 2.219099709424222056e+01 -8.234777038536750249e-01
2.873202577519148093e+00 3.510826066655724986e+01 6.735179715401743428e-01
2.635464677053427351e+00 7.843977766712639266e+01 9.985698584541014000e-01
7.086633683359041314e+00 6.617243023583706929e+01 9.173697967357310468e-01
3.282179963008702295e+00 8.198956348719273990e+01 9.878984362651012097e-01
4.420935752387648021e-01 2.846844980929808244e+01 3.598922095800053539e-02
7.905439962692401679e+00 9.171118904829538110e+01 -8.232941118112411250e-01
5.218094951802078718e+00 3.034357367140787076e+01 -7.794658601229984551e-01
8.856424912871037947e+00 7.843363088143037487e+01 -4.478766420676435489e-01
5.652393625784775111e+00 1.801177068084815147e+00 -6.818595419748983977e-01
8.312852344133116134e+00 4.445917740510723348e+01 6.072056486856299840e-01
1.667552562460592247e+00 2.853661508560083249e+01 -7.662561817438670042e-01
2.928897631490150477e+00 9.722577146239535750e+01 -9.972767577709060749e-01
8.613503840032885606e+00 2.159024363387068490e+01 -5.491621844991012580e-01
2.734869815650488256e+00 2.542315803206683000e+01 7.034912223593149383e-01
7.112766908386515041e+00 9.941225662053825829e+01 -2.245374148100839351e-01
4.954285516511194309e+00 9.089044578205896130e+01 -3.629164328219709468e-01
9.312170909778670236e+00 5.997111733656823418e+01 -3.441673865352698480e-01
6.592192405690115997e-01 6.552514056049052726e+01 -7.049331015634452413e-01
2.706874513328684451e+00 4.081544946309197286e+01 9.791608852785909090e-01
7.929030127444219866e-01 5.292237255375244587e+00 -8.690409754037131673e-01
9.609576597369057893e+00 2.541487946103010032e+01 -5.672112512465204981e-01
7.838571955579723971e-01 3.421836548868350292e+01 9.960945942307212198e-01
8.356115411250170766e+00 1.802072227034860674e+01 1.244465988063671591e-01
4.457610175849501255e-01 5.855424901811579019e+01 7.052115448278077903e-01
5.809071067125236354e+00 7.564612903539584465e+01 1.250197853580526930e-01
8.629941989332696295e+00 6.781487790377063618e+01 2.829716960493697253e-01
2.891469303929686596e+00 8.707690265335612878e+01 9.154322205038382121e-01
4.978923358894902229e+00 5.970170599394469946e+01 -8.465873253823689160e-01
7.333289473094279920e+00 7.267281987142391131e+01 7.678424871611061464e-01
8.242564196386195974e+00 6.285650156637242247e+01 -8.291942885861138812e-01
3.589840293607368338e+00 2.109724685701692692e+01 3.773330227754992383e-01
7.513269287054284984e-01 4.570333561723368376e+01 1.125119282152871325e-01
2.200239820671511470e+00 5.819619493932908938e+01 -6.675891484262223008e-01
9.786951875786328969e+00 2.737929563257633259e+00 9.929298603738866413e-01
6.052179998407256178e+00 1.744455477444288150e+01 -7.945941736990945747e-01
6.916019700682910276e+00 8.525105590297418701e+01 -5.797150538378826878e-01
6.342475505229145050e+00 8.326687029360252268e+01 1.859985586787094025e-01
9.209885708075693955e+00 4.193461852061937378e+01 4.310953123111400664e-01
4.394863062320714775e+00 3.855108476232283010e+01 -2.809108421001055289e-01
5.053600910555132719e-01 7.982822397331256070e+01 9.892024082914201433e-01
2.729395702247731648e-01 9.143625238181439840e+01 -2.511382705209549981e-02
8.218584546391255685e+00 8.774338875989036524e+01 -7.986363212170350945e-01
9.038278068067908677e+00 5.650684834909252885e+01 7.407325498221782878e-01
6.253793754287437778e+00 9.299446423585031596e+00 9.610892499875425266e-01
2.280909164337434070e-01 1.936947183857028776e+01 -9.497650843095221118e-01
1.396849718222432646e+00 6.095485300704052634e+01 -3.748884779065301820e-01
1.244373831680204212e+00 8.620702117588184876e+01 9.291871037714654058e-01
8.159318797083459529e+00 6.943034801771747766e+01 9.575371080983080541e-01
6.369177189541142425e+00 8.115855066055098632e+01 -9.939354895102165965e-01
2.274976647844770383e+00 5.796980703887480502e+01 -9.053334819554743618e-01
4.332583176449113616e+00 8.941018708918177538e+01 -9.061797878688109265e-01
6.802510929194404810e+00 3.843171095817728400e+01 6.658916480270326010e-01
6.813562536312563367e+00 8.467793469458923994e+01 -7.079957896063205913e-01
9.431527278067973086e+00 2.062603274155704547e+00 6.115944301637620262e-01
2.048505217797389921e+00 5.368065076200282704e+01 -4.007316259328826402e-01
7.869418578322838975e+00 5.885865679428255248e+01 9.895647223301731188e-01
9.056868113982836643e-01 1.374757765332888049e+01 -9.842235840417529191e-02
6.921591396459485956e+00 1.135495607188005351e+00 9.986592828616543960e-01
6.780433380870428017e+00 9.170742982785414199e+01 -2.921665793827742386e-01
5.333141171075678422e+00 9.652250380631434723e+01 2.751891978082657286e-01
8.322223896670561061e+00 6.085509896368818517e+01 -5.579092848850748521e-01
7.124677285996743770e+00 5.319325995042399313e+01 7.334316326691562304e-01
6.228300495275407300e+00 2.858411467133750605e+01 9.986548771023049387e-01
1.508144704466467534e+00 8.339043574618091270e+01 -4.064584122331865168e-01
1.387900317773297920e-01 8.021522391509412842e+01 -9.962518275216709629e-01
4.525998968106571319e+00 9.681523028146710885e+01 -6.492135655033253183e-01
1.611453767428689121e-01 7.099423691904554801e+01 -8.699923239171774014e-01
8.291794531539183666e+00 8.497315521792408788e+01 -8.910461953965622683e-01
8.558182827161790129e+00 8.352619967366310050e+01 5.072438714878411137e-01
4.421315559236109749e+00 9.276414278504303468e+01 9.998365333235507135e-01
7.615877900368573927e-01 8.414787911838799062e+01 8.694209733096266435e-01
5.757616366881261882e+00 2.706947108715006323e+01 -2.493301355840961409e-01
6.138656291029353618e+00 1.931125075685252312e+01 -9.223881176057998621e-01
8.928452750097006785e+00 4.101939586685053030e+01 4.850653425868918234e-01
8.912647514826755213e+00 7.292446370840994518e+01 -9.075014920853068379e-01
9.979893017859815529e+00 3.142871995954381958e+01 -9.020335163632628994e-01
1.166421847080061136e+00 5.428860134909164969e+01 5.525651800093679400e-01
3.623215522973855851e+00 7.463315170479791050e+01 6.868719395205120648e-01
1.408048212951430012e+00 3.158509794882630928e+01 2.828117912704213310e-01
6.491456496041261737e+00 1.661870480344770229e+01 8.344837756658485262e-01
3.841061560417101006e+00 7.242061295319467185e+00 4.839340522786321763e-01
8.727707859326240936e+00 5.527929079288103509e+01 -4.635211382092451621e-03
3.030161473908159486e-01 9.961749204698915605e+01 -9.574211749984258280e-01
5.806897341888956454e+00 1.281599517343816252e+01 -9.196216917634975063e-01
3.780276181824227866e+00 7.267057448548446530e+01 -9.914524480153914521e-01
9.438436644483678251e+00 6.060784401297599544e+01 -7.774932526451013848e-01
9.740877389564710498e+00 5.472252208395546802e+01 4.472202405972656725e-01
5.800169915976402635e+00 2.931096985191942039e+01 3.726449606608230880e-01
2.992400593083517801e+00 7.107888218614372988e+01 4.718274902557729328e-02
9.945438897177082183e+00 7.340685200460013959e+01 9.593269956649514985e-01
9.421294121712751490e+00 5.952626938158610415e+01 5.513453023657765018e-01
7.717574550545169831e-01 4.364781103284086328e+01 7.874235575279092680e-01
6.289072371041121379e+00 4.939718074496546052e+01 4.689250672008931087e-01
8.716705071589483822e+00 1.928987322004296345e+01 -9.988045279748335448e-01
5.610570196493126494e-01 2.097987110173917102e+01 -7.727864913734405761e-01
1.752033554615808342e-01 4.874923557539405294e+01 7.499395195122874336e-01
1.205674406991280451e-01 5.209781015455229181e+01 4.330269569038915772e-02
9.573007917518561172e+00 5.616946998812944258e+01 7.723525503688131177e-01
7.558958163570142830e+00 2.137491862515729224e+01 -8.571208105674605893e-01
3.652296286365424471e+00 3.339396839552101870e+00 -3.956437942002510311e-01
2.202126836520683362e-01 8.131348872190159227e+01 -9.499520644495683674e-01
2.068265078074412067e+00 1.832243806684339305e+01 6.993573379627674447e-01
6.577155618624324518e+00 7.194359102559883468e+01 -9.594888086563945206e-01
3.620201951622987302e+00 7.503242143784062534e+01 2.577552700188067147e-01
1.292110559220195798e+00 4.773747700836010210e+01 -9.997140398831361185e-01
1.823342169354627229e+00 9.442276500571779252e+01 6.740109944695079625e-01
3.944798398702300535e+00 9.958606664154581267e+01 -7.835985666023539409e-01
3.691259700804571331e+00 8.568827229445847138e+01 -1.275759029971565706e-01
9.852976982080740243e+00 7.210261336784805053e+01 -8.097042857524677784e-01
6.099088581756231697e+00 4.955578341757687610e+01 9.272932937605974368e-01
2.276114556844719417e+00 2.012538259797680595e+01 8.063630148027944866e-01
3.570715238849845097e+00 4.421879816640847594e+01 4.940536904580080657e-01
4.455772240438551357e+00 2.589423841773432855e+01 8.457442555618845947e-01
7.782923973186353095e-01 4.899411939887344403e+01 4.162454721029236193e-01
3.583175921095479222e+00 2.184016896907269967e+00 9.806193249177052040e-01
2.674924749150696002e+00 1.548793812320598384e+01 -1.334960367125348490e-01
2.657966563728160203e+00 1.255310287076077280e+01 7.371632333097946077e-01
5.805525526764659716e+00 1.843378571508545605e+01 -6.664582187341090425e-01
3.359206110737612327e+00 1.110294842940150062e+01 -5.418018496713512544e-01
8.135250273631955409e+00 9.138550352749021499e+01 9.999950915032580490e-01
4.615917767014535045e+00 9.019588151504191842e+01 -9.948813302032887274e-01
2.672757018657287542e+00 5.234730814547515365e+01 -9.874884981132888706e-01
9.161647613083708563e+00 4.749075665853533934e+01 9.217569069722520991e-01
1.034724352007439396e+00 7.484994921438784843e+01 9.184636379444969245e-01
3.336960583388539181e+00 5.400956302228991746e+01 1.375191061991828390e-01
8.068037958004165233e+00 1.547644844676187503e+01 -9.409343835026251490e-01
2.533361299683021262e+00 8.845736989540290551e+01 -7.095362105087775761e-01
4.873681854265079494e+00 5.750254931897443100e+01 1.935788151723299988e-01
9.912241634732856355e+00 5.849236537127054270e+00 9.266448966390552489e-01
2.182528780297670945e+00 6.240387214205920685e+01 2.134981289750587097e-01
1.880655980803132898e+00 6.001365301886919212e+01 -4.766185988196809387e-01
9.149826280956325775e+00 5.384728582101301697e+01 8.732814347645185826e-01
8.163775458926535222e+00 4.284808547205710738e+01 -2.878706723324538364e-01
2.002430003327086094e+00 4.238662431616736370e+01 2.905153142200529448e-01
4.861941456522342442e+00 4.338603647060456581e+01 -6.659344194962888430e-01
3.705993073062695320e+00 9.638766241025374271e+00 -9.968182833912397900e-01
1.349097625701994208e+00 1.145094468847885949e+01 2.498460203894287135e-01
1.762474061425074678e+00 4.123070607323225545e+01 -9.937182861062914263e-01
4.077994922149644985e+00 1.956574935805938509e+01 -4.044923260774775930e-01
8.704725085737637258e+00 2.736964997401613431e+01 -5.990696464817971689e-01
2.929975808530843828e+00 3.503926858627263385e+01 7.523346341781760316e-01
4.107419574201475854e+00 7.672035003239916762e+01 1.120179319709785210e-01
6.810117101779001203e+00 6.377784774860928962e+01 8.892911673328541822e-01
6.062717891816903126e+00 8.501516580061876027e+01 5.930869369126326451e-02
9.517131041357598242e-01 7.692002491352084803e+01 -2.343044139942161985e-01
3.941127483560488143e-01 9.397511581172487638e+01 -6.675025142881264584e-01
5.224608248268548527e-01 1.673207861916793604e+01 6.867687751888634784e-01
8.033816259378157909e+00 4.590134797954705803e+00 -7.010574783755321171e-01
9.616594544301387160e+00 3.340314511213347881e+00 8.285420633248775646e-01
4.302878587639800578e+00 3.675316148928101967e+01 -1.921807481948319962e-01
2.506985507513494582e+00 8.628728557625530016e+01 -1.126844084136856272e-01
4.302170765326627233e+00 6.493398480355710944e+01 4.155479041483400859e-01
8.502567064051863355e+00 9.628824306358066565e+01 -4.617173560553102796e-01
1.894668628799630605e+00 2.534896757683439006e+01 -9.893166158214838912e-01
8.977441372797159147e+00 1.830274313958244292e+01 8.896310875722576172e-01
8.827327970554804892e+00 5.868135187229972161e+01 3.014158658754308995e-01
1.081335514045749235e-01 1.712892418635076197e+01 9.580626215136474055e-01
8.625507802213325803e+00 7.120468888829074672e+01 -6.208160528201278616e-01
2.584669793702522256e+00 4.719377795931075781e+01 4.475250429753172554e-01
2.774922515251060595e+00 3.080181796782584058e+01 9.716335425375590695e-01
6.505973617620794958e-01 3.496015142046960733e+01 -7.546899017287665989e-01
9.350656692756150079e+00 9.250615001345960309e+01 5.287464467063608398e-01
4.067942956635053342e+00 2.589024394554420994e+01 -9.674367973243997998e-01
2.741906308488937682e+00 2.216539241138990235e+01 -9.999700449129139690e-01
4.657252433198856956e+00 7.643166857471377362e+00 -6.818269287956787439e-01
1.861581499561965503e+00 9.862350890044960749e+01 -7.006485372233807185e-01
4.063141461347359318e+00 2.587154788386163062e+01 -9.207214001012804516e-01
3.219410901939157910e+00 6.763808625014419817e+01 1.093906276855545201e-01
5.845909454408836581e+00 2.962264533933549870e+01 -2.158488864708803523e-01
1.219983274650216387e+00 9.248262813560099005e+01 6.288677227502570410e-01
1.858284207882083150e+00 6.479468549169546066e+01 5.482095997421618794e-01
5.082908342527516776e-01 7.529828804136360532e+01 1.334882560858545175e-01
3.971573943579664867e+00 3.414484971416904102e+01 -9.923926675939616082e-01
1.591204700638484404e+00 4.587667007839112898e+01 -8.885943249096223129e-01
5.579511907065127119e+00 8.740491696149665302e+01 -4.185408612560129749e-01
1.567818664352703673e+00 9.534020288106179919e+01 7.758203326558241741e-01
5.277903942356717337e+00 9.378316136807140424e+01 1.811550682237146326e-01
7.982737566144958663e+00 1.178928179104181950e+01 -9.977837829839101280e-01
3.815064648530386293e+00 4.637782152664267699e+01 9.995935207936770261e-01
3.132851489634036479e+00 3.894873938476160191e+01 2.740504997730539571e-01
4.904575562739743155e+00 9.104017727683063299e+01 -1.130547157765299064e-02
1.929275268559071499e+00 6.664225520226864319e+01 1.234799909628925135e-01
7.554180924672330155e-01 5.881597107949052372e+01 -4.814319521579523142e-01
8.666000384276619783e+00 8.522692997431485651e+01 6.192771511936679962e-01
2.468795295115369992e+00 1.715323949635207867e+01 -9.906639790133634493e-01
2.966932789882286148e+00 1.106472883637774984e+01 9.972296849327833002e-01
9.919078256641999047e+00 2.927417227105928887e+01 5.342007538227332430e-01
5.862704574531269586e+00 9.291626755593082976e+01 -6.065989729354803739e-01
6.345185807268453715e+00 4.195090401683452086e+01 -8.864732445936172045e-01
6.744743058869130614e+00 5.100735114628939471e+01 1.646982234820836832e-01
4.188789861743148712e+00 4.633732497996321342e+01 9.957055823054291599e-01
3.076381920898290545e+00 3.613873944726855569e+01 -7.274084319262654752e-01
3.023606890852594820e+00 8.626122516221897740e+01 7.542290011861032539e-01
9.853395311074391927e+00 5.019078693492140530e+01 9.483670010390251592e-01
1.707125177922067527e+00 3.009175213978398933e+00 -9.123776596313953879e-01
3.762120835383042650e+00 9.699633841397954370e+01 -4.792338079235081150e-01
3.458504402642778253e+00 2.587461182357343858e+01 6.821702491243940569e-01
2.008099219664507107e+00 4.289256010036399402e+01 -9.616188937881330334e-01
7.973167495605440358e+00 4.119446017393887871e+01 8.473570593211390278e-01
3.528751596244227517e+00 7.584117795702502463e+01 9.483514962798090808e-01
4.339764021444984188e+00 7.911910879716327827e+01 -7.328384325378564657e-02
9.247587615476293266e+00 8.595893156223696963e+01 9.340127043262996809e-01
7.368679775477701810e+00 3.086519075538092594e+01 9.998018439792279999e-01
3.772367723592605859e+00 2.735263680530057329e+01 9.295289865022587916e-01
6.365902791842634301e+00 8.570791211633255102e+01 -2.697879850002046220e-01
6.560767149090014350e+00 3.043922407685239051e+01 -5.688929649566031033e-02
6.116767047183779837e+00 4.599517287444913194e+01 1.723647705766813143e-01
2.557833192306939729e+00 7.760959182980298010e+01 4.307374973839613874e-01
2.971646828860022183e+00 9.268686934434256841e+00 7.947909431944976122e-01
1.758167170500456677e+00 3.790660728583321770e+01 2.162905971332074739e-01
7.062227628251315004e+00 3.969098215074160407e+01 2.224086139007726004e-01
9.813162625475959189e+00 6.980535539523806676e+01 -9.793261960408606859e-01
3.480625288795887950e+00 1.641040373975918243e+01 -4.358618554121981847e-02
3.374999467744341786e+00 8.128510666778939253e+01 -1.903997414291281054e-01
4.297391788424015147e+00 5.770448371328771486e+01 -2.524755557530081185e-01
4.801032463730359190e+00 1.537544532120157514e+00 8.663631447540867114e-01
1.797392034489907253e+00 8.379851419983150151e+01 -9.819653866650437379e-01
5.602053639839783550e+00 1.838804396274192499e+01 8.100390048429955137e-01
5.426728953750381557e+00 1.368261365978640320e+01 -2.057466102257348162e-01
3.820342473237682945e+00 7.767407280008254133e+01 8.832463958157678041e-01
8.434895946464447292e+00 4.011264621971496069e+01 -6.675130709556208464e-01
8.811881382363955240e+00 2.021515102919862983e+01 -8.889887073627219527e-01
9.105569940967750853e+00 6.881319199515371565e+01 -4.509209099523763808e-01
6.155704100575800197e+00 5.452100063770022587e+01 -8.952705799089856198e-01
3.102319219575728759e+00 4.342492063103473043e+01 8.761983149520524705e-01
7.171920904387035556e+00 1.598184172676786119e+01 6.807430450825288082e-01
7.503749325585213015e+00 3.947479015424678295e+01 9.628567922455038008e-01
5.171749898421328595e+00 1.702605046218163665e+01 -3.937011227269165414e-01
6.701003468873282465e+00 9.073405429738470218e+01 2.462055492854280658e-01
4.496330563957585014e+00 2.870644076578239279e+01 -3.919746127479005748e-01
7.846118688372512473e+00 6.983566463109870881e+01 8.748793623685232612e-01
3.202441443498660334e+00 2.097286278952300620e+01 1.687097799722984126e-01
8.927740008616442680e+00 3.865657727581007919e+01 9.126520209343244039e-01
6.963151204509363978e+00 7.676532502644090528e+01 -9.949505474241840952e-01
1.376685714388349080e+00 5.403935977324661621e+01 -9.902655052580918715e-01
9.013862179327132296e+00 9.207021807352666087e+01 -8.733083620528986346e-01
2.187160307456765818e+00 2.422605011108917239e+01 -8.300110096529300652e-01
4.975067238673115178e+00 8.192135614509244590e+01 -7.168433242753252665e-01
5.899529455555605928e+00 9.274119430021791288e+01 -9.227924538240622754e-01
2.587363277652265925e-01 1.288865668377010643e+01 -1.350874868530382300e-01
9.133297754751851016e+00 3.700001696987704491e+01 3.154077644505216549e-01
7.508470368183663979e+00 7.083807498109713663e+01 9.771908752010292076e-01
5.110557303359679615e+00 1.148076238299067242e+01 5.846130550385831848e-01
8.116838139374220606e-01 2.569085392598970685e+01 9.662006639261634389e-01
5.407933146861241269e+00 1.428933524373728048e+01 3.036012371149314770e-01
7.311049773113409422e+00 2.889001379271772763e+01 3.994589639889075672e-01
7.662084855969715669e+00 4.513920580818779626e+01 -7.787143650715158127e-01
9.591601790803862215e+00 3.375119034641057425e+01 4.355394293934646277e-01
5.259278911036680881e+00 6.194625467977260058e+01 5.131132479955702319e-01
1.424082141021822734e+00 5.090210165829991240e+01 -2.352686666154760187e-01
2.673967871653389228e+00 9.527299575105551810e+01 1.604459140088075053e-01
3.215861761414596565e+00 3.812389719793432619e+01 2.847243812231171900e-02
8.169595389074265412e+00 9.322420493670982466e+01 9.933780592524666941e-01
9.381637801789612041e+00 7.448692858614677448e+01 -6.761678157538502099e-01
7.825933009980241550e+00 2.462514545713977299e+01 -3.607942161815094056e-02
2.965784022940896936e+00 8.327038669496552359e+01 -6.686366154523433192e-01
8.430844276580112151e+00 7.951098358477226213e+01 6.520641449634666520e-01
9.503406130368265536e+00 1.282669815890992382e+00 -3.330762006375198037e-01
7.165026327381276872e+00 4.166097138040348824e+01 -2.163201491902795315e-01
1.378766336203323783e+00 4.639133024393865412e+01 8.451796986436321824e-01
6.803621076123713252e+00 9.887003988994793247e+01 -8.246033892956976530e-01
7.017333461068226974e+00 7.231013401909021354e+01 6.553802178347116758e-01
2.453726602251160571e+00 8.775269440764057549e+01 -2.883503562732248615e-01
2.170305248305714141e+00 1.977734470995615013e+01 -6.803582686908046240e-01
8.249841100573835462e+00 7.999378731457157699e+01 -4.639293591709695574e-01
4.951026381500374995e+00 1.891764627129346721e+01 -2.410252740489947088e-01
6.886070178789150731e+00 5.830126857520248507e+01 -8.529685520193153181e-01
3.489831983841621632e+00 9.961715449283418877e+01 -9.999884955088687022e-01
3.500270244050495361e+00 1.340765502416750365e+01 8.509242661695316512e-01
5.974073086684270617e-01 1.677881377367397508e+00 8.432190509325682148e-01
1.123834975247921752e+00 8.776289528221303726e+01 -8.821204897727565886e-01
1.142907584596819959e+00 9.139600939077395481e+01 6.034845912000682544e-01
8.032909045827928196e+00 3.543611097612457073e+00 -3.995955927010926834e-01
8.420205270425803690e+00 8.361467944753300685e+01 9.352314685487229662e-01
1.416551373130854552e+00 5.010124912577762757e+01 9.730943372871450059e-01
4.715817292219306900e+00 9.808724321640053745e+01 7.060995705743882134e-01
1.779923596825904619e+00 7.612923111399267384e+01 -9.892900246573174128e-01
3.622147716170824427e+00 5.556565723149894609e+01 9.998009370461747869e-01
3.528963435577110452e-01 2.822678833675749743e+01 -4.439453823653553011e-01
1.406344924008420039e+00 7.672844824695600607e+01 9.832383696149643582e-01
7.092372202611292309e+00 9.695677322557682487e+01 -9.061990764484690875e-01
5.409825618881683340e+00 4.278670429888140347e+01 2.159518336954007744e-01
2.984994505439826362e+00 9.431716844462206950e+01 -6.718267560188644349e-01
8.153914613992107263e+00 6.058764788984707650e+01 9.951256670071865207e-01
8.712064768769078427e+00 4.782785199045983759e+00 -9.951165429283420627e-01
2.473090945044767341e+00 8.738188145864906176e+01 -8.048122383180537076e-01
1.205125196024636525e+00 9.793992501677269047e+01 -7.739029896055877877e-01
7.453158573924796304e-01 4.468403129631717974e+01 9.903584390013511207e-01
4.648315527519412349e+00 9.300320548585450098e+00 -4.675505782359590246e-01
3.429594999184934156e+00 9.970243234266237664e+01 1.111949660077690555e-01
6.812087205306959881e+00 2.782059008705449532e+00 -6.772746209084730407e-02
8.072163702323857493e+00 6.061442739342746933e+01 -9.351151569613970205e-01
5.085345288107806283e+00 8.530641835039203613e+01 -7.863093900301067196e-02
5.084124741624161281e+00 5.689047916183915987e+01 2.795338074017950647e-01
3.083296251765899942e+00 7.837873347360448406e+01 -9.669322957939393559e-01
7.100367681035408829e-01 3.930241712954754263e+01 6.245479411365055800e-01
5.030643761774791223e+00 2.362285457130378408e+00 -7.538273418813057347e-01
4.468641426113741488e+00 2.365051558969128820e+01 -1.090379309045436257e-01
4.038834564362979052e+00 7.123819690381766101e+00 -3.527669010899073254e-01
8.607737859898692889e+00 7.666941837070180554e+01 -3.891473145886479856e-01
1.617726787199537775e+00 3.013764882356221264e+01 -9.129438237272022860e-01
2.639371362620299699e+00 5.718296392864217381e+01 6.726572104296032473e-01
1.476346491770479608e+00 9.896341857398181219e+01 6.209489210605376730e-01
1.478735938172814457e+00 7.374356907855153409e+00 -9.998297846306519743e-01
8.317934193159572942e+00 9.887089618017522241e+01 8.053896864377285691e-01
9.530897115718024892e+00 7.596016382179494997e+01 -1.918613885221090720e-01
1.095751791125554764e+00 4.587753533866566613e+01 -5.297700652718638770e-01
9.315123995637470955e+00 4.402879183079294734e+01 4.244460244540304017e-01
7.403588068983729009e+00 8.861865271186266568e+01 -9.642270560755534792e-01
5.735284580552861833e+00 2.713756045513032333e+01 -9.963723305256783069e-01
9.924044853252187437e+00 1.154721894852939634e+01 7.990605828360586305e-01
3.811737900156012326e+00 4.750200597588787588e+01 -5.703426460966901645e-01
9.397272909989093037e+00 3.551064853992217163e+00 9.561423562192462589e-01
2.336428181788048786e+00 1.597102700786600771e+01 1.676672233237364862e-01
4.363163531281630370e+00 8.236295051917501553e+01 9.466140414425318061e-01
4.464663397603603201e+00 2.157750321276508743e+01 3.752637619825563431e-01
9.588447078086662856e+00 6.500504919555842775e+01 3.949131671274151711e-02
8.239511924812290999e+00 3.841513209503262516e+01 -3.168197637157965096e-01
3.517484860211893771e+00 3.551628780135916230e+01 6.765377352473339601e-02
8.996912541585071921e+00 7.080985571095790476e+01 9.908977475372561239e-01
3.658245653751752702e+00 9.899708700256103100e+01 1.566719625816848649e-01
7.121903635070398586e+00 3.054037050037753787e+01 5.885218661787692263e-01
1.471754101633579559e+00 3.812446541477000039e+01 -7.746786080341625524e-01
5.116221131527929344e+00 1.289734870230203612e+00 4.131136541606264534e-01
8.110054254828829912e+00 1.425611511467844217e+01 7.526975668636304295e-01
4.407639465825928804e-01 4.634481037419669214e+00 8.874851017453392332e-01
2.902913070031563070e+00 1.817835966746272547e+01 3.465528130649213057e-01
3.003179588100141295e+00 2.723745415095252653e+01 9.999908149000703572e-01
8.446522967033674334e+00 9.425864147226374712e+01 -5.673899600854763747e-01
9.126500540106281534e+00 8.704081733190913894e+01 7.351894534451990093e-02
1.200489670609090176e+00 7.236527489795302870e+01 -9.989428373286060037e-01
7.516557815423970723e+00 2.474281664402510827e+01 1.399337519995907941e-02
2.681220036423021202e+00 1.306773175482096860e+01 -6.225401233353768937e-01
9.062872944974833089e+00 8.945468997770321096e+01 5.387857397598136977e-01
4.474765090086872732e+00 9.751442003936226399e+01 8.651088847654637703e-01
2.197032841377175583e+00 2.532162813035991888e+01 -9.982552957714091457e-01
3.227653884167952736e+00 7.339217274541204006e+01 -6.773611354338603396e-01
6.307834731769206726e+00 4.683056859176521414e+01 -9.734193520548121148e-01
7.350242487830545457e+00 4.895210434657592202e+01 -7.677395429828971496e-01
3.169145347983202576e+00 6.050107394010339590e+01 -5.181902319179466643e-01
5.300352126457394952e+00 1.993142151288965280e+01 -4.008126242175756304e-01
9.238762774983012349e+00 1.868065452850479957e+01 1.540776877989776805e-01
2.872160093350681453e+00 3.516451373500424182e+01 -5.848946665180581039e-01
2.947368642966580410e+00 2.941288240195802928e+01 -6.842207960156723723e-02
3.708894629963220169e+00 6.476569534354899815e+01 -7.373897958601561831e-01
7.567480015217803668e+00 2.896873731680485875e+01 9.475295493241413514e-01
7.775165509616506654e+00 6.819107173433593516e+00 6.649914474956533095e-01
8.658266605758385026e+00 7.172015890465574728e+01 -9.881502015022188834e-01
9.534711825713028333e+00 8.886917373398426889e+01 -7.555995191733259064e-01
4.918003599367610335e+00 3.070265395658547547e+01 7.507081806026992821e-01
4.898363817759789463e+00 2.974814487977344513e+01 9.905840038249648094e-01
8.918701262983750766e+00 5.578934155956251573e+01 -9.182477332607774656e-01
3.619434061363983268e+00 5.545873416307868098e+01 -6.633829990195905246e-01
4.365787642341127928e+00 4.359982203864073824e+01 -9.865437939985142179e-01
6.367176249986109760e+00 9.937114030611464699e+00 4.623841216345526695e-01
5.244204690345315889e+00 4.618630470771302043e+01 -8.772328364125494549e-01
7.489357877178849598e+00 9.691044931286856468e+01 9.016119748322554139e-01
1.977169357594889654e+00 2.926492017254130218e+01 9.570285689549470343e-01
3.629143226755233709e+00 9.638769598644185521e+01 -8.884357631074353279e-01
6.538211247107768465e+00 7.741083890300581061e+01 -6.274494701459094603e-01
4.241660997545209533e+00 2.172507768781288817e+01 -9.214435208487178341e-01
3.915704057420676509e+00 1.161813166057865843e+01 9.948933812680320621e-01
3.749733787705804566e+00 1.424584513151392962e+01 -8.153604569541554881e-01
3.678404623896219583e+00 6.972716384286570701e+01 -7.428977837463575096e-01
1.306159565265869960e+00 7.213149337183592991e+01 -9.737952398668821008e-01
4.188577733487186094e+00 2.252853736989533928e+01 7.583538180506967930e-01
8.002666172299600644e-01 4.460185146943452850e+01 -7.330877422947104094e-01
6.687795321396535542e+00 5.988243526017402019e+01 2.880200638271166250e-02
8.376884569685266513e+00 6.380183104298803443e+01 2.994338101154959686e-01
7.227319163612301089e+00 6.238107444954221137e+01 9.970653269066019897e-01
1.381624433281840147e+00 8.926925207466547363e+01 -9.896294654658036594e-01
4.599772136666478772e+00 2.029701631758456415e+01 -7.950017483737563673e-01
3.483222921193098731e+00 4.625221794045220491e+01 9.772106835531553237e-01
4.630745656290335965e+00 5.167115257519511573e+01 5.414465241183246368e-03
4.428831515345834191e+00 7.122805522245705845e+01 -8.473274090497977529e-01
4.828238653114520496e+00 1.791791686195012945e+00 6.489741212082751343e-01
3.236796630364793703e+00 5.123425624576255899e+01 8.188712031779513678e-01
3.484752275705193636e+00 6.939113574340471757e+01 8.825500133936778902e-01
3.128007723560391362e+00 9.222100460273345846e+01 7.575110630373218523e-01
7.263068164991691056e+00 8.122200885497481693e+01 -1.115477023431590692e-01
9.065490089542027619e+00 4.199609803108796058e+01 -9.443908547000321452e-01
5.094681742834859861e+00 4.982478353512067315e+01 1.785391990825211175e-02
7.048555155939592254e+00 8.100832338816087486e+01 -8.735328428134078171e-01
4.281404581474919091e+00 7.048683147321997922e+01 -5.421673685760498573e-01
3.095250667886213503e+00 8.762828914687077031e+01 7.122397236429300893e-01
3.677938749820604425e+00 2.108729914881966394e+01 5.777093727888175101e-01
4.484440908493953160e+00 9.334913025415136190e+01 9.668706207677514319e-01
5.309864254387487215e+00 4.830021473936528764e+01 6.089361912300164104e-01
3.460489144008108031e+00 8.969942121414248959e+01 -2.781124445165070735e-01
1.720088699878552285e+00 2.050543863388250543e+01 -5.847316881208303174e-01
6.344544492192135010e+00 4.333044974674924532e+01 9.098966092799591898e-01
5.480741663040414657e+00 4.704766308673995212e+01 8.743468318572540365e-01
5.194393409452550792e+00 9.618781187136274013e+01 -5.362921223466158294e-01
6.587333592857780751e+00 8.829773451151031338e+01 9.862513637854273263e-01
7.634267739483824755e+00 1.257559284258078414e+01 9.370515684116518251e-01
6.239397608390190086e+00 8.331574631410371978e+01 6.815105281171685014e-01
2.893837140281332765e+00 4.901771997998687169e+01 -9.128889852423803797e-01
4.634623010940570609e+00 1.055040544670669789e+01 -9.982887345290155645e-01
4.601214450928580391e+00 5.490223031180899937e+01 5.591926652251506119e-02
7.641949403263140539e+00 6.291550555735966554e+01 8.747521101452336856e-01
8.389014547192831017e+00 6.604420909601458334e+01 2.642453279356863360e-01
9.687907260617693694e+00 8.664558670374862714e+00 1.064288543309629964e-01
3.984832976045918240e+00 1.897877480029547570e+01 -4.682354126926583926e-01
4.473451778342171004e+00 1.578094869017846769e+01 9.862375009162659412e-01
9.280648053038417444e+00 4.121687932337156468e+00 7.146649486712287613e-01
8.490139700087086183e+00 9.698542313572045259e+01 3.766474003775027724e-02
3.458131555077322172e+00 2.637528559348865098e+00 2.852922598562339096e-01
6.953490983682558024e+00 3.163853142244998651e+01 3.788022227806382425e-01
7.207157044192666895e+00 7.873954778674290367e+01 3.163536872422689217e-01
5.126044907753525059e+00 5.094028460391458424e+01 8.757828553989742693e-01
2.089110227794550578e+00 6.145285200385342961e+01 2.365402105210533124e-01
4.267404081410179018e+00 8.247558934895751293e+01 -5.643800149350348683e-01
1.280191132982457791e+00 9.789444800591419948e+01 2.121771410942560887e-01
3.747533142141644014e+00 8.357953400104189257e+01 -5.948422556770552871e-01
5.683986506792158000e-01 6.392193849858240462e+00 -4.357523720337679873e-01
8.871894285476402686e+00 7.391094367002061460e+01 9.016163868058194586e-01
2.122215760475244295e+00 2.165125513359858189e+01 5.373481428751526456e-01
1.057589330727540133e+00 6.676901275461707641e+00 6.624559351418752851e-01
2.230105444075380472e+00 9.850265822690363393e+01 -6.409740070840451720e-01
9.576266499859881876e+00 7.981261338789542492e+01 9.409713052224675245e-01
4.222765208210703669e+00 7.214216844771110004e+01 -7.975292796610328194e-01
5.615335324190343869e+00 4.643007973280614920e+01 9.999968338972682336e-01
6.520493822455371014e-01 3.529452221455937178e+01 -6.696934083589786146e-01
7.588373042630647269e+00 1.228089508502883476e+01 -8.280887752127568113e-01
3.569416395283271370e+00 2.634053156472388579e+01 -9.525514943767913190e-01
6.047545312053594024e+00 9.139238661698388455e+01 3.800366731677625731e-01
2.925183405521557312e+00 5.009818268363417104e+01 -6.052457021233970114e-01
9.525671139883455041e+00 6.077871477952735191e+00 9.792646256015405948e-01
6.812071081216804380e+00 7.679515511068609612e+01 2.111470760629359511e-01
6.571476551056492532e+00 5.301807536872849624e+01 -8.737945648485027084e-01
3.855222738761049150e+00 1.029360980194550201e+01 7.426864804544033305e-01
4.280170697586434869e+00 6.368172023708054041e+01 6.261433543859922235e-01
2.576802180715313195e+00 6.485176823784820499e+01 -3.469677482982694294e-01
7.434531352004999372e-01 2.070265900127525072e+01 6.714764878088472222e-02
4.342490708741820526e+00 4.528895578236100761e+01 9.531248439287567376e-01
8.074912935971454431e+00 7.656796809648638202e+01 9.349965161502848954e-01
7.867795560177066605e+00 2.990768422266580373e+01 -5.686409881356346840e-01
2.136946686434594067e+00 9.620062057509495901e+01 5.909423698967233296e-01
9.352275014116276708e+00 6.197171487158244929e+01 -9.569294991798200645e-01
7.324630322217458023e+00 1.514808014664166613e+01 -9.203562963363014493e-01
4.680451970112684101e+00 5.399480006837340085e+01 -5.627147970686479095e-01
4.918820174902075237e+00 2.127018445719341955e+01 -8.843867717134452633e-01
1.043965104502374563e+00 1.100980364368508191e+01 -8.634839004545954433e-01
6.795680852484657031e+00 3.554638548416311750e+01 1.034251145331946918e-02
8.044588176624094089e+00 6.668043995005614022e+01 -9.600426832595876370e-01
1.107486716999398713e+00 3.536804222981198365e+01 9.893884243743578111e-01
7.019903534815776780e+00 5.066911649593411227e+01 3.082415398444987020e-01
6.175608807607311235e+00 8.855749226659324336e+01 9.849491744828470230e-01
5.291609824937754780e+00 8.270657112442485470e+01 3.490440752443127459e-01
5.132663178531767123e+00 7.974886020276740339e+01 -9.300534786044544200e-01
1.912898982038343521e+00 3.198024123364721305e+01 -6.154874838099835266e-01
2.343432451364103886e-01 5.730439307625933054e+01 6.953086105191141897e-01
3.343528124953944136e+00 1.064360742076286037e+01 -7.951781824375911967e-01
8.135956519669109710e+00 2.692060394844352089e+01 -6.321528376869096633e-01
2.552903507585359222e+00 6.910232839909858171e+01 -7.827924512165000959e-01
1.467110074950810361e+00 9.269888848418803207e+01 -9.871042785068766534e-01
6.193403416986956067e+00 8.951520519967057510e+01 -7.005556627700488814e-01
2.344851646945459667e+00 4.517362343631072363e+00 -9.315798832247594863e-01
1.600460010366862029e+00 3.168503654278761061e+01 2.152221622124801670e-01
8.288737338796494214e+00 2.595587232977107206e+01 9.366676347936310210e-01
8.648845710894045524e+00 9.436082400398532855e+01 -7.672032582421970393e-01
8.493325869429606101e+00 5.259563484643152975e+01 -9.385659559561686516e-01
6.628407754952776010e+00 2.193053477514710892e+01 6.187242792019059801e-01
9.885974526075612445e+00 2.131155369830569413e+00 8.896495991637370926e-01
1.696987333686622357e+00 2.360071057720210774e+01 8.746580796991404450e-01
3.990651922971074628e-01 1.912257795300263652e+01 9.602653627963055882e-01
3.166002091853129308e+00 2.426281840154076264e+01 9.561362557258522576e-01
8.317924003436949931e+00 4.679182444669956453e+01 3.019694228456619722e-01
1.163888634664205224e-01 9.007618652192964248e+01 -8.883236342929317075e-01
2.175444219224381026e+00 9.325028855313981069e+01 -9.346677594977893522e-01
4.180979123651473728e+00 4.015927286664314266e+01 8.068108628665952020e-01
4.202334028264657739e+00 3.453297122403984076e+01 -8.926909968764846770e-01
6.902076498442271557e+00 8.922600328185541230e+01 1.883160538224681047e-01
3.577306489734298101e+00 6.818508220619084170e+01 -9.999859793078672565e-01
7.213137467894106258e+00 2.974748160443750677e+01 -2.976173313597549330e-02
2.612383408056988099e+00 2.880646240383720880e+01 -6.844934004306102437e-01
6.058195127709086414e+00 2.230846482181442525e+01 8.580404410242533642e-01
5.346600688529438372e+00 5.698146003882206045e+00 -9.242902065646636522e-01
6.991203426946431598e+00 6.841653144456637747e+00 -5.655025372163758890e-01
5.108164202966395173e+00 1.191021971477269226e+01 -9.226437488452838842e-01
1.469241297299843430e+00 8.267284187200387180e+01 3.016047314216821484e-01
5.659577536288773025e+00 5.175545098709388725e+01 -3.711799867288672616e-01
2.667700149983746272e+00 4.452670063986530380e+01 -7.754659270685960726e-01
6.821440315451770431e+00 6.658562302541753297e+01 -3.099814794061024337e-01
3.640574849444965455e+00 5.548274867513819686e+01 5.362655092936525758e-01
4.175322328289452933e+00 2.460637419763323663e+01 7.220970284651536675e-01
1.776233140322742932e+00 1.979388622113442509e+01 -2.737827786500107025e-02
6.340990254642433488e-01 9.054288541571641247e+01 4.826487178319528448e-01
1.983059916954948321e+00 6.573367654363812562e+01 -8.763803186259258027e-01
9.785716862306472308e+00 4.176708169302079199e+01 -9.988339409589928053e-01
3.047600982589977914e+00 9.487666289062660496e+01 9.036372329085390342e-01
1.441631893467703263e+00 3.706583191179493042e+01 -9.033374013040097461e-01
1.182594094507855020e-01 4.698253817824410206e+00 5.230909398859503456e-01
5.867248760059205814e+00 8.496510131463219295e+01 9.850180434962130249e-01
6.343548523552819063e+00 3.156353186254475673e+01 9.944604864162451818e-01
5.912375926822962535e-01 7.931543943100460403e+00 -9.999833493421002029e-01
1.428704607359568834e-01 1.284704306554553099e+01 9.568049354761429814e-01
1.372458905546814822e+00 8.410807206055504537e+01 4.828361064912865541e-01
4.226836806057266749e+00 1.332367890460269422e+01 -5.926015257453504104e-01
3.782410028535200919e+00 5.609130231628731167e+01 -5.886944670518053924e-01
2.400713723606778149e+00 7.418283669726035612e+01 -3.849601318060558719e-01
7.397707674619257823e+00 8.926332064619192863e+01 -8.994372317684622420e-01
8.433988195544134925e+00 1.259033737524527830e+01 -2.363396657515951793e-01
8.190988410721338653e+00 4.764004987021461091e+01 9.710925541771947556e-01
4.489201135712300506e+00 6.649061231675536021e+01 5.121117123547563876e-01
7.485968595979741735e+00 9.048122825974007810e+01 -1.962325495353815438e-02
2.910608401762045716e+00 4.859614263421673286e+01 -8.169711596063484738e-01
3.875944880822776106e+00 2.596949271984337315e+01 5.226259686171992325e-01
7.558304747161494141e+00 6.121967991466014780e+01 7.623471544018688428e-01
9.913376966056283379e+00 3.543610868187935381e+01 9.410421461699715051e-01
8.702425231512565418e+00 6.970315966334453606e+01 -2.971608957249047833e-01
6.701549445179153963e+00 2.270544159097408965e+01 9.904384983383197616e-01
9.179322767064117983e+00 7.679103358720804806e+01 -3.045082784749530980e-01
1.722938483493706485e+00 6.081696400238806177e+01 1.189344842466005941e-01
3.049269541966754815e+00 3.197194591110429940e+01 9.999992458299556963e-01
1.796136205255949969e+00 9.553646562678460441e+01 -4.632008272258350545e-01
3.727250275377663069e+00 9.342735116182676336e+01 6.546302890613417969e-01
9.747427522597115868e+00 6.435962023279918753e+01 -8.349828322837530292e-01
6.399086276354192471e+00 7.432876527910438824e+01 -1.854587028103791557e-01
6.955444144408658325e+00 3.377175936922760968e+01 7.360204513257655456e-01
7.369596144850368624e+00 1.514907227778503795e+01 -9.479900834774919183e-01
7.625794342266254411e+00 3.865707420321801813e+00 -9.989652029749398476e-01
1.840442220818592656e+00 2.361777012206164628e+01 -4.566675031274232688e-01
7.137956069496387279e+00 1.772660662063428205e+01 9.029080114076730723e-01
5.949422967216633218e+00 8.016377034208261421e+01 -9.653672719537877978e-01
4.229988748724789360e+00 7.604834971163974444e+01 4.097473984409470416e-01
5.222763454151874818e+00 5.652757774405485236e+01 -7.589769922693434534e-01
6.759135758862464538e-01 5.143973359887090169e+01 -1.753615571503356341e-01
6.893217207891519038e+00 4.006457645120896416e+01 7.815142962915124780e-01
1.128505239413091665e+00 3.442935139330037586e+00 -7.408462570197729136e-01
1.385553081065307834e+00 3.969186485391686947e+00 -7.428842592551475610e-01
6.426337275093683132e+00 6.427310401409918938e+01 7.595745460997777032e-01
8.501581887723867581e+00 7.573754946016910239e+00 9.677576583926241760e-01
4.835270035965685942e+00 5.247690944644071465e+01 -6.140171133690345284e-01
9.796155007663131187e+00 8.133977882780727953e+01 -6.410429129809967937e-03
1.703698775700120072e+00 9.802214292343188617e+01 2.815389170380337980e-01
5.451607986797998961e+00 6.541083288087959602e+01 1.869849521776537626e-01
4.419908958158429435e+00 3.274190155977669292e+01 6.961394433467447129e-01
9.799212845162161400e+00 4.760473004376775208e+01 9.875108700110594162e-01
8.767321719016901937e+00 4.459728125945343891e+01 6.730721660432893438e-01
9.963214565943674828e+00 4.242682055233352401e+01 9.780667230133963663e-01
3.302267689653302529e+00 7.599478198772956716e+01 9.225921992602558186e-01
6.875236516066074444e+00 8.696607139705037071e+01 -9.986343921200097062e-01
1.804479814453992859e+00 3.462188283857589255e+01 -8.753992427145180777e-01
6.879816776415801804e+00 6.039048776963514342e+01 -3.257131325203164174e-01
5.758812524586908177e-01 4.072582438413663652e+01 -9.995421368685706298e-01
9.894181142590467104e+00 8.765301590132547460e+01 4.115830969293180486e-01
8.864244306756003056e+00 1.501183959424734127e+01 -9.580908106002181679e-01
4.902659500724912967e+00 5.576744211783152139e+01 7.346361925591586850e-01
4.837691794707975390e+00 6.084961501297964048e+01 9.981769612648679901e-01
9.958635814637741390e+00 2.605788193596770341e+01 6.534171457401191097e-01
9.680050806975547317e+00 1.692441300116824721e+01 9.225102614551246027e-01
8.210734748253397441e+00 8.120739403864776307e+01 9.838997005087530834e-01
4.569135460386136716e-01 4.759921990613170095e+01 2.403854555462360820e-01
2.636151801942767658e+00 9.072853643552861058e+00 -8.814438582395771604e-01
3.601563611816543720e+00 2.704854014101129067e+01 1.456597575514663734e-01
2.369469008567071544e+00 2.110305317274474035e+01 1.166756227487357606e-01
5.206395224411764389e+00 3.900347879185080302e+01 2.158435226211962987e-01
9.644928485165299437e-01 6.670532672553829912e+01 9.967402777672904612e-01
3.142974744948139332e+00 2.099636722604063621e+01 8.402801543667346440e-01
8.603870507492193953e-01 8.626670484825883989e+01 -4.232079516415981346e-01
7.628821444958569842e+00 7.498671550217019899e+01 -8.878319320554702854e-01
8.698678480208952735e+00 2.459036238399541929e+01 7.561944888596894288e-02
7.369451081312511143e+00 7.530867458998396557e+01 8.647148342114544528e-01
9.689913518795169267e+00 9.064456874537252418e+01 -8.593997103147751337e-01
5.130384446800826836e+00 4.105776580842393031e+01 -9.896767457559184633e-01
6.478615000951487346e+00 8.833983895822447607e+01 -7.707298893205696277e-01
2.042671447961537989e+00 5.096332630335309943e+01 -3.165660105474275010e-01
3.331090136211578567e-01 7.884916701975532760e+01 7.429922181362075273e-01
2.336559882294517720e+00 4.157232899541934756e+00 -3.293990889807530964e-01
7.418908996094314645e+00 4.915175455484572353e+01 9.827843539628077218e-01
1.908371560686104029e+00 4.226218462783063501e+01 -8.939282246654099984e-01
2.094960605431169132e+00 8.105168419287727488e+01 7.427679009914379682e-01
7.111807818953609583e+00 2.259971024592096001e+01 9.872838410365935014e-01
6.870181295756486506e+00 8.523846931345890710e+01 -5.334914200450708854e-01
8.611951681058144237e-01 9.478735856418863648e+01 1.365794475697502119e-01
1.971748401363269121e-01 7.371545395238587162e+01 9.115716842095651362e-01
7.181248394664413226e+00 4.968783928496722524e+01 -9.997550191276509679e-01
8.628411488341567903e+00 4.911336061938082764e+01 -5.552086593196014358e-03
9.217984462092377873e-01 8.085851414685923544e+01 -9.415811910268849783e-01
3.713625484654437425e+00 2.895577223675855905e+01 -6.849061166582452731e-02
2.097103718785190196e+00 4.449615469306952065e+00 6.799866301395755819e-02
6.081619605694764452e+00 2.141684885168951524e+01 -8.420686463298207025e-01
1.624249908638526474e+00 3.218604800658219744e+01 9.999862119774647340e-01
8.890256503026042978e+00 7.493113059804272780e+01 -9.595911095511794331e-01
7.419840897622918874e+00 5.311090948581189508e+01 9.867245283112530130e-01
9.732515603541067151e+00 7.430247902222340883e+01 -3.073821236218582942e-01
4.095285070039804687e+00 3.987309740582757911e+01 -7.149053967297049061e-02
6.651428512002326876e+00 3.423929157693198988e+01 -8.741427117309228390e-01
8.878263970385400938e+00 7.611561885876671596e+00 -8.471300440242179874e-01
3.703104456639383812e+00 9.327362442536421838e+01 -4.976188438186080476e-01
5.648114387483618160e+00 2.188091838492568542e+01 -7.870392777346387758e-01
4.070236943423394038e+00 8.210664757978632622e+01 -2.543150087862552367e-01
8.484078209659667635e+00 4.102337976410975529e+00 -2.384696174408126035e-01
1.008654550655997822e-01 2.913698347724482574e+01 2.191674478235373091e-01
7.807310154959668402e+00 8.416207083204953676e+01 3.776995832492019423e-01
1.321873896257749648e+00 3.104603323688291283e+01 -1.890601862796851551e-01
5.885831932831237623e+00 2.402346181308498529e+01 -5.938620606903891597e-01
3.004390311837386918e+00 1.680189503385211935e+01 -1.186498129383422306e-01
3.081508560048832113e+00 9.117798706071084780e+01 -7.747046646782326240e-01
8.614581743162474936e+00 7.428918482273253687e+00 9.997314757712723043e-01
3.941297433920777138e+00 2.715734490745251861e+01 5.303266628077044631e-01
4.176509847230348349e+00 2.082438572572977620e+01 -3.424847788466616610e-02
8.172637393297144115e+00 5.148207439324075807e+01 9.801345670145400479e-01
8.926899645270950145e+00 5.501931058692525767e+01 9.811366951719300289e-01
2.251948000786776927e+00 3.025379494115849965e+01 -9.675608149543378778e-01
2.565218851105418807e+00 9.004823074980289732e+01 -5.739414443359898144e-01
2.885805625624932702e+00 9.503364447297089512e+00 7.014993131427554873e-01
9.608669797183921446e+00 5.191267791390391295e+01 -9.907720351339486253e-01
3.511775220123442232e+00 8.134797322081081461e+01 -2.584123297350440426e-02
3.021241254101589391e+00 5.109924616715008483e+01 -9.794548223265803211e-01
5.186311661184213939e+00 7.510023374979120092e+01 3.215500294829536365e-01
1.874023537784616167e+00 9.048911010215115880e+01 8.756509103469207744e-01
5.985821773834137716e+00 7.280648678613447089e+01 -9.852438367124966012e-01
3.695845059766948548e+00 1.057209553361945353e+01 8.853015013713320114e-01
3.516846587752652020e+00 5.969386344952134493e+01 -9.117089770610362631e-01
7.474700212232816554e+00 4.280564201358536280e+01 -5.646919369978201653e-01
8.841069743445229889e+00 9.288136690806364015e+01 9.949446011610799667e-01
8.846420518551221690e+00 6.479314651376395773e+01 8.038619755594669236e-01
3.091775306153801584e+00 2.899817570189117433e+01 8.210493857636272930e-01
5.601047009037371183e+00 6.197569448743256970e+01 -4.369325899242351152e-01
9.181634767058570290e+00 6.149823083445195948e+01 -5.965793656556127589e-01
3.282057361735933654e+00 6.848780460154834770e+01 -5.901477490209444676e-01
9.871862198154758516e+00 7.374799917239978697e+01 4.494690196361980639e-01
3.641960739906157762e+00 6.639297273620476858e+01 -1.012659191619655896e-01
1.879218174428179955e+00 5.204022508910251332e+01 -8.386861062884998219e-01
4.059674734641034455e+00 2.861791463225313947e+01 -9.336730239033824708e-01
8.773479927584773463e+00 1.598487075223264497e+01 1.418902274330445801e-01
6.826718617510619147e+00 5.647417740952852228e+01 -9.947054338180992827e-01
4.291537867815354845e-01 3.782140822559895810e+01 -4.944364062709368790e-01
2.997084101033584247e+00 3.140541213289128564e+01 -9.999719892570295698e-01
7.161378792631043488e+00 7.273795603328571246e+01 8.931657566022696004e-01
2.972306030849686920e+00 8.418313549410163432e+01 8.889240744467185040e-01
3.278413410642304626e+00 7.473875338714046279e+01 2.136723368759331151e-02
8.520056635722913496e-01 6.339730712148370628e+01 -4.831652515866700082e-01
2.556670862313346060e-01 7.470801590972754980e+01 3.959469112071193342e-01
3.722957515695789699e+00 5.082228829913989188e+01 -4.349857401275077362e-01
5.522754007730171999e+00 9.673486240253646429e+01 9.915443075868179967e-01
3.688219672416292561e+00 5.909546755336602075e+01 -8.084956961043123780e-01
7.262561288994509923e+00 4.838809091654192684e+01 -3.963607985732531258e-01
8.145803399981405235e+00 2.869793581379572700e+01 9.935076663212529802e-01
5.791571718810669900e+00 5.826562677233906129e+01 6.425155045177615154e-01
8.478108314668215684e+00 5.934625346188418860e+01 1.321690537852036884e-01
2.834019358781859399e+00 3.665288048117982811e+01 -7.157591280828428104e-01
7.472358737334736212e+00 8.059457826972482053e+01 9.136630358081166969e-01
1.714535913204142670e+00 8.483777980850993572e+01 -1.730925323127232018e-01
4.411395670998270901e+00 1.459147801296250258e+01 8.635396716187035970e-01
7.161979573183440806e+00 4.099614673032534995e+01 -3.108259529511329666e-01
8.760058847089284839e+00 6.229608174564770451e+00 -9.999374778203470315e-01
9.022630588494152448e+00 7.695340041310931412e+00 8.713699346651547772e-01
2.388998238262939111e+00 2.877097128770889967e+01 -7.728613692729476015e-02
1.772419773034858093e+00 4.767525498827797037e+01 -4.142399931458469742e-01
1.315182366290855498e+00 9.589828969679213344e+01 5.440999497402051466e-01
4.257189000412618718e+00 1.123269150348883372e+01 -7.987603119640863669e-01
1.122463361196563980e-01 1.654097089902658979e+01 9.550037435584102230e-01
3.185669416219232275e+00 9.816620341487234214e+01 -9.263936852380681986e-01
2.635755208446638687e+00 3.121796621570245378e+01 -6.879835175937213387e-01
7.365289316271724118e+00 1.461087793405332746e+01 -3.705367766559298885e-03
3.566277690155885693e+00 9.719924698000680507e+01 -8.588664254979931911e-01
8.468138348212272959e+00 8.167125761176504284e+01 -9.961178147225382418e-01
9.950409224407312792e+00 1.126317372762945190e+01 8.750170282898921403e-01
5.659331197072472008e+00 3.436639559892852702e+01 -2.286299674917729313e-02
7.698258812327375189e+00 1.282980449652646193e+01 -7.782067395950660327e-01
7.716364596196186199e+00 6.006844900685879196e+01 -1.476309790778658204e-01
3.420870375389724494e+00 4.582167310938199734e+01 9.953469548809933398e-01
2.350671434303980512e+00 5.254828886479511141e+01 -9.913900785707977503e-01
5.787935878899049591e+00 9.087510514864968059e+01 -8.850987714308196086e-01
9.344025220780268981e+00 2.541851210642968439e+01 -6.314229585997631622e-01
6.087483036226964295e+00 1.477700090565757485e+01 8.617864964889262458e-01
7.098830944153967870e+00 4.059966326068200004e+01 9.635327363069955409e-01
8.727588457106495667e+00 8.957108168470981013e+01 -1.135529704872848128e-01
5.708295631360821076e+00 9.664791533920093514e+01 5.486429171360538426e-01
1.589735391351654092e+00 5.400645010701329340e+01 -5.724245792083094697e-01
1.447711715444229164e+00 8.143628702525209206e+00 -6.289448980722576188e-01
6.936162700240099177e+00 9.878591282143979413e+01 4.456190199768063076e-01
9.659509512818688748e+00 3.768252843834584098e+01 -8.101541106653346036e-01
7.265725686717287246e+00 2.253784430153556428e+01 -9.185019089459710295e-02
7.000274185059626397e+00 1.665046871046835975e+01 2.163121825868386527e-01
5.944443143793879614e+00 2.693983744865882102e+01 -1.056403192180018213e-01
9.554533833483278116e+00 4.038731040877821954e+01 9.950956500219765299e-01
3.988156306166133369e+00 4.046499934180581448e+01 -9.599568002881815332e-01
6.403903009116665324e+00 7.191673419594378913e+01 8.473324335600055379e-01
4.821259108665985949e+00 1.169505226173661327e+01 7.591402833531362138e-01
7.201573220689438948e+00 2.357084287329732675e+01 -4.648497074830024167e-01
6.773525530723055077e+00 3.041554866197234475e+01 -9.537145520352603434e-01
9.519451804164871689e+00 6.790553843482233276e+01 -7.198992666591841338e-01
5.470910954023036510e+00 9.732315172692771910e+01 5.906501256970084768e-01
6.861614666360503989e+00 4.856080284912877687e+01 -9.128755636214412883e-01
7.481933359718440535e+00 8.580905146841858766e+01 4.061070895769852696e-01
8.448149034108503486e+00 6.744734664965939430e+01 -8.170791090690443514e-01
2.758070668427115901e+00 7.266194346411857907e+01 -8.684555320437444825e-01
6.282883091365621731e+00 2.019226322855486799e+01 8.074336417149536871e-01
9.942580370234392007e+00 1.599101647570041251e+01 5.305184549712346209e-01
1.987618904984937540e+00 3.346707819873343936e+01 -9.364019333873916384e-01
9.671019906434313640e+00 1.588830255438355543e+01 9.676412400433161975e-01
7.976880302108603438e+00 8.650121809650146076e+01 7.105722499077661292e-01
3.721576793947555029e+00 4.106108103149051836e+00 3.779357942853586727e-01
6.732513080870634603e+00 9.153493976111973041e+01 -8.616927501220785768e-01
9.132584074784093175e+00 5.695244719965484137e+01 4.023420659230870222e-01
3.587817612488588104e+00 9.950687691743307539e+01 4.245832750255834620e-01
1.814087781223365226e-01 3.107001157725675711e+01 -4.939365939310274012e-01
5.551540930257162110e+00 4.780199781793806224e+00 9.998142728634108467e-01
2.276510629279694164e+00 6.989091380385690400e+01 7.707022303346695580e-01
5.957070741138932313e-01 8.393288692986519095e+01 -7.951605355950928100e-01
3.920686481809021462e+00 9.662450471611229830e+01 -9.408516446786464593e-01
9.230155275278278282e+00 5.209147682431586901e+01 -4.377183541998292404e-01
1.771810892430747686e-01 2.091408215820977290e+01 -5.183363702305335829e-01
3.527671957515145618e+00 1.498528732100139038e+01 7.430224267688015916e-01
5.097588348119469259e+00 2.947438619646107227e+01 -5.589671936606788183e-01
9.856200066918328062e+00 1.697103753955698835e+01 -9.308613311099039889e-01
8.091114522429583289e+00 3.871639400209598136e+01 6.138411446906490987e-01
9.361158687556594415e+00 1.219315173485691162e+01 9.981696603652795430e-01
6.486516556914181386e+00 6.879231859782454706e+01 -9.367017330863706137e-01
8.722429430053900035e+00 8.197618403021122901e+01 -5.172953975101838298e-01
5.981161309848086027e+00 7.967770875876918524e+01 7.024351555483162590e-01
6.358893161498613722e+00 7.310739992785251218e+01 -5.934409925217579707e-01
5.468792207703870645e+00 6.934591493184444744e+01 -9.541192503898090344e-03
3.646650622557817911e+00 8.928570928728363754e+01 8.736119737676093511e-01
3.944308910843143945e+00 7.829411702379597671e+01 9.903788006485485518e-01
4.247746004446288026e+00 8.561748137880736920e+01 9.810086947587456363e-01
1.763188176438153842e+00 9.865206791584735413e+01 -9.936458822399506507e-01
8.104609815382701754e+00 4.951587206397799434e+01 8.090796496925715120e-01
4.995955534678020449e+00 5.379926685311518497e+01 9.280184865999544508e-01
1.459070773983387248e+00 5.202082964295958334e+01 8.043754370385826080e-01
8.823534590273380829e+00 5.460567951369397122e+01 -9.730568494977233085e-01
5.632124259583839887e+00 6.528376253490455383e+01 -9.841294789083280259e-01
4.479378512744905727e+00 6.430945282495275528e+00 -9.919809610642867093e-02
4.076713509739618324e+00 2.367750748391264537e+01 1.916752602284142737e-01
3.320530121885871822e+00 6.231137694990974296e+01 7.352412043603725467e-01
5.300624369976562278e+00 6.209538033898330411e+01 7.589148827595658675e-01
5.895893145479552899e+00 5.640611405517913113e+01 9.480632462555512729e-01
4.118858230318301672e+00 8.282523706200599634e+00 7.710185069360294685e-01
9.908104518894196744e+00 2.837837834992471997e+01 6.203424649114269718e-01
2.705970332056509164e+00 7.329605095346988719e+01 9.320602722907428417e-01
1.919335210924155266e+00 3.186229396616650078e+01 -5.024743759459774362e-01
3.209414595084966404e+00 8.971333575399390270e+01 9.725998340743291504e-01
2.500914442036072050e+00 7.261665562959129261e+01 7.817344340873063624e-01
9.325083501362795957e+00 9.954483040146429573e+01 4.446851440060849425e-01
4.114688529327523270e+00 4.601936141528214108e+01 9.801077362388725955e-01
7.232240783210674095e+00 8.768999020273419376e+01 8.572416579349820820e-01
4.478180255572631552e+00 2.631117893501818017e+01 -5.059955259137898231e-01
1.773970051030950845e+00 8.359465284830687892e+01 -2.297647441677976854e-01
5.692446507234032893e+00 7.218702205561362462e+01 -1.243945277771488639e-01
7.877860012642597276e+00 9.968583261112081573e+01 4.710822010776068991e-01
2.705091477191271299e+00 6.691381442164289695e+01 8.136109441638846862e-01
1.373559711546460615e+00 4.713826566102194704e+01 9.652662451539115729e-01
7.653524134801321210e+00 4.280946257063263261e+01 -6.534930589726147820e-01
6.107844929266766698e+00 4.328040008430800611e+01 4.940627849086686590e-02
7.515843037629513113e+00 8.473527820991274950e+01 4.799430302847292884e-01
6.682102133371964570e+00 4.860831823420772935e+01 6.664559765419007797e-02
9.189542250563233594e+00 1.639280625639237599e+01 -9.334069867791584540e-01
9.774271444074368986e+00 7.875204478872194613e+01 8.446189302974189683e-01
8.640502469742679992e+00 9.996835786390390410e+01 -3.398066618037406394e-01
7.416827533328490318e+00 9.979963061997344198e+01 -8.794838109932383574e-01
9.474790601186088068e+00 5.225341914489820994e+01 -2.277448985005101345e-01
2.443634635492582863e+00 4.503444803137720953e+01 -8.804710495375914769e-01
5.499111456855071189e+00 1.828651027666271744e+01 -3.653354250626171806e-01
4.529789752232900923e+00 3.140730690635671607e+01 -9.550917896786571548e-01
4.313506858030832447e+00 3.542618444395156274e+01 9.431946772036410298e-01
3.564849198010546338e+00 2.061487678838263093e+01 -9.483140939278680293e-01
4.947018147489640860e+00 6.466777915064297133e+01 -6.503180338933058913e-01
6.398235068644668289e+00 6.763435064645585726e+01 9.577886519833141987e-01
7.627135753661006268e-01 9.004406830249911309e+01 3.487423004537156812e-01
8.522814376236689249e-01 1.910688086529379603e+01 -5.823120490365607527e-01
3.257205097253281778e+00 6.966835419566616849e+01 -5.315829373407963132e-01
2.327149631114359352e+00 2.646567410153724609e+01 -1.771490616585194855e-01
6.544251872658761293e+00 2.074232758388341935e+01 -3.887169169312412742e-01
8.811261146917296116e+00 2.847876029463889225e+01 8.228284395142027030e-01
9.907570698253529429e+00 6.470069022926958269e+01 8.833774126630387913e-02
6.323115055911189941e+00 3.965424752352951998e+01 -7.845355981735275819e-01
5.171305866610688362e+00 9.747408352855978819e+01 3.119759397312341087e-01
8.488370778173569775e+00 7.588145044606571332e+01 -7.670021246672837911e-01
2.129740105974956332e+00 6.236481944319896797e+01 -9.809687225882869344e-01
3.058462966206677569e-01 3.678134234766149291e+01 -9.558539836095937270e-01
4.456243613534726755e+00 7.413147985069690549e+01 3.875029505841648958e-01
1.483583358134231256e+00 2.078809153241479990e+01 -2.833481607360996968e-01
1.346491232792215387e+00 5.028000258901627717e+01 -2.102343025393222931e-01
6.293567041085698754e+00 5.025337857234731587e+01 7.430515566330968547e-01
1.332958324505775893e+00 3.706408835721929762e+01 -9.579877395095832693e-01
4.150226764305708471e+00 6.525767905995940055e+01 -7.067103790992241841e-01
4.790595012132782493e+00 1.362717676927629684e+00 2.062077529776895068e-01
8.465001114860539744e+00 5.265261074351638371e+01 9.976459680296675403e-01
1.714782093099649352e+00 7.383825051642405413e+01 -7.548658041093588844e-01
1.093775731322482514e+00 1.082217925128790803e+01 -6.981493886068775856e-01
3.159307678249224427e+00 5.230390439160956362e+00 -6.749933657635259765e-01
5.510686895033150456e+00 9.606317603286606754e+01 -5.680408453447171047e-01
2.695377382152684298e+00 3.931098668622115611e+01 -6.865177886476624414e-01
3.464413455040821876e+00 5.396377396189948428e+01 -2.739166095710228732e-01
6.508921494092541060e+00 6.037699694715524856e+01 5.701565759067056538e-01
7.459654906852523304e+00 3.180963861652532287e+01 -2.164033282651937895e-01
9.227482664362053555e+00 7.007063937224152994e+01 -9.304962114530400674e-01
4.679904346028640028e+00 5.522923578681537293e+01 1.717380575880967930e-01
2.888095217518729108e+00 3.284927385880814654e+01 -3.855794282834688613e-01
7.622633875240397039e+00 3.291629093332329603e+01 -7.728210548163753080e-01
8.372140473528874027e-01 3.066583405190563028e+01 4.683095871980168523e-01
6.755326222505257938e+00 8.557479086906324994e+01 7.292486559207664865e-01
8.917456876237594088e+00 9.802211283991847779e+01 4.240345633147341031e-01
8.240864491168325756e+00 2.447334043976206530e+01 -5.426746301598803779e-01
9.263097032851715928e-01 4.350460791001518146e+01 8.568402762937163963e-01
3.411977226417321596e+00 8.623469903367634970e+01 -9.353458056441414925e-01
8.447847287134720995e-01 3.911331338703283933e+01 9.952098089219667543e-01
1.889659397482326364e+00 5.913552650007129152e+00 -9.561355863624847462e-01
7.407515657852245639e+00 3.773741303793757851e+01 5.458487556876537861e-01
6.566118565787887107e+00 7.771494021854827849e+01 7.339131492000579016e-01
1.409173473474171212e+00 6.179185866132249316e+01 -7.169525180732458924e-01
7.990085933928544604e-01 9.274091551761412688e+01 -9.137811508493927093e-01
9.270388153087061767e+00 4.762859866076768256e+00 3.315679559441218061e-01
2.236366997979072568e+00 9.057910864323703493e+01 7.119086829048067999e-01
1.249151840415549497e+00 2.372250791775290324e+01 -8.634284199305194418e-01
4.859153627683684418e-01 5.374352800816422082e+00 4.944546658578451992e-01
3.225713401218320842e-01 1.949989475738895095e+01 -4.304759169603337987e-02
9.499516604048565682e+00 4.094601069114717973e+01 5.664454449024592941e-01
4.794655022191681049e+00 5.151802396134002748e+01 -9.942528750291922401e-01
4.907012189590183482e+00 4.769194312927152168e+01 9.978964531855816222e-01
2.964800849394012561e-01 8.326788544360105959e+01 -6.788260772188126527e-07
6.510354812183290818e+00 9.983150352454009635e+01 8.470282343452657514e-01
6.949662132971350381e+00 2.395554546475820246e+01 8.927392632275756856e-01
1.063822845956213792e+00 3.405366231297154656e+01 -4.787410630230111708e-01
8.317061954729386031e+00 4.894763305245457730e+01 3.925942017923538807e-01
5.788544511993429786e+00 8.942680865174045834e+01 9.193217065847555380e-01
7.270717990086102311e+00 1.591521808025419382e+01 8.063745943539317729e-01
1.215929879552084314e+00 7.634462097131986980e+01 -9.272717879674671204e-01
3.983830598918407517e-01 8.545239072369916755e+01 6.052353300210372433e-01
7.948622464578792846e-01 4.728120403466886046e+01 4.261755183468128316e-01
3.906330414381775640e+00 1.701343407910561467e+01 -5.788221569192353311e-01
4.804714199109088923e+00 8.203409576160218819e+00 9.290740628222078357e-01
3.518835458176754027e+00 4.198305868332488444e+01 7.970446683844107927e-01
7.014293799949089525e+00 6.265510148379643596e+01 -4.458441166858472804e-01
8.444495459424087969e+00 8.805400191341138338e+01 -6.992926151819259806e-01
1.966994057640004678e+00 2.419887839779744532e+00 -9.884583614010921115e-01
6.601846590806069059e+00 9.345451389903606909e+00 -9.248425228411460974e-01
1.652352802780011842e+00 7.413259684284599871e+01 7.955793353252083033e-01
5.345150381343884760e+00 3.129292885296269588e+01 -9.980296612416283963e-01
5.218870150993418555e+00 3.787480799383216379e+01 -8.737572232306705100e-01
6.478119086936088067e+00 1.261561444101426233e+01 9.993265505055176634e-01
1.567663066200225108e+00 4.836395162460487995e+01 7.750882097754407951e-01
8.342950885366251512e+00 3.783637102335078595e+01 -2.407518798012736883e-01
2.644172807755506227e+00 9.499050648460814728e+01 -3.580727188456759857e-01
7.801665371703758289e+00 3.719479434234396109e+01 -8.335521757997350623e-01
9.820297826168763677e+00 1.782585361341268992e+01 -7.329055759349504262e-01
8.002142210332022998e+00 1.368348841032725360e+01 9.997683658290701381e-01
3.386751073905961640e+00 6.622827723209499595e+01 -9.983094334590451036e-01
7.270065276104046958e+00 8.261207911893309586e+01 9.513526685027625662e-01
6.803959083150227016e+00 5.653478980695472167e+00 4.202564774352103849e-01
3.671579744069497497e+00 5.836220988549230526e+01 -7.649759567226429580e-01
1.815184427939515288e+00 7.923090348757496315e+01 4.808910560790906064e-01
1.621500553073069506e+00 6.452910470422131084e+01 -4.418403805918670324e-01
6.061926435698842042e+00 6.854954660331301852e+01 8.963986219847309700e-01
2.215601719466814501e+00 1.724472357056219707e+01 5.808834104789522002e-01
8.451542789676636858e+00 1.114473534189660775e+01 -2.146013069202223067e-01
3.279952904543992798e+00 6.857942834557653100e+01 -9.750901441477994869e-01
7.646822003607427476e+00 6.434212881264313921e+01 -7.431551528096537185e-01
6.182015788999024153e+00 2.020841989406519801e+01 -8.631373578252986567e-01
3.086307656667083066e+00 1.072413088089178856e+01 5.498618119173032115e-01
9.129565719303707194e-01 2.289050622904698429e+01 8.743564122727177645e-01
8.566629483330816086e+00 9.966577127448807971e+01 -5.739655993684483759e-01
7.447170485493757930e+00 5.335722854713143448e+01 -9.999649525584253240e-01
4.643701990853243089e+00 2.615336575962331622e+01 6.665551505648996677e-01
1.825890575042867114e+00 4.916544649733977934e+01 8.829761134436205916e-01
1.610170794178004350e+00 7.891062487545126203e+01 5.727098865394867344e-01
7.346643708098550718e+00 7.666819890416003602e+01 -9.228741248929533958e-01
5.640125233708707775e+00 8.698605350909130607e+01 7.584817043682633431e-01
2.122572833252130309e+00 5.131612653836052118e+01 -6.356106745227357857e-01
3.318391014437772846e+00 1.368209396554211388e+01 9.716455924202833661e-01
9.779784443599760513e-01 8.641305611677432807e+01 6.260072975640157411e-01
4.158156702334254717e+00 9.961703302380377067e+01 -7.027327351894631369e-03
4.327037006365171301e+00 6.616643443755233278e+00 -1.336982427547182828e-01
5.405376271520621501e+00 4.601311673522432244e+01 1.034545940154085325e-01
9.010475699775062353e+00 9.465238878721689275e+01 -9.916607325182078547e-01
8.088907122750466527e+00 4.872462955909145421e+01 -5.134609355636570172e-01
8.455022041182747472e+00 5.998198159315836619e+01 9.641282388255328906e-01
6.214226716560982133e+00 9.733507561157371413e+01 -2.668570729886127757e-01
5.199652453413832198e+00 8.647194839267665145e+01 8.952400438015375439e-01
6.175728507528313926e+00 4.276810423288696938e+01 4.867055001503066136e-01
4.173276044739136381e+00 3.657405479581471042e+01 -9.585246003179948016e-02
3.102725608802884505e+00 3.924604286177222434e+01 8.450598302774975368e-01
4.298611394798916852e-01 2.452482136179042627e+01 -8.599188779449186137e-01
1.913062931913266818e+00 7.635205147828607153e+01 2.671267721248353835e-02
8.599926142670797802e+00 5.970733252359003984e+01 -4.485204002628480624e-01
4.270209687772485552e+00 5.324391055993736899e+01 9.997699772027123233e-01
9.925919524655487436e+00 2.951533434846276194e+01 7.582879175323398169e-01
2.807003836258654683e+00 8.291501165089330527e+01 3.297505800032171641e-01
8.343248121935380013e+00 4.917034522447481493e+01 8.683456179685983267e-01
9.120699482762276489e+00 4.670251555492099982e+01 -9.714674707614580074e-01
1.072510852299584982e+00 5.458458651957892727e+01 2.445846572871143432e-01
8.082745596746891081e+00 4.921989805126004569e+01 9.591729081522166744e-01
3.907287946322020922e+00 7.425138861041838823e+01 -3.202317521109341314e-01
4.818160845789638103e+00 7.728192203375895986e+01 7.687715895231905794e-02
5.927748539990188803e+00 3.701902384074465147e+01 -7.661586195717285941e-01
8.386152109505816910e+00 1.547987835486611097e+01 -1.069260940882520161e-01
7.006626973175176687e+00 1.791363973131890930e+01 -9.959955573016753272e-01
7.162888899512003249e+00 2.965631914128882229e+01 1.520482546583096228e-01
4.288664181496817385e+00 3.100020789729049753e+01 5.468320843601484071e-01
7.662175915277360083e+00 2.147997815219843787e+01 9.432402808312847498e-01
9.532993824959811846e+00 9.843421960839134499e+01 -9.682704525793179862e-01
8.104628042379886210e+00 5.466054206795169534e+01 -5.222461220348109112e-01
9.001231237286191345e+00 9.860297445323291754e+01 -9.613326210528657656e-01
8.237210090453958244e+00 5.425302408168710144e+01 2.667726591516513257e-01
8.024421443016569455e+00 6.643832784202376729e+01 -9.686168749545380763e-01
9.141908355477138315e+00 5.024301831861661327e+01 -6.810349828458770460e-01
2.985744050590198873e-01 5.831566604125180220e+01 -9.724826188618620471e-01
7.659639055328497648e+00 3.184206715563853152e+01 -6.421230846495199485e-01
1.504886761899635106e+00 9.825423950767411441e+01 -4.305661335727484218e-01
9.334549001130197254e+00 8.107429309894547487e+01 -9.468418295567224696e-01
6.836707821319660816e+00 2.860796638424499960e+01 2.837472970949818651e-01
3.240166553692173768e+00 2.969607818979331526e+01 8.452292410050841198e-01
3.955065372655269140e+00 2.644453218440141029e+01 -3.249038726961289703e-01
6.226015932366271599e+00 4.927394783555706681e+01 -9.999770111768994107e-01
7.611607794910529634e+00 9.685307464133181554e+01 9.196454658717150288e-01
4.438633152481544997e+00 7.232109615853538287e+01 3.967794530081337201e-01
7.826870401644703268e-01 4.638484127185446937e+01 -9.947470973770616842e-01
9.135390211377835357e+00 4.313433275023687230e+01 9.828507369642334179e-01
7.545974117864122199e+00 1.729930063886066804e+01 -3.776873876786200901e-01
4.019606565791345787e+00 7.435105860034667558e+01 -9.872179685787789705e-01
5.408845426577363114e+00 7.343289555526733636e+01 -9.990119074596450766e-01
5.115733645135861707e+00 5.460638547894230044e+01 9.004023301635943888e-01
8.955105305696745788e+00 5.842235231542141527e+00 6.744586947089417084e-01
7.993874677861989575e-01 9.755948150723386902e+01 9.281261902538184838e-01
1.094874544402844707e+00 2.489240686562328975e+01 8.102120355323709777e-01
7.752652420763321395e+00 9.893383090967208204e+01 -3.852976593063786592e-01
4.900984746986422280e+00 6.479973144068095792e+01 -8.404805484523613091e-01
3.404721497413334852e+00 7.269460260613840319e+01 9.440358970940060379e-01
4.582474368272809961e+00 5.873274450984896333e+01 -9.895593035970519091e-01
7.444816431630256304e+00 4.684265921995175574e+01 9.733598556615226105e-01
7.561253660748954886e+00 5.848715455527241858e+01 -9.514031036034545918e-01
6.307241741929153989e+00 8.808161276879752677e+01 2.639886358641873043e-01
5.273992649102549279e+00 7.048719742282351319e+01 -4.610092190322272465e-01
2.972002758936219013e+00 8.727681248563727934e+01 6.682877704775554983e-01
3.665679833430576906e+00 6.935625635433953562e+01 4.878579964437716743e-02
8.046278657728995753e+00 4.791741477444166009e+01 -9.204778384328283769e-01
7.411873672328218809e+00 6.324290678438956093e+00 -3.989748723539892628e-01
3.579019600098780174e+00 4.665331462986526390e+01 -5.610844280486207980e-01
7.638061142037646967e+00 5.900181321452953398e+01 6.294537287385981728e-01
1.827653729882555256e+00 2.817435380680456092e+01 4.758598857011605010e-01
5.265829849528822493e+00 6.093181172022450198e+01 6.816625530401141386e-01
2.467806216655688889e+00 2.480712849115928975e+01 -9.992480534141012782e-01
3.734781456598288418e+00 6.265583012595135415e+01 9.932364611030395363e-01
5.491775544248999052e-01 7.189936948901187463e+01 9.876663090266554201e-01
3.117293549355242277e+00 2.139107929841486566e+01 -8.835436221883591346e-01
2.422984653432869173e+00 3.948787917542285086e+00 -5.023015787409473160e-02
8.418701272638934086e+00 7.218419461186539365e+01 -9.629150905061497623e-01
1.419555635248582748e-01 2.237716755400511204e+01 -3.833438920737977651e-02
